codice,comuneLabel,art
001199,Pont Canavese,https://it.wikipedia.org/wiki/Pont_Canavese
001200,Porte,https://it.wikipedia.org/wiki/Porte_(Italia)
001201,Pragelato,https://it.wikipedia.org/wiki/Pragelato
001202,Prali,https://it.wikipedia.org/wiki/Prali
001203,Pralormo,https://it.wikipedia.org/wiki/Pralormo
001204,Pramollo,https://it.wikipedia.org/wiki/Pramollo
001205,Prarostino,https://it.wikipedia.org/wiki/Prarostino
001206,Prascorsano,https://it.wikipedia.org/wiki/Prascorsano
001207,Pratiglione,https://it.wikipedia.org/wiki/Pratiglione
001305,Villar Focchiardo,https://it.wikipedia.org/wiki/Villar_Focchiardo
001306,Villar Pellice,https://it.wikipedia.org/wiki/Villar_Pellice
001096,Cuceglio,https://it.wikipedia.org/wiki/Cuceglio
001097,Cumiana,https://it.wikipedia.org/wiki/Cumiana
001208,Quagliuzzo,https://it.wikipedia.org/wiki/Quagliuzzo
001209,Quassolo,https://it.wikipedia.org/wiki/Quassolo
001307,Villar Perosa,https://it.wikipedia.org/wiki/Villar_Perosa
001302,Villarbasse,https://it.wikipedia.org/wiki/Villarbasse
001098,Cuorgnè,https://it.wikipedia.org/wiki/Cuorgn%C3%A8
001099,Druento,https://it.wikipedia.org/wiki/Druento
001304,Villareggia,https://it.wikipedia.org/wiki/Villareggia
001210,Quincinetto,https://it.wikipedia.org/wiki/Quincinetto
001211,Reano,https://it.wikipedia.org/wiki/Reano
001100,Exilles,https://it.wikipedia.org/wiki/Exilles
001308,Villastellone,https://it.wikipedia.org/wiki/Villastellone
001309,Vinovo,https://it.wikipedia.org/wiki/Vinovo
001212,Ribordone,https://it.wikipedia.org/wiki/Ribordone
001215,Riva presso Chieri,https://it.wikipedia.org/wiki/Riva_presso_Chieri
001213,Rivalba,https://it.wikipedia.org/wiki/Rivalba
001310,Virle Piemonte,https://it.wikipedia.org/wiki/Virle_Piemonte
001311,Vische,https://it.wikipedia.org/wiki/Vische
001101,Favria,https://it.wikipedia.org/wiki/Favria
001102,Feletto,https://it.wikipedia.org/wiki/Feletto
001313,Viù,https://it.wikipedia.org/wiki/Vi%C3%B9
001312,Vistrorio,https://it.wikipedia.org/wiki/Vistrorio
001103,Fenestrelle,https://it.wikipedia.org/wiki/Fenestrelle
001104,Fiano,https://it.wikipedia.org/wiki/Fiano
036040,Sassuolo,https://it.wikipedia.org/wiki/Sassuolo
058091,Roma,https://it.wikipedia.org/wiki/Roma
001314,Volpiano,https://it.wikipedia.org/wiki/Volpiano
001315,Volvera,https://it.wikipedia.org/wiki/Volvera
001105,Fiorano Canavese,https://it.wikipedia.org/wiki/Fiorano_Canavese
001106,Foglizzo,https://it.wikipedia.org/wiki/Foglizzo
011015,La Spezia,https://it.wikipedia.org/wiki/La_Spezia
001214,Rivalta di Torino,https://it.wikipedia.org/wiki/Rivalta_di_Torino
001216,Rivara,https://it.wikipedia.org/wiki/Rivara
036023,Modena,https://it.wikipedia.org/wiki/Modena
001107,Forno Canavese,https://it.wikipedia.org/wiki/Forno_Canavese
001108,Frassinetto,https://it.wikipedia.org/wiki/Frassinetto
091073,Posada,https://it.wikipedia.org/wiki/Posada
055032,Terni,https://it.wikipedia.org/wiki/Terni
001109,Front,https://it.wikipedia.org/wiki/Front
001217,Rivarolo Canavese,https://it.wikipedia.org/wiki/Rivarolo_Canavese
001218,Rivarossa,https://it.wikipedia.org/wiki/Rivarossa
055012,Ferentillo,https://it.wikipedia.org/wiki/Ferentillo
055013,Ficulle,https://it.wikipedia.org/wiki/Ficulle
015146,Milano,https://it.wikipedia.org/wiki/Milano
069046,Lanciano,https://it.wikipedia.org/wiki/Lanciano
055011,Fabro,https://it.wikipedia.org/wiki/Fabro
001110,Frossasco,https://it.wikipedia.org/wiki/Frossasco
001111,Garzigliana,https://it.wikipedia.org/wiki/Garzigliana
001219,Rivoli,https://it.wikipedia.org/wiki/Rivoli
001284,Val della Torre,https://it.wikipedia.org/wiki/Val_della_Torre
001001,Agliè,https://it.wikipedia.org/wiki/Agli%C3%A8
001112,Gassino Torinese,https://it.wikipedia.org/wiki/Gassino_Torinese
001113,Germagnano,https://it.wikipedia.org/wiki/Germagnano
055014,Giove,https://it.wikipedia.org/wiki/Giove_(Italia)
055015,Guardea,https://it.wikipedia.org/wiki/Guardea
001220,Robassomero,https://it.wikipedia.org/wiki/Robassomero
001221,Rocca Canavese,https://it.wikipedia.org/wiki/Rocca_Canavese
001272,Torino,https://it.wikipedia.org/wiki/Torino
001002,Airasca,https://it.wikipedia.org/wiki/Airasca
001003,Ala di Stura,https://it.wikipedia.org/wiki/Ala_di_Stura
001114,Giaglione,https://it.wikipedia.org/wiki/Giaglione
001115,Giaveno,https://it.wikipedia.org/wiki/Giaveno
001222,Roletto,https://it.wikipedia.org/wiki/Roletto
001223,Romano Canavese,https://it.wikipedia.org/wiki/Romano_Canavese
001116,Givoletto,https://it.wikipedia.org/wiki/Givoletto
001117,Gravere,https://it.wikipedia.org/wiki/Gravere
055016,Lugnano in Teverina,https://it.wikipedia.org/wiki/Lugnano_in_Teverina
055017,Montecastrilli,https://it.wikipedia.org/wiki/Montecastrilli
001224,Ronco Canavese,https://it.wikipedia.org/wiki/Ronco_Canavese
001225,Rondissone,https://it.wikipedia.org/wiki/Rondissone
001226,Rorà,https://it.wikipedia.org/wiki/Ror%C3%A0_(Italia)
001228,Rosta,https://it.wikipedia.org/wiki/Rosta
055018,Montecchio,https://it.wikipedia.org/wiki/Montecchio
055019,Montefranco,https://it.wikipedia.org/wiki/Montefranco
001004,Albiano d'Ivrea,https://it.wikipedia.org/wiki/Albiano_d%27Ivrea
055023,Orvieto,https://it.wikipedia.org/wiki/Orvieto
001118,Groscavallo,https://it.wikipedia.org/wiki/Groscavallo
055020,Montegabbione,https://it.wikipedia.org/wiki/Montegabbione
055021,Monteleone d'Orvieto,https://it.wikipedia.org/wiki/Monteleone_d%27Orvieto
001119,Grosso,https://it.wikipedia.org/wiki/Grosso_(Italia)
001120,Grugliasco,https://it.wikipedia.org/wiki/Grugliasco
032006,Trieste,https://it.wikipedia.org/wiki/Trieste
001227,Roure,https://it.wikipedia.org/wiki/Roure
001006,Almese,https://it.wikipedia.org/wiki/Almese
001007,Alpette,https://it.wikipedia.org/wiki/Alpette
001229,Rubiana,https://it.wikipedia.org/wiki/Rubiana
001230,Rueglio,https://it.wikipedia.org/wiki/Rueglio
001121,Ingria,https://it.wikipedia.org/wiki/Ingria_(Italia)
001122,Inverso Pinasca,https://it.wikipedia.org/wiki/Inverso_Pinasca
001008,Alpignano,https://it.wikipedia.org/wiki/Alpignano
001009,Andezeno,https://it.wikipedia.org/wiki/Andezeno
001123,Isolabella,https://it.wikipedia.org/wiki/Isolabella_(Piemonte)
001124,Issiglio,https://it.wikipedia.org/wiki/Issiglio
055022,Narni,https://it.wikipedia.org/wiki/Narni
055024,Otricoli,https://it.wikipedia.org/wiki/Otricoli
001231,Salassa,https://it.wikipedia.org/wiki/Salassa
001232,Salbertrand,https://it.wikipedia.org/wiki/Salbertrand
015046,Canegrate,https://it.wikipedia.org/wiki/Canegrate
001010,Andrate,https://it.wikipedia.org/wiki/Andrate
001011,Angrogna,https://it.wikipedia.org/wiki/Angrogna
028060,Padova,https://it.wikipedia.org/wiki/Padova
001233,Salerano Canavese,https://it.wikipedia.org/wiki/Salerano_Canavese
001234,Salza di Pinerolo,https://it.wikipedia.org/wiki/Salza_di_Pinerolo
001012,Arignano,https://it.wikipedia.org/wiki/Arignano
001013,Avigliana,https://it.wikipedia.org/wiki/Avigliana
016024,Bergamo,https://it.wikipedia.org/wiki/Bergamo
001125,Ivrea,https://it.wikipedia.org/wiki/Ivrea
001235,Samone,https://it.wikipedia.org/wiki/Samone_(Piemonte)
001236,San Benigno Canavese,https://it.wikipedia.org/wiki/San_Benigno_Canavese
055025,Parrano,https://it.wikipedia.org/wiki/Parrano
055026,Penna in Teverina,https://it.wikipedia.org/wiki/Penna_in_Teverina
001126,La Cassa,https://it.wikipedia.org/wiki/La_Cassa
001127,La Loggia,https://it.wikipedia.org/wiki/La_Loggia
027042,Venezia,https://it.wikipedia.org/wiki/Venezia
001014,Azeglio,https://it.wikipedia.org/wiki/Azeglio
001015,Bairo,https://it.wikipedia.org/wiki/Bairo
001237,San Carlo Canavese,https://it.wikipedia.org/wiki/San_Carlo_Canavese
001128,Lanzo Torinese,https://it.wikipedia.org/wiki/Lanzo_Torinese
001129,Lauriano,https://it.wikipedia.org/wiki/Lauriano
001016,Balangero,https://it.wikipedia.org/wiki/Balangero
055027,Polino,https://it.wikipedia.org/wiki/Polino
055028,Porano,https://it.wikipedia.org/wiki/Porano
001017,Baldissero Canavese,https://it.wikipedia.org/wiki/Baldissero_Canavese
001018,Baldissero Torinese,https://it.wikipedia.org/wiki/Baldissero_Torinese
001130,Leini,https://it.wikipedia.org/wiki/Leini
001131,Lemie,https://it.wikipedia.org/wiki/Lemie
001238,San Colombano Belmonte,https://it.wikipedia.org/wiki/San_Colombano_Belmonte
001239,San Didero,https://it.wikipedia.org/wiki/San_Didero
055029,San Gemini,https://it.wikipedia.org/wiki/San_Gemini
001019,Balme,https://it.wikipedia.org/wiki/Balme
001020,Banchette,https://it.wikipedia.org/wiki/Banchette
001240,San Francesco al Campo,https://it.wikipedia.org/wiki/San_Francesco_al_Campo
001242,San Germano Chisone,https://it.wikipedia.org/wiki/San_Germano_Chisone
001021,Barbania,https://it.wikipedia.org/wiki/Barbania
001022,Bardonecchia,https://it.wikipedia.org/wiki/Bardonecchia
001243,San Gillio,https://it.wikipedia.org/wiki/San_Gillio
001244,San Giorgio Canavese,https://it.wikipedia.org/wiki/San_Giorgio_Canavese
035032,Reggiolo,https://it.wikipedia.org/wiki/Reggiolo
001132,Lessolo,https://it.wikipedia.org/wiki/Lessolo
001245,San Giorio di Susa,https://it.wikipedia.org/wiki/San_Giorio_di_Susa
001246,San Giusto Canavese,https://it.wikipedia.org/wiki/San_Giusto_Canavese
055030,San Venanzo,https://it.wikipedia.org/wiki/San_Venanzo
055031,Stroncone,https://it.wikipedia.org/wiki/Stroncone
001023,Barone Canavese,https://it.wikipedia.org/wiki/Barone_Canavese
001133,Levone,https://it.wikipedia.org/wiki/Levone
001134,Locana,https://it.wikipedia.org/wiki/Locana
065116,Salerno,https://it.wikipedia.org/wiki/Salerno
001247,San Martino Canavese,https://it.wikipedia.org/wiki/San_Martino_Canavese
001135,Lombardore,https://it.wikipedia.org/wiki/Lombardore
001136,Lombriasco,https://it.wikipedia.org/wiki/Lombriasco
001248,San Maurizio Canavese,https://it.wikipedia.org/wiki/San_Maurizio_Canavese
001249,San Mauro Torinese,https://it.wikipedia.org/wiki/San_Mauro_Torinese
001024,Beinasco,https://it.wikipedia.org/wiki/Beinasco
001025,Bibiana,https://it.wikipedia.org/wiki/Bibiana
012026,Busto Arsizio,https://it.wikipedia.org/wiki/Busto_Arsizio
015250,Baranzate,https://it.wikipedia.org/wiki/Baranzate
033005,Bobbio,https://it.wikipedia.org/wiki/Bobbio
001026,Bobbio Pellice,https://it.wikipedia.org/wiki/Bobbio_Pellice
001027,Bollengo,https://it.wikipedia.org/wiki/Bollengo
013075,Como,https://it.wikipedia.org/wiki/Como
001250,San Pietro Val Lemina,https://it.wikipedia.org/wiki/San_Pietro_Val_Lemina
001251,San Ponso,https://it.wikipedia.org/wiki/San_Ponso
093028,Morsano al Tagliamento,https://it.wikipedia.org/wiki/Morsano_al_Tagliamento
015027,Bollate,https://it.wikipedia.org/wiki/Bollate
001137,Loranzè,https://it.wikipedia.org/wiki/Loranz%C3%A8
001139,Luserna San Giovanni,https://it.wikipedia.org/wiki/Luserna_San_Giovanni
010025,Genova,https://it.wikipedia.org/wiki/Genova
001028,Borgaro Torinese,https://it.wikipedia.org/wiki/Borgaro_Torinese
001029,Borgiallo,https://it.wikipedia.org/wiki/Borgiallo
001252,San Raffaele Cimena,https://it.wikipedia.org/wiki/San_Raffaele_Cimena
001253,San Sebastiano da Po,https://it.wikipedia.org/wiki/San_Sebastiano_da_Po
001140,Lusernetta,https://it.wikipedia.org/wiki/Lusernetta
001141,Lusigliè,https://it.wikipedia.org/wiki/Lusigli%C3%A8
041044,Pesaro,https://it.wikipedia.org/wiki/Pesaro
001254,San Secondo di Pinerolo,https://it.wikipedia.org/wiki/San_Secondo_di_Pinerolo
001142,Macello,https://it.wikipedia.org/wiki/Macello_(Italia)
001143,Maglione,https://it.wikipedia.org/wiki/Maglione_(Italia)
043023,Macerata,https://it.wikipedia.org/wiki/Macerata
001030,Borgofranco d'Ivrea,https://it.wikipedia.org/wiki/Borgofranco_d%27Ivrea
001144,Marentino,https://it.wikipedia.org/wiki/Marentino
025021,Feltre,https://it.wikipedia.org/wiki/Feltre
067041,Teramo,https://it.wikipedia.org/wiki/Teramo
001241,Sangano,https://it.wikipedia.org/wiki/Sangano
001255,Sant'Ambrogio di Torino,https://it.wikipedia.org/wiki/Sant%27Ambrogio_di_Torino
069022,Chieti,https://it.wikipedia.org/wiki/Chieti
037006,Bologna,https://it.wikipedia.org/wiki/Bologna
001256,Sant'Antonino di Susa,https://it.wikipedia.org/wiki/Sant%27Antonino_di_Susa
001257,Santena,https://it.wikipedia.org/wiki/Santena
001031,Borgomasino,https://it.wikipedia.org/wiki/Borgomasino
001032,Borgone Susa,https://it.wikipedia.org/wiki/Borgone_Susa
109006,Fermo,https://it.wikipedia.org/wiki/Fermo_(Italia)
044066,San Benedetto del Tronto,https://it.wikipedia.org/wiki/San_Benedetto_del_Tronto
001033,Bosconero,https://it.wikipedia.org/wiki/Bosconero
001034,Brandizzo,https://it.wikipedia.org/wiki/Brandizzo
001145,Massello,https://it.wikipedia.org/wiki/Massello_(Italia)
001146,Mathi,https://it.wikipedia.org/wiki/Mathi
001259,Sauze d'Oulx,https://it.wikipedia.org/wiki/Sauze_d%27Oulx
001258,Sauze di Cesana,https://it.wikipedia.org/wiki/Sauze_di_Cesana
041013,Fano,https://it.wikipedia.org/wiki/Fano
042017,Fabriano,https://it.wikipedia.org/wiki/Fabriano
042021,Jesi,https://it.wikipedia.org/wiki/Jesi
001147,Mattie,https://it.wikipedia.org/wiki/Mattie
001148,Mazzè,https://it.wikipedia.org/wiki/Mazz%C3%A8
092009,Cagliari,https://it.wikipedia.org/wiki/Cagliari
001260,Scalenghe,https://it.wikipedia.org/wiki/Scalenghe
001035,Bricherasio,https://it.wikipedia.org/wiki/Bricherasio
001036,Brosso,https://it.wikipedia.org/wiki/Brosso
001149,Meana di Susa,https://it.wikipedia.org/wiki/Meana_di_Susa
001150,Mercenasco,https://it.wikipedia.org/wiki/Mercenasco
043013,Civitanova Marche,https://it.wikipedia.org/wiki/Civitanova_Marche
001261,Scarmagno,https://it.wikipedia.org/wiki/Scarmagno
001262,Sciolze,https://it.wikipedia.org/wiki/Sciolze
001037,Brozolo,https://it.wikipedia.org/wiki/Brozolo
001038,Bruino,https://it.wikipedia.org/wiki/Bruino
001152,Mezzenile,https://it.wikipedia.org/wiki/Mezzenile
001153,Mombello di Torino,https://it.wikipedia.org/wiki/Mombello_di_Torino
008031,Imperia,https://it.wikipedia.org/wiki/Imperia
001263,Sestriere,https://it.wikipedia.org/wiki/Sestriere
001264,Settimo Rottaro,https://it.wikipedia.org/wiki/Settimo_Rottaro
009056,Savona,https://it.wikipedia.org/wiki/Savona
001265,Settimo Torinese,https://it.wikipedia.org/wiki/Settimo_Torinese
087015,Catania,https://it.wikipedia.org/wiki/Catania
033032,Piacenza,https://it.wikipedia.org/wiki/Piacenza
001266,Settimo Vittone,https://it.wikipedia.org/wiki/Settimo_Vittone
001267,Sparone,https://it.wikipedia.org/wiki/Sparone
061022,Caserta,https://it.wikipedia.org/wiki/Caserta
001154,Mompantero,https://it.wikipedia.org/wiki/Mompantero
023091,Verona,https://it.wikipedia.org/wiki/Verona
001268,Strambinello,https://it.wikipedia.org/wiki/Strambinello
001269,Strambino,https://it.wikipedia.org/wiki/Strambino
001270,Susa,https://it.wikipedia.org/wiki/Susa_(Italia)
001155,Monastero di Lanzo,https://it.wikipedia.org/wiki/Monastero_di_Lanzo
001156,Moncalieri,https://it.wikipedia.org/wiki/Moncalieri
035033,Reggio Emilia,https://it.wikipedia.org/wiki/Reggio_Emilia
001271,Tavagnasco,https://it.wikipedia.org/wiki/Tavagnasco
001273,Torrazza Piemonte,https://it.wikipedia.org/wiki/Torrazza_Piemonte
001157,Moncenisio,https://it.wikipedia.org/wiki/Moncenisio_(Italia)
001158,Montaldo Torinese,https://it.wikipedia.org/wiki/Montaldo_Torinese
001039,Brusasco,https://it.wikipedia.org/wiki/Brusasco
001040,Bruzolo,https://it.wikipedia.org/wiki/Bruzolo
001274,Torre Canavese,https://it.wikipedia.org/wiki/Torre_Canavese
001275,Torre Pellice,https://it.wikipedia.org/wiki/Torre_Pellice
038008,Ferrara,https://it.wikipedia.org/wiki/Ferrara
001041,Buriasco,https://it.wikipedia.org/wiki/Buriasco
001159,Montalenghe,https://it.wikipedia.org/wiki/Montalenghe
001160,Montalto Dora,https://it.wikipedia.org/wiki/Montalto_Dora
039014,Ravenna,https://it.wikipedia.org/wiki/Ravenna
048017,Firenze,https://it.wikipedia.org/wiki/Firenze
001276,Trana,https://it.wikipedia.org/wiki/Trana
001278,Traversella,https://it.wikipedia.org/wiki/Traversella
001042,Burolo,https://it.wikipedia.org/wiki/Burolo
001043,Busano,https://it.wikipedia.org/wiki/Busano
040012,Forlì,https://it.wikipedia.org/wiki/Forl%C3%AC
067037,Roseto degli Abruzzi,https://it.wikipedia.org/wiki/Roseto_degli_Abruzzi
001161,Montanaro,https://it.wikipedia.org/wiki/Montanaro
099014,Rimini,https://it.wikipedia.org/wiki/Rimini
063049,Napoli,https://it.wikipedia.org/wiki/Napoli
045010,Massa,https://it.wikipedia.org/wiki/Massa_(Italia)
001279,Traves,https://it.wikipedia.org/wiki/Traves_(Italia)
001280,Trofarello,https://it.wikipedia.org/wiki/Trofarello
045003,Carrara,https://it.wikipedia.org/wiki/Carrara
001162,Monteu da Po,https://it.wikipedia.org/wiki/Monteu_da_Po
001163,Moriondo Torinese,https://it.wikipedia.org/wiki/Moriondo_Torinese
001281,Usseaux,https://it.wikipedia.org/wiki/Usseaux
001044,Bussoleno,https://it.wikipedia.org/wiki/Bussoleno
001045,Buttigliera Alta,https://it.wikipedia.org/wiki/Buttigliera_Alta
082053,Palermo,https://it.wikipedia.org/wiki/Palermo
001282,Usseglio,https://it.wikipedia.org/wiki/Usseglio
001283,Vaie,https://it.wikipedia.org/wiki/Vaie
001164,Nichelino,https://it.wikipedia.org/wiki/Nichelino
001165,Noasca,https://it.wikipedia.org/wiki/Noasca
001166,Nole,https://it.wikipedia.org/wiki/Nole
001167,Nomaglio,https://it.wikipedia.org/wiki/Nomaglio
046017,Lucca,https://it.wikipedia.org/wiki/Lucca
001285,Valgioie,https://it.wikipedia.org/wiki/Valgioie
001286,Vallo Torinese,https://it.wikipedia.org/wiki/Vallo_Torinese
001168,None,https://it.wikipedia.org/wiki/None_(Italia)
001169,Novalesa,https://it.wikipedia.org/wiki/Novalesa
001287,Valperga,https://it.wikipedia.org/wiki/Valperga_(Italia)
001288,Valprato Soana,https://it.wikipedia.org/wiki/Valprato_Soana
001046,Cafasse,https://it.wikipedia.org/wiki/Cafasse
001047,Caluso,https://it.wikipedia.org/wiki/Caluso
001170,Oglianico,https://it.wikipedia.org/wiki/Oglianico
001048,Cambiano,https://it.wikipedia.org/wiki/Cambiano
001049,Campiglione-Fenile,https://it.wikipedia.org/wiki/Campiglione-Fenile
050026,Pisa,https://it.wikipedia.org/wiki/Pisa
001289,Varisella,https://it.wikipedia.org/wiki/Varisella
001290,Vauda Canavese,https://it.wikipedia.org/wiki/Vauda_Canavese
047014,Pistoia,https://it.wikipedia.org/wiki/Pistoia
001171,Orbassano,https://it.wikipedia.org/wiki/Orbassano
001172,Orio Canavese,https://it.wikipedia.org/wiki/Orio_Canavese
100005,Prato,https://it.wikipedia.org/wiki/Prato_(Italia)
001173,Osasco,https://it.wikipedia.org/wiki/Osasco_(Italia)
001174,Osasio,https://it.wikipedia.org/wiki/Osasio
001050,Candia Canavese,https://it.wikipedia.org/wiki/Candia_Canavese
001051,Candiolo,https://it.wikipedia.org/wiki/Candiolo
001292,Venaria Reale,https://it.wikipedia.org/wiki/Venaria_Reale
001291,Venaus,https://it.wikipedia.org/wiki/Venaus
001293,Verolengo,https://it.wikipedia.org/wiki/Verolengo
051002,Arezzo,https://it.wikipedia.org/wiki/Arezzo
034027,Parma,https://it.wikipedia.org/wiki/Parma
001294,Verrua Savoia,https://it.wikipedia.org/wiki/Verrua_Savoia
001295,Vestignè,https://it.wikipedia.org/wiki/Vestign%C3%A8
001052,Canischio,https://it.wikipedia.org/wiki/Canischio
001175,Oulx,https://it.wikipedia.org/wiki/Oulx
001176,Ozegna,https://it.wikipedia.org/wiki/Ozegna
075035,Lecce,https://it.wikipedia.org/wiki/Lecce
001296,Vialfrè,https://it.wikipedia.org/wiki/Vialfr%C3%A8
001298,Vidracco,https://it.wikipedia.org/wiki/Vidracco
001177,Palazzo Canavese,https://it.wikipedia.org/wiki/Palazzo_Canavese
001178,Pancalieri,https://it.wikipedia.org/wiki/Pancalieri
056059,Viterbo,https://it.wikipedia.org/wiki/Viterbo
001179,Parella,https://it.wikipedia.org/wiki/Parella
001053,Cantalupa,https://it.wikipedia.org/wiki/Cantalupa
001054,Cantoira,https://it.wikipedia.org/wiki/Cantoira
068028,Pescara,https://it.wikipedia.org/wiki/Pescara
001299,Vigone,https://it.wikipedia.org/wiki/Vigone
001300,Villafranca Piemonte,https://it.wikipedia.org/wiki/Villafranca_Piemonte
057059,Rieti,https://it.wikipedia.org/wiki/Rieti
001301,Villanova Canavese,https://it.wikipedia.org/wiki/Villanova_Canavese
052032,Siena,https://it.wikipedia.org/wiki/Siena
001055,Caprie,https://it.wikipedia.org/wiki/Caprie
001056,Caravino,https://it.wikipedia.org/wiki/Caravino
059011,Latina,https://it.wikipedia.org/wiki/Latina
001180,Pavarolo,https://it.wikipedia.org/wiki/Pavarolo
001181,Pavone Canavese,https://it.wikipedia.org/wiki/Pavone_Canavese
001057,Carema,https://it.wikipedia.org/wiki/Carema
001058,Carignano,https://it.wikipedia.org/wiki/Carignano
041067,Urbino,https://it.wikipedia.org/wiki/Urbino
032001,Duino-Aurisina,https://it.wikipedia.org/wiki/Duino-Aurisina
032003,Muggia,https://it.wikipedia.org/wiki/Muggia
060038,Frosinone,https://it.wikipedia.org/wiki/Frosinone
001183,Pecetto Torinese,https://it.wikipedia.org/wiki/Pecetto_Torinese
001184,Perosa Argentina,https://it.wikipedia.org/wiki/Perosa_Argentina
030129,Udine,https://it.wikipedia.org/wiki/Udine
032004,San Dorligo della Valle,https://it.wikipedia.org/wiki/San_Dorligo_della_Valle
032005,Sgonico,https://it.wikipedia.org/wiki/Sgonico
001059,Carmagnola,https://it.wikipedia.org/wiki/Carmagnola
064008,Avellino,https://it.wikipedia.org/wiki/Avellino
001185,Perosa Canavese,https://it.wikipedia.org/wiki/Perosa_Canavese
001186,Perrero,https://it.wikipedia.org/wiki/Perrero
062008,Benevento,https://it.wikipedia.org/wiki/Benevento
006001,Acqui Terme,https://it.wikipedia.org/wiki/Acqui_Terme
001187,Pertusio,https://it.wikipedia.org/wiki/Pertusio
001188,Pessinetto,https://it.wikipedia.org/wiki/Pessinetto
007003,Aosta,https://it.wikipedia.org/wiki/Aosta
094023,Isernia,https://it.wikipedia.org/wiki/Isernia
071024,Foggia,https://it.wikipedia.org/wiki/Foggia
110002,Barletta,https://it.wikipedia.org/wiki/Barletta
001189,Pianezza,https://it.wikipedia.org/wiki/Pianezza
001060,Casalborgone,https://it.wikipedia.org/wiki/Casalborgone
001061,Cascinette d'Ivrea,https://it.wikipedia.org/wiki/Cascinette_d%27Ivrea
006002,Albera Ligure,https://it.wikipedia.org/wiki/Albera_Ligure
006004,Alfiano Natta,https://it.wikipedia.org/wiki/Alfiano_Natta
022205,Trento,https://it.wikipedia.org/wiki/Trento
001190,Pinasca,https://it.wikipedia.org/wiki/Pinasca
001191,Pinerolo,https://it.wikipedia.org/wiki/Pinerolo
006005,Alice Bel Colle,https://it.wikipedia.org/wiki/Alice_Bel_Colle
006007,Altavilla Monferrato,https://it.wikipedia.org/wiki/Altavilla_Monferrato
001192,Pino Torinese,https://it.wikipedia.org/wiki/Pino_Torinese
001193,Piobesi Torinese,https://it.wikipedia.org/wiki/Piobesi_Torinese
110001,Andria,https://it.wikipedia.org/wiki/Andria
006008,Alzano Scrivia,https://it.wikipedia.org/wiki/Alzano_Scrivia
006009,Arquata Scrivia,https://it.wikipedia.org/wiki/Arquata_Scrivia
001062,Caselette,https://it.wikipedia.org/wiki/Caselette
001063,Caselle Torinese,https://it.wikipedia.org/wiki/Caselle_Torinese
110009,Trani,https://it.wikipedia.org/wiki/Trani
006010,Avolasca,https://it.wikipedia.org/wiki/Avolasca
006011,Balzola,https://it.wikipedia.org/wiki/Balzola
042002,Ancona,https://it.wikipedia.org/wiki/Ancona
001194,Piossasco,https://it.wikipedia.org/wiki/Piossasco
001195,Piscina,https://it.wikipedia.org/wiki/Piscina_(Italia)
001064,Castagneto Po,https://it.wikipedia.org/wiki/Castagneto_Po
001065,Castagnole Piemonte,https://it.wikipedia.org/wiki/Castagnole_Piemonte
006012,Basaluzzo,https://it.wikipedia.org/wiki/Basaluzzo
006013,Bassignana,https://it.wikipedia.org/wiki/Bassignana
054039,Perugia,https://it.wikipedia.org/wiki/Perugia
001196,Piverone,https://it.wikipedia.org/wiki/Piverone
073027,Taranto,https://it.wikipedia.org/wiki/Taranto
074001,Brindisi,https://it.wikipedia.org/wiki/Brindisi
001197,Poirino,https://it.wikipedia.org/wiki/Poirino
001198,Pomaretto,https://it.wikipedia.org/wiki/Pomaretto
001066,Castellamonte,https://it.wikipedia.org/wiki/Castellamonte
001067,Castelnuovo Nigra,https://it.wikipedia.org/wiki/Castelnuovo_Nigra
006014,Belforte Monferrato,https://it.wikipedia.org/wiki/Belforte_Monferrato
018183,Volpara,https://it.wikipedia.org/wiki/Volpara
006015,Bergamasco,https://it.wikipedia.org/wiki/Bergamasco_(Italia)
006016,Berzano di Tortona,https://it.wikipedia.org/wiki/Berzano_di_Tortona
006017,Bistagno,https://it.wikipedia.org/wiki/Bistagno
006018,Borghetto di Borbera,https://it.wikipedia.org/wiki/Borghetto_di_Borbera
077014,Matera,https://it.wikipedia.org/wiki/Matera
001068,Castiglione Torinese,https://it.wikipedia.org/wiki/Castiglione_Torinese
066049,L'Aquila,https://it.wikipedia.org/wiki/L%27Aquila
070006,Campobasso,https://it.wikipedia.org/wiki/Campobasso
022112,Massimeno,https://it.wikipedia.org/wiki/Massimeno
022216,Vignola-Falesina,https://it.wikipedia.org/wiki/Vignola-Falesina
022164,Sagron Mis,https://it.wikipedia.org/wiki/Sagron_Mis
069103,Pietraferrazzana,https://it.wikipedia.org/wiki/Pietraferrazzana
069104,Fallo,https://it.wikipedia.org/wiki/Fallo_(Italia)
078045,Cosenza,https://it.wikipedia.org/wiki/Cosenza
102047,Vibo Valentia,https://it.wikipedia.org/wiki/Vibo_Valentia
006020,Borgo San Martino,https://it.wikipedia.org/wiki/Borgo_San_Martino
006019,Borgoratto Alessandrino,https://it.wikipedia.org/wiki/Borgoratto_Alessandrino
001069,Cavagnolo,https://it.wikipedia.org/wiki/Cavagnolo
001070,Cavour,https://it.wikipedia.org/wiki/Cavour_(Italia)
090064,Sassari,https://it.wikipedia.org/wiki/Sassari
001071,Cercenasco,https://it.wikipedia.org/wiki/Cercenasco
001072,Ceres,https://it.wikipedia.org/wiki/Ceres_(Italia)
006021,Bosco Marengo,https://it.wikipedia.org/wiki/Bosco_Marengo
006022,Bosio,https://it.wikipedia.org/wiki/Bosio
071053,Serracapriola,https://it.wikipedia.org/wiki/Serracapriola
071054,Stornara,https://it.wikipedia.org/wiki/Stornara
113017,Olbia,https://it.wikipedia.org/wiki/Olbia
006023,Bozzole,https://it.wikipedia.org/wiki/Bozzole
071055,Stornarella,https://it.wikipedia.org/wiki/Stornarella
071056,Torremaggiore,https://it.wikipedia.org/wiki/Torremaggiore
069077,Roio del Sangro,https://it.wikipedia.org/wiki/Roio_del_Sangro
071058,Troia,https://it.wikipedia.org/wiki/Troia_(Italia)
071059,Vico del Gargano,https://it.wikipedia.org/wiki/Vico_del_Gargano
001073,Ceresole Reale,https://it.wikipedia.org/wiki/Ceresole_Reale
001074,Cesana Torinese,https://it.wikipedia.org/wiki/Cesana_Torinese
006024,Brignano-Frascata,https://it.wikipedia.org/wiki/Brignano_Frascata
006025,Cabella Ligure,https://it.wikipedia.org/wiki/Cabella_Ligure
072006,Bari,https://it.wikipedia.org/wiki/Bari
006026,Camagna Monferrato,https://it.wikipedia.org/wiki/Camagna_Monferrato
006027,Camino,https://it.wikipedia.org/wiki/Camino_(Italia)
113025,Tempio Pausania,https://it.wikipedia.org/wiki/Tempio_Pausania
001075,Chialamberto,https://it.wikipedia.org/wiki/Chialamberto
001076,Chianocco,https://it.wikipedia.org/wiki/Chianocco
076063,Potenza,https://it.wikipedia.org/wiki/Potenza_(Italia)
071060,Vieste,https://it.wikipedia.org/wiki/Vieste
071061,Volturara Appula,https://it.wikipedia.org/wiki/Volturara_Appula
006028,Cantalupo Ligure,https://it.wikipedia.org/wiki/Cantalupo_Ligure
006029,Capriata d'Orba,https://it.wikipedia.org/wiki/Capriata_d%27Orba
071062,Volturino,https://it.wikipedia.org/wiki/Volturino
071064,Zapponeta,https://it.wikipedia.org/wiki/Zapponeta
114027,Nuoro,https://it.wikipedia.org/wiki/Nuoro
006030,Carbonara Scrivia,https://it.wikipedia.org/wiki/Carbonara_Scrivia
006031,Carentino,https://it.wikipedia.org/wiki/Carentino
069053,Montelapiano,https://it.wikipedia.org/wiki/Montelapiano
069009,Montebello sul Sangro,https://it.wikipedia.org/wiki/Montebello_sul_Sangro
001077,Chiaverano,https://it.wikipedia.org/wiki/Chiaverano
006032,Carezzano,https://it.wikipedia.org/wiki/Carezzano
006033,Carpeneto,https://it.wikipedia.org/wiki/Carpeneto
073001,Avetrana,https://it.wikipedia.org/wiki/Avetrana
073002,Carosino,https://it.wikipedia.org/wiki/Carosino
095038,Oristano,https://it.wikipedia.org/wiki/Oristano
001078,Chieri,https://it.wikipedia.org/wiki/Chieri
001079,Chiesanuova,https://it.wikipedia.org/wiki/Chiesanuova_(Italia)
006034,Carrega Ligure,https://it.wikipedia.org/wiki/Carrega_Ligure
006035,Carrosio,https://it.wikipedia.org/wiki/Carrosio
073003,Castellaneta,https://it.wikipedia.org/wiki/Castellaneta
073004,Crispiano,https://it.wikipedia.org/wiki/Crispiano
069052,Monteferrante,https://it.wikipedia.org/wiki/Monteferrante
018172,Velezzo Lomellina,https://it.wikipedia.org/wiki/Velezzo_Lomellina
117015,Sanluri,https://it.wikipedia.org/wiki/Sanluri
117025,Villacidro,https://it.wikipedia.org/wiki/Villacidro
001080,Chiomonte,https://it.wikipedia.org/wiki/Chiomonte
001081,Chiusa di San Michele,https://it.wikipedia.org/wiki/Chiusa_di_San_Michele
091037,Lanusei,https://it.wikipedia.org/wiki/Lanusei
073005,Faggiano,https://it.wikipedia.org/wiki/Faggiano
073006,Fragagnano,https://it.wikipedia.org/wiki/Fragagnano
073007,Ginosa,https://it.wikipedia.org/wiki/Ginosa
073008,Grottaglie,https://it.wikipedia.org/wiki/Grottaglie
091095,Tortolì,https://it.wikipedia.org/wiki/Tortol%C3%AC
119003,Carbonia,https://it.wikipedia.org/wiki/Carbonia
006036,Cartosio,https://it.wikipedia.org/wiki/Cartosio
006037,Casal Cermelli,https://it.wikipedia.org/wiki/Casal_Cermelli
001082,Chivasso,https://it.wikipedia.org/wiki/Chivasso
001083,Ciconio,https://it.wikipedia.org/wiki/Ciconio
073009,Laterza,https://it.wikipedia.org/wiki/Laterza_(Italia)
073010,Leporano,https://it.wikipedia.org/wiki/Leporano
073011,Lizzano,https://it.wikipedia.org/wiki/Lizzano
073012,Manduria,https://it.wikipedia.org/wiki/Manduria
018125,Rocca de' Giorgi,https://it.wikipedia.org/wiki/Rocca_de%27_Giorgi
018178,Villa Biscossi,https://it.wikipedia.org/wiki/Villa_Biscossi
119009,Iglesias,https://it.wikipedia.org/wiki/Iglesias_(Italia)
001084,Cintano,https://it.wikipedia.org/wiki/Cintano
081021,Trapani,https://it.wikipedia.org/wiki/Trapani
006040,Casalnoceto,https://it.wikipedia.org/wiki/Casalnoceto
006041,Casasco,https://it.wikipedia.org/wiki/Casasco
006038,Casaleggio Boiro,https://it.wikipedia.org/wiki/Casaleggio_Boiro
018025,Calvignano,https://it.wikipedia.org/wiki/Calvignano
083048,Messina,https://it.wikipedia.org/wiki/Messina
073013,Martina Franca,https://it.wikipedia.org/wiki/Martina_Franca
073014,Maruggio,https://it.wikipedia.org/wiki/Maruggio
073015,Massafra,https://it.wikipedia.org/wiki/Massafra
073016,Monteiasi,https://it.wikipedia.org/wiki/Monteiasi
006191,Cassano Spinola,https://it.wikipedia.org/wiki/Cassano_Spinola
006043,Cassine,https://it.wikipedia.org/wiki/Cassine
006044,Cassinelle,https://it.wikipedia.org/wiki/Cassinelle
006045,Castellania Coppi,https://it.wikipedia.org/wiki/Castellania_Coppi
073017,Montemesola,https://it.wikipedia.org/wiki/Montemesola
073018,Monteparano,https://it.wikipedia.org/wiki/Monteparano
001086,Cirié,https://it.wikipedia.org/wiki/Ciri%C3%A9
001085,Cinzano,https://it.wikipedia.org/wiki/Cinzano_(comune)
073019,Mottola,https://it.wikipedia.org/wiki/Mottola
073020,Palagianello,https://it.wikipedia.org/wiki/Palagianello
001087,Claviere,https://it.wikipedia.org/wiki/Claviere
001088,Coassolo Torinese,https://it.wikipedia.org/wiki/Coassolo_Torinese
103072,Verbania,https://it.wikipedia.org/wiki/Verbania
089017,Siracusa,https://it.wikipedia.org/wiki/Siracusa
006046,Castellar Guidobono,https://it.wikipedia.org/wiki/Castellar_Guidobono
006047,Castellazzo Bormida,https://it.wikipedia.org/wiki/Castellazzo_Bormida
006050,Castelletto Merli,https://it.wikipedia.org/wiki/Castelletto_Merli
006051,Castelletto Monferrato,https://it.wikipedia.org/wiki/Castelletto_Monferrato
073021,Palagiano,https://it.wikipedia.org/wiki/Palagiano
073022,Pulsano,https://it.wikipedia.org/wiki/Pulsano
006048,Castelletto d'Erro,https://it.wikipedia.org/wiki/Castelletto_d%27Erro
006049,Castelletto d'Orba,https://it.wikipedia.org/wiki/Castelletto_d%27Orba
073023,Roccaforzata,https://it.wikipedia.org/wiki/Roccaforzata
073024,San Giorgio Ionico,https://it.wikipedia.org/wiki/San_Giorgio_Ionico
073025,San Marzano di San Giuseppe,https://it.wikipedia.org/wiki/San_Marzano_di_San_Giuseppe
073026,Sava,https://it.wikipedia.org/wiki/Sava_(Italia)
079023,Catanzaro,https://it.wikipedia.org/wiki/Catanzaro
082079,Villabate,https://it.wikipedia.org/wiki/Villabate
088009,Ragusa,https://it.wikipedia.org/wiki/Ragusa
006052,Castelnuovo Bormida,https://it.wikipedia.org/wiki/Castelnuovo_Bormida
073029,Statte,https://it.wikipedia.org/wiki/Statte
073028,Torricella,https://it.wikipedia.org/wiki/Torricella
084001,Agrigento,https://it.wikipedia.org/wiki/Agrigento
001089,Coazze,https://it.wikipedia.org/wiki/Coazze
001090,Collegno,https://it.wikipedia.org/wiki/Collegno
006053,Castelnuovo Scrivia,https://it.wikipedia.org/wiki/Castelnuovo_Scrivia
006054,Castelspina,https://it.wikipedia.org/wiki/Castelspina
085004,Caltanissetta,https://it.wikipedia.org/wiki/Caltanissetta
051001,Anghiari,https://it.wikipedia.org/wiki/Anghiari
051003,Badia Tedalda,https://it.wikipedia.org/wiki/Badia_Tedalda
006055,Cavatore,https://it.wikipedia.org/wiki/Cavatore
006056,Cella Monte,https://it.wikipedia.org/wiki/Cella_Monte
051004,Bibbiena,https://it.wikipedia.org/wiki/Bibbiena
051005,Bucine,https://it.wikipedia.org/wiki/Bucine
001091,Colleretto Castelnuovo,https://it.wikipedia.org/wiki/Colleretto_Castelnuovo
051006,Capolona,https://it.wikipedia.org/wiki/Capolona
051007,Caprese Michelangelo,https://it.wikipedia.org/wiki/Caprese_Michelangelo
006057,Cereseto,https://it.wikipedia.org/wiki/Cereseto
006058,Cerreto Grue,https://it.wikipedia.org/wiki/Cerreto_Grue
082003,Aliminusa,https://it.wikipedia.org/wiki/Aliminusa
082076,Valledolmo,https://it.wikipedia.org/wiki/Valledolmo
051008,Castel Focognano,https://it.wikipedia.org/wiki/Castel_Focognano
001092,Colleretto Giacosa,https://it.wikipedia.org/wiki/Colleretto_Giacosa
001093,Condove,https://it.wikipedia.org/wiki/Condove
082063,San Cipirello,https://it.wikipedia.org/wiki/San_Cipirello
082082,Blufi,https://it.wikipedia.org/wiki/Blufi
051010,Castel San Niccolò,https://it.wikipedia.org/wiki/Castel_San_Niccol%C3%B2
051011,Castiglion Fibocchi,https://it.wikipedia.org/wiki/Castiglion_Fibocchi
001094,Corio,https://it.wikipedia.org/wiki/Corio
001095,Cossano Canavese,https://it.wikipedia.org/wiki/Cossano_Canavese
005017,Canelli,https://it.wikipedia.org/wiki/Canelli
005018,Cantarana,https://it.wikipedia.org/wiki/Cantarana
005019,Capriglio,https://it.wikipedia.org/wiki/Capriglio
005020,Casorzo Monferrato,https://it.wikipedia.org/wiki/Casorzo_Monferrato
005021,Cassinasco,https://it.wikipedia.org/wiki/Cassinasco
005023,Castagnole Monferrato,https://it.wikipedia.org/wiki/Castagnole_Monferrato
086009,Enna,https://it.wikipedia.org/wiki/Enna
006039,Casale Monferrato,https://it.wikipedia.org/wiki/Casale_Monferrato
005022,Castagnole delle Lanze,https://it.wikipedia.org/wiki/Castagnole_delle_Lanze
005024,Castel Boglione,https://it.wikipedia.org/wiki/Castel_Boglione
006059,Cerrina,https://it.wikipedia.org/wiki/Cerrina_Monferrato
006060,Coniolo,https://it.wikipedia.org/wiki/Coniolo
051012,Castiglion Fiorentino,https://it.wikipedia.org/wiki/Castiglion_Fiorentino
051013,Cavriglia,https://it.wikipedia.org/wiki/Cavriglia
026086,Treviso,https://it.wikipedia.org/wiki/Treviso
006061,Conzano,https://it.wikipedia.org/wiki/Conzano
006062,Costa Vescovato,https://it.wikipedia.org/wiki/Costa_Vescovato
005032,Castel Rocchero,https://it.wikipedia.org/wiki/Castel_Rocchero
005025,Castell'Alfero,https://it.wikipedia.org/wiki/Castell%27Alfero
005026,Castellero,https://it.wikipedia.org/wiki/Castellero
005027,Castelletto Molina,https://it.wikipedia.org/wiki/Castelletto_Molina
051014,Chitignano,https://it.wikipedia.org/wiki/Chitignano
051015,Chiusi della Verna,https://it.wikipedia.org/wiki/Chiusi_della_Verna
051016,Civitella in Val di Chiana,https://it.wikipedia.org/wiki/Civitella_in_Val_di_Chiana
006063,Cremolino,https://it.wikipedia.org/wiki/Cremolino
005028,Castello di Annone,https://it.wikipedia.org/wiki/Castello_di_Annone
005029,Castelnuovo Belbo,https://it.wikipedia.org/wiki/Castelnuovo_Belbo
051017,Cortona,https://it.wikipedia.org/wiki/Cortona
051018,Foiano della Chiana,https://it.wikipedia.org/wiki/Foiano_della_Chiana
006065,Denice,https://it.wikipedia.org/wiki/Denice
006066,Dernice,https://it.wikipedia.org/wiki/Dernice
006067,Fabbrica Curone,https://it.wikipedia.org/wiki/Fabbrica_Curone
006068,Felizzano,https://it.wikipedia.org/wiki/Felizzano
051020,Loro Ciuffenna,https://it.wikipedia.org/wiki/Loro_Ciuffenna
051021,Lucignano,https://it.wikipedia.org/wiki/Lucignano
004078,Cuneo,https://it.wikipedia.org/wiki/Cuneo
051022,Marciano della Chiana,https://it.wikipedia.org/wiki/Marciano_della_Chiana
051025,Monte San Savino,https://it.wikipedia.org/wiki/Monte_San_Savino
051023,Montemignaio,https://it.wikipedia.org/wiki/Montemignaio
005030,Castelnuovo Calcea,https://it.wikipedia.org/wiki/Castelnuovo_Calcea
051024,Monterchi,https://it.wikipedia.org/wiki/Monterchi
051026,Montevarchi,https://it.wikipedia.org/wiki/Montevarchi
006114,Novi Ligure,https://it.wikipedia.org/wiki/Novi_Ligure
006069,Fraconalto,https://it.wikipedia.org/wiki/Fraconalto
006070,Francavilla Bisio,https://it.wikipedia.org/wiki/Francavilla_Bisio
006071,Frascaro,https://it.wikipedia.org/wiki/Frascaro
006072,Frassinello Monferrato,https://it.wikipedia.org/wiki/Frassinello_Monferrato
005031,Castelnuovo Don Bosco,https://it.wikipedia.org/wiki/Castelnuovo_Don_Bosco
005033,Cellarengo,https://it.wikipedia.org/wiki/Cellarengo
005034,Celle Enomondo,https://it.wikipedia.org/wiki/Celle_Enomondo
005035,Cerreto d'Asti,https://it.wikipedia.org/wiki/Cerreto_d%27Asti
002158,Vercelli,https://it.wikipedia.org/wiki/Vercelli
006073,Frassineto Po,https://it.wikipedia.org/wiki/Frassineto_Po
006074,Fresonara,https://it.wikipedia.org/wiki/Fresonara
005036,Cerro Tanaro,https://it.wikipedia.org/wiki/Cerro_Tanaro
005037,Cessole,https://it.wikipedia.org/wiki/Cessole
006075,Frugarolo,https://it.wikipedia.org/wiki/Frugarolo
051027,Ortignano Raggiolo,https://it.wikipedia.org/wiki/Ortignano_Raggiolo
051030,Pieve Santo Stefano,https://it.wikipedia.org/wiki/Pieve_Santo_Stefano
075031,Gallipoli,https://it.wikipedia.org/wiki/Gallipoli
075032,Giuggianello,https://it.wikipedia.org/wiki/Giuggianello
051031,Poppi,https://it.wikipedia.org/wiki/Poppi
006076,Fubine Monferrato,https://it.wikipedia.org/wiki/Fubine_Monferrato
006077,Gabiano,https://it.wikipedia.org/wiki/Gabiano
075033,Giurdignano,https://it.wikipedia.org/wiki/Giurdignano
075034,Guagnano,https://it.wikipedia.org/wiki/Guagnano
075036,Lequile,https://it.wikipedia.org/wiki/Lequile
075037,Leverano,https://it.wikipedia.org/wiki/Leverano
051033,San Giovanni Valdarno,https://it.wikipedia.org/wiki/San_Giovanni_Valdarno
051034,Sansepolcro,https://it.wikipedia.org/wiki/Sansepolcro
005040,Cisterna d'Asti,https://it.wikipedia.org/wiki/Cisterna_d%27Asti
005041,Coazzolo,https://it.wikipedia.org/wiki/Coazzolo
005038,Chiusano d'Asti,https://it.wikipedia.org/wiki/Chiusano_d%27Asti
005039,Cinaglio,https://it.wikipedia.org/wiki/Cinaglio
006078,Gamalero,https://it.wikipedia.org/wiki/Gamalero
006079,Garbagna,https://it.wikipedia.org/wiki/Garbagna
005042,Cocconato,https://it.wikipedia.org/wiki/Cocconato
005044,Corsione,https://it.wikipedia.org/wiki/Corsione
055001,Acquasparta,https://it.wikipedia.org/wiki/Acquasparta
006081,Gavi,https://it.wikipedia.org/wiki/Gavi
006082,Giarole,https://it.wikipedia.org/wiki/Giarole
003106,Novara,https://it.wikipedia.org/wiki/Novara
055002,Allerona,https://it.wikipedia.org/wiki/Allerona
005045,Cortandone,https://it.wikipedia.org/wiki/Cortandone
005046,Cortanze,https://it.wikipedia.org/wiki/Cortanze
006083,Gremiasco,https://it.wikipedia.org/wiki/Gremiasco
006084,Grognardo,https://it.wikipedia.org/wiki/Grognardo
006085,Grondona,https://it.wikipedia.org/wiki/Grondona
006086,Guazzora,https://it.wikipedia.org/wiki/Guazzora
005048,Cortiglione,https://it.wikipedia.org/wiki/Cortiglione
005049,Cossombrato,https://it.wikipedia.org/wiki/Cossombrato
051035,Sestino,https://it.wikipedia.org/wiki/Sestino
051037,Subbiano,https://it.wikipedia.org/wiki/Subbiano
075038,Lizzanello,https://it.wikipedia.org/wiki/Lizzanello
075039,Maglie,https://it.wikipedia.org/wiki/Maglie
006087,Isola Sant'Antonio,https://it.wikipedia.org/wiki/Isola_Sant%27Antonio
006088,Lerma,https://it.wikipedia.org/wiki/Lerma_(Italia)
075040,Martano,https://it.wikipedia.org/wiki/Martano
075041,Martignano,https://it.wikipedia.org/wiki/Martignano
051038,Talla,https://it.wikipedia.org/wiki/Talla
051039,Terranuova Bracciolini,https://it.wikipedia.org/wiki/Terranuova_Bracciolini
006090,Malvicino,https://it.wikipedia.org/wiki/Malvicino
006091,Masio,https://it.wikipedia.org/wiki/Masio
075002,Alessano,https://it.wikipedia.org/wiki/Alessano
075003,Alezio,https://it.wikipedia.org/wiki/Alezio
055003,Alviano,https://it.wikipedia.org/wiki/Alviano
075044,Melissano,https://it.wikipedia.org/wiki/Melissano
075045,Melpignano,https://it.wikipedia.org/wiki/Melpignano
075042,Matino,https://it.wikipedia.org/wiki/Matino
075043,Melendugno,https://it.wikipedia.org/wiki/Melendugno
006092,Melazzo,https://it.wikipedia.org/wiki/Melazzo
006093,Merana,https://it.wikipedia.org/wiki/Merana
006094,Mirabello Monferrato,https://it.wikipedia.org/wiki/Mirabello_Monferrato
006095,Molare,https://it.wikipedia.org/wiki/Molare_(Italia)
005050,Costigliole d'Asti,https://it.wikipedia.org/wiki/Costigliole_d%27Asti
005051,Cunico,https://it.wikipedia.org/wiki/Cunico
006096,Molino dei Torti,https://it.wikipedia.org/wiki/Molino_dei_Torti
005052,Dusino San Michele,https://it.wikipedia.org/wiki/Dusino_San_Michele
005053,Ferrere,https://it.wikipedia.org/wiki/Ferrere
075004,Alliste,https://it.wikipedia.org/wiki/Alliste
075005,Andrano,https://it.wikipedia.org/wiki/Andrano
005054,Fontanile,https://it.wikipedia.org/wiki/Fontanile
075006,Aradeo,https://it.wikipedia.org/wiki/Aradeo
075007,Arnesano,https://it.wikipedia.org/wiki/Arnesano
006097,Mombello Monferrato,https://it.wikipedia.org/wiki/Mombello_Monferrato
006098,Momperone,https://it.wikipedia.org/wiki/Momperone
075008,Bagnolo del Salento,https://it.wikipedia.org/wiki/Bagnolo_del_Salento
075009,Botrugno,https://it.wikipedia.org/wiki/Botrugno
005055,Frinco,https://it.wikipedia.org/wiki/Frinco
005056,Grana Monferrato,https://it.wikipedia.org/wiki/Grana_Monferrato
006099,Moncestino,https://it.wikipedia.org/wiki/Moncestino
006100,Mongiardino Ligure,https://it.wikipedia.org/wiki/Mongiardino_Ligure
006003,Alessandria,https://it.wikipedia.org/wiki/Alessandria_(Italia)
075046,Miggiano,https://it.wikipedia.org/wiki/Miggiano
075047,Minervino di Lecce,https://it.wikipedia.org/wiki/Minervino_di_Lecce
005057,Grazzano Badoglio,https://it.wikipedia.org/wiki/Grazzano_Badoglio
005058,Incisa Scapaccino,https://it.wikipedia.org/wiki/Incisa_Scapaccino
075010,Calimera,https://it.wikipedia.org/wiki/Calimera
075011,Campi Salentina,https://it.wikipedia.org/wiki/Campi_Salentina
005005,Asti,https://it.wikipedia.org/wiki/Asti
075048,Monteroni di Lecce,https://it.wikipedia.org/wiki/Monteroni_di_Lecce
075049,Montesano Salentino,https://it.wikipedia.org/wiki/Montesano_Salentino
075012,Cannole,https://it.wikipedia.org/wiki/Cannole
075013,Caprarica di Lecce,https://it.wikipedia.org/wiki/Caprarica_di_Lecce
075014,Carmiano,https://it.wikipedia.org/wiki/Carmiano
075015,Carpignano Salentino,https://it.wikipedia.org/wiki/Carpignano_Salentino
005059,Isola d'Asti,https://it.wikipedia.org/wiki/Isola_d%27Asti
005060,Loazzolo,https://it.wikipedia.org/wiki/Loazzolo
075050,Morciano di Leuca,https://it.wikipedia.org/wiki/Morciano_di_Leuca
075051,Muro Leccese,https://it.wikipedia.org/wiki/Muro_Leccese
005061,Maranzana,https://it.wikipedia.org/wiki/Maranzana
005062,Maretto,https://it.wikipedia.org/wiki/Maretto
075016,Casarano,https://it.wikipedia.org/wiki/Casarano
075017,Castri di Lecce,https://it.wikipedia.org/wiki/Castri_di_Lecce
005063,Moasca,https://it.wikipedia.org/wiki/Moasca
005064,Mombaldone,https://it.wikipedia.org/wiki/Mombaldone
017029,Brescia,https://it.wikipedia.org/wiki/Brescia
075052,Nardò,https://it.wikipedia.org/wiki/Nard%C3%B2
075053,Neviano,https://it.wikipedia.org/wiki/Neviano
006101,Monleale,https://it.wikipedia.org/wiki/Monleale
006102,Montacuto,https://it.wikipedia.org/wiki/Montacuto
075018,Castrignano de' Greci,https://it.wikipedia.org/wiki/Castrignano_de%27_Greci
075019,Castrignano del Capo,https://it.wikipedia.org/wiki/Castrignano_del_Capo
019036,Cremona,https://it.wikipedia.org/wiki/Cremona
005065,Mombaruzzo,https://it.wikipedia.org/wiki/Mombaruzzo
005066,Mombercelli,https://it.wikipedia.org/wiki/Mombercelli
075054,Nociglia,https://it.wikipedia.org/wiki/Nociglia
075055,Novoli,https://it.wikipedia.org/wiki/Novoli
029030,Loreo,https://it.wikipedia.org/wiki/Loreo
029040,Rosolina,https://it.wikipedia.org/wiki/Rosolina
075096,Castro,https://it.wikipedia.org/wiki/Castro_(Puglia)
075020,Cavallino,https://it.wikipedia.org/wiki/Cavallino_(Italia)
005067,Monale,https://it.wikipedia.org/wiki/Monale
005068,Monastero Bormida,https://it.wikipedia.org/wiki/Monastero_Bormida
075056,Ortelle,https://it.wikipedia.org/wiki/Ortelle
075057,Otranto,https://it.wikipedia.org/wiki/Otranto
005069,Moncalvo,https://it.wikipedia.org/wiki/Moncalvo
005070,Moncucco Torinese,https://it.wikipedia.org/wiki/Moncucco_Torinese
097042,Lecco,https://it.wikipedia.org/wiki/Lecco
028034,Conselve,https://it.wikipedia.org/wiki/Conselve
029037,Polesella,https://it.wikipedia.org/wiki/Polesella
075021,Collepasso,https://it.wikipedia.org/wiki/Collepasso
075022,Copertino,https://it.wikipedia.org/wiki/Copertino
005071,Mongardino,https://it.wikipedia.org/wiki/Mongardino
005072,Montabone,https://it.wikipedia.org/wiki/Montabone
055004,Amelia,https://it.wikipedia.org/wiki/Amelia_(Italia)
098031,Lodi,https://it.wikipedia.org/wiki/Lodi
029031,Lusia,https://it.wikipedia.org/wiki/Lusia
029034,Papozze,https://it.wikipedia.org/wiki/Papozze
075058,Palmariggi,https://it.wikipedia.org/wiki/Palmariggi
075059,Parabita,https://it.wikipedia.org/wiki/Parabita
075023,Corigliano d'Otranto,https://it.wikipedia.org/wiki/Corigliano_d%27Otranto
075024,Corsano,https://it.wikipedia.org/wiki/Corsano
075025,Cursi,https://it.wikipedia.org/wiki/Cursi
075026,Cutrofiano,https://it.wikipedia.org/wiki/Cutrofiano
075027,Diso,https://it.wikipedia.org/wiki/Diso
028072,Rubano,https://it.wikipedia.org/wiki/Rubano
028093,Trebaseleghe,https://it.wikipedia.org/wiki/Trebaseleghe
075028,Gagliano del Capo,https://it.wikipedia.org/wiki/Gagliano_del_Capo
075029,Galatina,https://it.wikipedia.org/wiki/Galatina
075060,Patù,https://it.wikipedia.org/wiki/Pat%C3%B9
075061,Poggiardo,https://it.wikipedia.org/wiki/Poggiardo
020030,Mantova,https://it.wikipedia.org/wiki/Mantova
055005,Arrone,https://it.wikipedia.org/wiki/Arrone
005073,Montafia,https://it.wikipedia.org/wiki/Montafia
005074,Montaldo Scarampi,https://it.wikipedia.org/wiki/Montaldo_Scarampi
075097,Porto Cesareo,https://it.wikipedia.org/wiki/Porto_Cesareo
075063,Racale,https://it.wikipedia.org/wiki/Racale
005075,Montechiaro d'Asti,https://it.wikipedia.org/wiki/Montechiaro_d%27Asti
108033,Monza,https://it.wikipedia.org/wiki/Monza
075064,Ruffano,https://it.wikipedia.org/wiki/Ruffano
075065,Salice Salentino,https://it.wikipedia.org/wiki/Salice_Salentino
029029,Lendinara,https://it.wikipedia.org/wiki/Lendinara
028007,Arzergrande,https://it.wikipedia.org/wiki/Arzergrande
005076,Montegrosso d'Asti,https://it.wikipedia.org/wiki/Montegrosso_d%27Asti
005077,Montemagno Monferrato,https://it.wikipedia.org/wiki/Montemagno_Monferrato
028075,San Giorgio delle Pertiche,https://it.wikipedia.org/wiki/San_Giorgio_delle_Pertiche
029044,San Martino di Venezze,https://it.wikipedia.org/wiki/San_Martino_di_Venezze
028095,Urbana,https://it.wikipedia.org/wiki/Urbana
024061,Montecchio Maggiore,https://it.wikipedia.org/wiki/Montecchio_Maggiore
075030,Galatone,https://it.wikipedia.org/wiki/Galatone
075066,Salve,https://it.wikipedia.org/wiki/Salve_(Italia)
075095,San Cassiano,https://it.wikipedia.org/wiki/San_Cassiano_(Italia)
018110,Pavia,https://it.wikipedia.org/wiki/Pavia
028008,Bagnoli di Sopra,https://it.wikipedia.org/wiki/Bagnoli_di_Sopra
028009,Baone,https://it.wikipedia.org/wiki/Baone
075068,San Cesario di Lecce,https://it.wikipedia.org/wiki/San_Cesario_di_Lecce
075069,San Donato di Lecce,https://it.wikipedia.org/wiki/San_Donato_di_Lecce
075071,San Pietro in Lama,https://it.wikipedia.org/wiki/San_Pietro_in_Lama
075067,Sanarica,https://it.wikipedia.org/wiki/Sanarica
075070,Sannicola,https://it.wikipedia.org/wiki/Sannicola
005121,Montiglio Monferrato,https://it.wikipedia.org/wiki/Montiglio_Monferrato
005080,Nizza Monferrato,https://it.wikipedia.org/wiki/Nizza_Monferrato
024060,Montebello Vicentino,https://it.wikipedia.org/wiki/Montebello_Vicentino
024064,Montegalda,https://it.wikipedia.org/wiki/Montegalda
005081,Olmo Gentile,https://it.wikipedia.org/wiki/Olmo_Gentile
005082,Passerano Marmorito,https://it.wikipedia.org/wiki/Passerano_Marmorito
055006,Attigliano,https://it.wikipedia.org/wiki/Attigliano
075072,Santa Cesarea Terme,https://it.wikipedia.org/wiki/Santa_Cesarea_Terme
075073,Scorrano,https://it.wikipedia.org/wiki/Scorrano
024068,Montorso Vicentino,https://it.wikipedia.org/wiki/Montorso_Vicentino
024065,Montegaldella,https://it.wikipedia.org/wiki/Montegaldella
028029,Castelbaldo,https://it.wikipedia.org/wiki/Castelbaldo
028043,Granze,https://it.wikipedia.org/wiki/Granze
075074,Seclì,https://it.wikipedia.org/wiki/Secl%C3%AC
075075,Sogliano Cavour,https://it.wikipedia.org/wiki/Sogliano_Cavour
005083,Penango,https://it.wikipedia.org/wiki/Penango
005084,Piea,https://it.wikipedia.org/wiki/Piea
026041,Meduna di Livenza,https://it.wikipedia.org/wiki/Meduna_di_Livenza
024070,Mussolente,https://it.wikipedia.org/wiki/Mussolente
005085,Pino d'Asti,https://it.wikipedia.org/wiki/Pino_d%27Asti
005086,Piovà Massaia,https://it.wikipedia.org/wiki/Piov%C3%A0_Massaia
075076,Soleto,https://it.wikipedia.org/wiki/Soleto
075077,Specchia,https://it.wikipedia.org/wiki/Specchia
028099,Vigodarzere,https://it.wikipedia.org/wiki/Vigodarzere
029052,Porto Viro,https://it.wikipedia.org/wiki/Porto_Viro
005087,Portacomaro,https://it.wikipedia.org/wiki/Portacomaro
005088,Quaranti,https://it.wikipedia.org/wiki/Quaranti
075078,Spongano,https://it.wikipedia.org/wiki/Spongano
075079,Squinzano,https://it.wikipedia.org/wiki/Squinzano
014061,Sondrio,https://it.wikipedia.org/wiki/Sondrio
028002,Agna,https://it.wikipedia.org/wiki/Agna
028078,San Pietro in Gu,https://it.wikipedia.org/wiki/San_Pietro_in_Gu
075080,Sternatia,https://it.wikipedia.org/wiki/Sternatia
075081,Supersano,https://it.wikipedia.org/wiki/Supersano
023005,Badia Calavena,https://it.wikipedia.org/wiki/Badia_Calavena
024013,Bolzano Vicentino,https://it.wikipedia.org/wiki/Bolzano_Vicentino
012133,Varese,https://it.wikipedia.org/wiki/Varese
028030,Cervarese Santa Croce,https://it.wikipedia.org/wiki/Cervarese_Santa_Croce
028057,Montegrotto Terme,https://it.wikipedia.org/wiki/Montegrotto_Terme
024030,Chiuppano,https://it.wikipedia.org/wiki/Chiuppano
024046,Grisignano di Zocco,https://it.wikipedia.org/wiki/Grisignano_di_Zocco
075082,Surano,https://it.wikipedia.org/wiki/Surano
075083,Surbo,https://it.wikipedia.org/wiki/Surbo
028036,Curtarolo,https://it.wikipedia.org/wiki/Curtarolo
028073,Saccolongo,https://it.wikipedia.org/wiki/Saccolongo
028018,Campodoro,https://it.wikipedia.org/wiki/Campodoro
028103,Villafranca Padovana,https://it.wikipedia.org/wiki/Villafranca_Padovana
055033,Avigliano Umbro,https://it.wikipedia.org/wiki/Avigliano_Umbro
055007,Baschi,https://it.wikipedia.org/wiki/Baschi_(Italia)
075084,Taurisano,https://it.wikipedia.org/wiki/Taurisano
075085,Taviano,https://it.wikipedia.org/wiki/Taviano
005089,Refrancore,https://it.wikipedia.org/wiki/Refrancore
005090,Revigliasco d'Asti,https://it.wikipedia.org/wiki/Revigliasco_d%27Asti
075086,Tiggiano,https://it.wikipedia.org/wiki/Tiggiano
075087,Trepuzzi,https://it.wikipedia.org/wiki/Trepuzzi
028040,Galzignano Terme,https://it.wikipedia.org/wiki/Galzignano_Terme
028071,Rovolon,https://it.wikipedia.org/wiki/Rovolon
005091,Roatto,https://it.wikipedia.org/wiki/Roatto
005092,Robella,https://it.wikipedia.org/wiki/Robella
075088,Tricase,https://it.wikipedia.org/wiki/Tricase
075089,Tuglie,https://it.wikipedia.org/wiki/Tuglie
028042,Grantorto,https://it.wikipedia.org/wiki/Grantorto
028076,San Giorgio in Bosco,https://it.wikipedia.org/wiki/San_Giorgio_in_Bosco
055008,Calvi dell'Umbria,https://it.wikipedia.org/wiki/Calvi_dell%27Umbria
055009,Castel Giorgio,https://it.wikipedia.org/wiki/Castel_Giorgio
075090,Ugento,https://it.wikipedia.org/wiki/Ugento
075091,Uggiano la Chiesa,https://it.wikipedia.org/wiki/Uggiano_la_Chiesa
023002,Albaredo d’Adige,https://it.wikipedia.org/wiki/Albaredo_d%27Adige
023024,Cazzano di Tramigna,https://it.wikipedia.org/wiki/Cazzano_di_Tramigna
037002,Argelato,https://it.wikipedia.org/wiki/Argelato
075092,Veglie,https://it.wikipedia.org/wiki/Veglie
005093,Rocca d'Arazzo,https://it.wikipedia.org/wiki/Rocca_d%27Arazzo
005094,Roccaverano,https://it.wikipedia.org/wiki/Roccaverano
075093,Vernole,https://it.wikipedia.org/wiki/Vernole
075094,Zollino,https://it.wikipedia.org/wiki/Zollino
023010,Boschi Sant'Anna,https://it.wikipedia.org/wiki/Boschi_Sant%27Anna
024113,Valli del Pasubio,https://it.wikipedia.org/wiki/Valli_del_Pasubio
028054,Mestrino,https://it.wikipedia.org/wiki/Mestrino
028089,Teolo,https://it.wikipedia.org/wiki/Teolo
045001,Aulla,https://it.wikipedia.org/wiki/Aulla
045002,Bagnone,https://it.wikipedia.org/wiki/Bagnone
005095,Rocchetta Palafea,https://it.wikipedia.org/wiki/Rocchetta_Palafea
005096,Rocchetta Tanaro,https://it.wikipedia.org/wiki/Rocchetta_Tanaro
023013,Brentino Belluno,https://it.wikipedia.org/wiki/Brentino_Belluno
026072,San Fior,https://it.wikipedia.org/wiki/San_Fior
055010,Castel Viscardo,https://it.wikipedia.org/wiki/Castel_Viscardo
005097,San Damiano d'Asti,https://it.wikipedia.org/wiki/San_Damiano_d%27Asti
028047,Lozzo Atestino,https://it.wikipedia.org/wiki/Lozzo_Atestino
028063,Piazzola sul Brenta,https://it.wikipedia.org/wiki/Piazzola_sul_Brenta
005098,San Giorgio Scarampi,https://it.wikipedia.org/wiki/San_Giorgio_Scarampi
005099,San Martino Alfieri,https://it.wikipedia.org/wiki/San_Martino_Alfieri
005100,San Marzano Oliveto,https://it.wikipedia.org/wiki/San_Marzano_Oliveto
005101,San Paolo Solbrito,https://it.wikipedia.org/wiki/San_Paolo_Solbrito
005103,Scurzolengo,https://it.wikipedia.org/wiki/Scurzolengo
005104,Serole,https://it.wikipedia.org/wiki/Serole
028031,Cinto Euganeo,https://it.wikipedia.org/wiki/Cinto_Euganeo
028045,Limena,https://it.wikipedia.org/wiki/Limena
045004,Casola in Lunigiana,https://it.wikipedia.org/wiki/Casola_in_Lunigiana
045005,Comano,https://it.wikipedia.org/wiki/Comano_(Italia)
005105,Sessame,https://it.wikipedia.org/wiki/Sessame
005106,Settime,https://it.wikipedia.org/wiki/Settime
021008,Bolzano,https://it.wikipedia.org/wiki/Bolzano
005107,Soglio,https://it.wikipedia.org/wiki/Soglio_(Italia)
005108,Tigliole,https://it.wikipedia.org/wiki/Tigliole
045006,Filattiera,https://it.wikipedia.org/wiki/Filattiera
045007,Fivizzano,https://it.wikipedia.org/wiki/Fivizzano
024003,Alonte,https://it.wikipedia.org/wiki/Alonte
024086,Romano d'Ezzelino,https://it.wikipedia.org/wiki/Romano_d%27Ezzelino
028096,Veggiano,https://it.wikipedia.org/wiki/Veggiano
028020,Campo San Martino,https://it.wikipedia.org/wiki/Campo_San_Martino
024116,Vicenza,https://it.wikipedia.org/wiki/Vicenza
023021,Castel d'Azzano,https://it.wikipedia.org/wiki/Castel_d%27Azzano
026037,Mansuè,https://it.wikipedia.org/wiki/Mansu%C3%A8
045008,Fosdinovo,https://it.wikipedia.org/wiki/Fosdinovo
005109,Tonco,https://it.wikipedia.org/wiki/Tonco
005111,Vaglio Serra,https://it.wikipedia.org/wiki/Vaglio_Serra
045009,Licciana Nardi,https://it.wikipedia.org/wiki/Licciana_Nardi
045011,Montignoso,https://it.wikipedia.org/wiki/Montignoso
028091,Tombolo,https://it.wikipedia.org/wiki/Tombolo_(Italia)
029007,Bosaro,https://it.wikipedia.org/wiki/Bosaro
026033,Godega di Sant'Urbano,https://it.wikipedia.org/wiki/Godega_di_Sant%27Urbano
024072,Nogarole Vicentino,https://it.wikipedia.org/wiki/Nogarole_Vicentino
025006,Belluno,https://it.wikipedia.org/wiki/Belluno
028041,Gazzo,https://it.wikipedia.org/wiki/Gazzo
028048,Maserà di Padova,https://it.wikipedia.org/wiki/Maser%C3%A0_di_Padova
045012,Mulazzo,https://it.wikipedia.org/wiki/Mulazzo
045013,Podenzana,https://it.wikipedia.org/wiki/Podenzana
029036,Pincara,https://it.wikipedia.org/wiki/Pincara
029049,Villamarzana,https://it.wikipedia.org/wiki/Villamarzana
029028,Guarda Veneta,https://it.wikipedia.org/wiki/Guarda_Veneta
028069,Ponte San Nicolò,https://it.wikipedia.org/wiki/Ponte_San_Nicol%C3%B2
005112,Valfenera,https://it.wikipedia.org/wiki/Valfenera
005113,Vesime,https://it.wikipedia.org/wiki/Vesime
024010,Asigliano Veneto,https://it.wikipedia.org/wiki/Asigliano_Veneto
024037,Crespadoro,https://it.wikipedia.org/wiki/Crespadoro
005114,Viale,https://it.wikipedia.org/wiki/Viale_(Italia)
005115,Viarigi,https://it.wikipedia.org/wiki/Viarigi
028062,Piacenza d'Adige,https://it.wikipedia.org/wiki/Piacenza_d%27Adige
028082,Sant'Angelo di Piove di Sacco,https://it.wikipedia.org/wiki/Sant%27Angelo_di_Piove_di_Sacco
023029,Concamarise,https://it.wikipedia.org/wiki/Concamarise
024041,Foza,https://it.wikipedia.org/wiki/Foza
005116,Vigliano d'Asti,https://it.wikipedia.org/wiki/Vigliano_d%27Asti
005119,Villa San Secondo,https://it.wikipedia.org/wiki/Villa_San_Secondo
045014,Pontremoli,https://it.wikipedia.org/wiki/Pontremoli
045015,Tresana,https://it.wikipedia.org/wiki/Tresana
045016,Villafranca in Lunigiana,https://it.wikipedia.org/wiki/Villafranca_in_Lunigiana
029041,Rovigo,https://it.wikipedia.org/wiki/Rovigo
031007,Gorizia,https://it.wikipedia.org/wiki/Gorizia
093033,Pordenone,https://it.wikipedia.org/wiki/Pordenone
029005,Bagnolo di Po,https://it.wikipedia.org/wiki/Bagnolo_di_Po
028105,Vo',https://it.wikipedia.org/wiki/Vo%27
005117,Villafranca d'Asti,https://it.wikipedia.org/wiki/Villafranca_d%27Asti
005118,Villanova d'Asti,https://it.wikipedia.org/wiki/Villanova_d%27Asti
026019,Codogné,https://it.wikipedia.org/wiki/Codogn%C3%A8
024050,Lastebasse,https://it.wikipedia.org/wiki/Lastebasse
028106,Due Carrare,https://it.wikipedia.org/wiki/Due_Carrare
029051,Villanova Marchesana,https://it.wikipedia.org/wiki/Villanova_Marchesana
045017,Zeri,https://it.wikipedia.org/wiki/Zeri
077001,Accettura,https://it.wikipedia.org/wiki/Accettura
024029,Chiampo,https://it.wikipedia.org/wiki/Chiampo
024043,Gambellara,https://it.wikipedia.org/wiki/Gambellara
044007,Ascoli Piceno,https://it.wikipedia.org/wiki/Ascoli_Piceno
005120,Vinchio,https://it.wikipedia.org/wiki/Vinchio
077002,Aliano,https://it.wikipedia.org/wiki/Aliano
077003,Bernalda,https://it.wikipedia.org/wiki/Bernalda
029006,Bergantino,https://it.wikipedia.org/wiki/Bergantino
029027,Giacciano con Baruchella,https://it.wikipedia.org/wiki/Giacciano_con_Baruchella
040007,Cesena,https://it.wikipedia.org/wiki/Cesena
024094,San Pietro Mussolino,https://it.wikipedia.org/wiki/San_Pietro_Mussolino
024112,Valdastico,https://it.wikipedia.org/wiki/Valdastico
029012,Castelmassa,https://it.wikipedia.org/wiki/Castelmassa
029032,Melara,https://it.wikipedia.org/wiki/Melara
077004,Calciano,https://it.wikipedia.org/wiki/Calciano
077005,Cirigliano,https://it.wikipedia.org/wiki/Cirigliano
077006,Colobraro,https://it.wikipedia.org/wiki/Colobraro
077007,Craco,https://it.wikipedia.org/wiki/Craco
024021,Camisano Vicentino,https://it.wikipedia.org/wiki/Camisano_Vicentino
024040,Fara Vicentino,https://it.wikipedia.org/wiki/Fara_Vicentino
096001,Ailoche,https://it.wikipedia.org/wiki/Ailoche
028092,Torreglia,https://it.wikipedia.org/wiki/Torreglia
077008,Ferrandina,https://it.wikipedia.org/wiki/Ferrandina
077009,Garaguso,https://it.wikipedia.org/wiki/Garaguso
024062,Montecchio Precalcino,https://it.wikipedia.org/wiki/Montecchio_Precalcino
024121,Zovencedo,https://it.wikipedia.org/wiki/Zovencedo
077010,Gorgoglione,https://it.wikipedia.org/wiki/Gorgoglione
077011,Grassano,https://it.wikipedia.org/wiki/Grassano
077012,Grottole,https://it.wikipedia.org/wiki/Grottole
029008,Calto,https://it.wikipedia.org/wiki/Calto
029047,Trecenta,https://it.wikipedia.org/wiki/Trecenta
028015,Brugine,https://it.wikipedia.org/wiki/Brugine
029011,Castelguglielmo,https://it.wikipedia.org/wiki/Castelguglielmo
029017,Corbola,https://it.wikipedia.org/wiki/Corbola
028032,Cittadella,https://it.wikipedia.org/wiki/Cittadella_(Italia)
029024,Fratta Polesine,https://it.wikipedia.org/wiki/Fratta_Polesine
029048,Villadose,https://it.wikipedia.org/wiki/Villadose
028006,Arre,https://it.wikipedia.org/wiki/Arre
029042,Salara,https://it.wikipedia.org/wiki/Salara
024120,Zermeghedo,https://it.wikipedia.org/wiki/Zermeghedo
024014,Breganze,https://it.wikipedia.org/wiki/Breganze
024047,Grumolo delle Abbadesse,https://it.wikipedia.org/wiki/Grumolo_delle_Abbadesse
024115,Velo d'Astico,https://it.wikipedia.org/wiki/Velo_d%27Astico
077013,Irsina,https://it.wikipedia.org/wiki/Irsina
077015,Miglionico,https://it.wikipedia.org/wiki/Miglionico
101010,Crotone,https://it.wikipedia.org/wiki/Crotone
029002,Ariano nel Polesine,https://it.wikipedia.org/wiki/Ariano_nel_Polesine
029023,Frassinelle Polesine,https://it.wikipedia.org/wiki/Frassinelle_Polesine
028086,Selvazzano Dentro,https://it.wikipedia.org/wiki/Selvazzano_Dentro
028100,Vigonza,https://it.wikipedia.org/wiki/Vigonza
077016,Montalbano Jonico,https://it.wikipedia.org/wiki/Montalbano_Jonico
077017,Montescaglioso,https://it.wikipedia.org/wiki/Montescaglioso
028085,Saonara,https://it.wikipedia.org/wiki/Saonara
029015,Ceregnano,https://it.wikipedia.org/wiki/Ceregnano
029025,Gaiba,https://it.wikipedia.org/wiki/Gaiba
029033,Occhiobello,https://it.wikipedia.org/wiki/Occhiobello
024020,Calvene,https://it.wikipedia.org/wiki/Calvene
024025,Cartigliano,https://it.wikipedia.org/wiki/Cartigliano
048014,Empoli,https://it.wikipedia.org/wiki/Empoli
053011,Grosseto,https://it.wikipedia.org/wiki/Grosseto
077018,Nova Siri,https://it.wikipedia.org/wiki/Nova_Siri
077019,Oliveto Lucano,https://it.wikipedia.org/wiki/Oliveto_Lucano
028003,Albignasego,https://it.wikipedia.org/wiki/Albignasego
029021,Ficarolo,https://it.wikipedia.org/wiki/Ficarolo
029019,Crespino,https://it.wikipedia.org/wiki/Crespino
029026,Gavello,https://it.wikipedia.org/wiki/Gavello
077020,Pisticci,https://it.wikipedia.org/wiki/Pisticci
077021,Policoro,https://it.wikipedia.org/wiki/Policoro
024035,Costabissara,https://it.wikipedia.org/wiki/Costabissara
024106,Tonezza del Cimone,https://it.wikipedia.org/wiki/Tonezza_del_Cimone
063024,Castellammare di Stabia,https://it.wikipedia.org/wiki/Castellammare_di_Stabia
029003,Arquà Polesine,https://it.wikipedia.org/wiki/Arqu%C3%A0_Polesine
028084,Sant'Urbano,https://it.wikipedia.org/wiki/Sant%27Urbano_(Italia)
049009,Livorno,https://it.wikipedia.org/wiki/Livorno
024016,Bressanvido,https://it.wikipedia.org/wiki/Bressanvido
024028,Castelgomberto,https://it.wikipedia.org/wiki/Castelgomberto
028055,Monselice,https://it.wikipedia.org/wiki/Monselice
029045,Stienta,https://it.wikipedia.org/wiki/Stienta
028049,Masi,https://it.wikipedia.org/wiki/Masi_(Italia)
029043,San Bellino,https://it.wikipedia.org/wiki/San_Bellino_(Italia)
028001,Abano Terme,https://it.wikipedia.org/wiki/Abano_Terme
028056,Montagnana,https://it.wikipedia.org/wiki/Montagnana
080063,Reggio Calabria,https://it.wikipedia.org/wiki/Reggio_Calabria
096002,Andorno Micca,https://it.wikipedia.org/wiki/Andorno_Micca
096003,Benna,https://it.wikipedia.org/wiki/Benna_(Italia)
024015,Brendola,https://it.wikipedia.org/wiki/Brendola
026063,Preganziol,https://it.wikipedia.org/wiki/Preganziol
007002,Antey-Saint-André,https://it.wikipedia.org/wiki/Antey-Saint-Andr%C3%A9
028083,Sant'Elena,https://it.wikipedia.org/wiki/Sant%27Elena_(Italia)
096004,Biella,https://it.wikipedia.org/wiki/Biella
028037,Este,https://it.wikipedia.org/wiki/Este_(Italia)
007005,Arvier,https://it.wikipedia.org/wiki/Arvier
007006,Avise,https://it.wikipedia.org/wiki/Avise
029001,Adria,https://it.wikipedia.org/wiki/Adria
028064,Piombino Dese,https://it.wikipedia.org/wiki/Piombino_Dese
026048,Moriago della Battaglia,https://it.wikipedia.org/wiki/Moriago_della_Battaglia
024082,Pozzoleone,https://it.wikipedia.org/wiki/Pozzoleone
096005,Bioglio,https://it.wikipedia.org/wiki/Bioglio
096006,Borriana,https://it.wikipedia.org/wiki/Borriana
007004,Arnad,https://it.wikipedia.org/wiki/Arnad
007008,Aymavilles,https://it.wikipedia.org/wiki/Aymavilles
028017,Campodarsego,https://it.wikipedia.org/wiki/Campodarsego
028005,Arquà Petrarca,https://it.wikipedia.org/wiki/Arqu%C3%A0_Petrarca
024081,Pove del Grappa,https://it.wikipedia.org/wiki/Pove_del_Grappa
026077,San Zenone degli Ezzelini,https://it.wikipedia.org/wiki/San_Zenone_degli_Ezzelini
096007,Brusnengo,https://it.wikipedia.org/wiki/Brusnengo
096008,Callabiana,https://it.wikipedia.org/wiki/Callabiana
004116,Manta,https://it.wikipedia.org/wiki/Manta_(Italia)
004117,Marene,https://it.wikipedia.org/wiki/Marene
007009,Bard,https://it.wikipedia.org/wiki/Bard_(Italia)
028050,Massanzago,https://it.wikipedia.org/wiki/Massanzago
028068,Pontelongo,https://it.wikipedia.org/wiki/Pontelongo
054003,Bettona,https://it.wikipedia.org/wiki/Bettona
054004,Bevagna,https://it.wikipedia.org/wiki/Bevagna
096009,Camandona,https://it.wikipedia.org/wiki/Camandona
096010,Camburzano,https://it.wikipedia.org/wiki/Camburzano
026044,Monastier di Treviso,https://it.wikipedia.org/wiki/Monastier_di_Treviso
024088,Rossano Veneto,https://it.wikipedia.org/wiki/Rossano_Veneto
026059,Ponzano Veneto,https://it.wikipedia.org/wiki/Ponzano_Veneto
096086,Campiglia Cervo,https://it.wikipedia.org/wiki/Campiglia_Cervo
096012,Candelo,https://it.wikipedia.org/wiki/Candelo
023004,Arcole,https://it.wikipedia.org/wiki/Arcole
028004,Anguillara Veneta,https://it.wikipedia.org/wiki/Anguillara_Veneta
028097,Vescovana,https://it.wikipedia.org/wiki/Vescovana
007012,Brusson,https://it.wikipedia.org/wiki/Brusson_(Italia)
007013,Challand-Saint-Anselme,https://it.wikipedia.org/wiki/Challand-Saint-Anselme
054005,Campello sul Clitunno,https://it.wikipedia.org/wiki/Campello_sul_Clitunno
004118,Margarita,https://it.wikipedia.org/wiki/Margarita_(Italia)
096013,Caprile,https://it.wikipedia.org/wiki/Caprile
096014,Casapinta,https://it.wikipedia.org/wiki/Casapinta
029010,Canda,https://it.wikipedia.org/wiki/Canda
028039,Galliera Veneta,https://it.wikipedia.org/wiki/Galliera_Veneta
024079,Pojana Maggiore,https://it.wikipedia.org/wiki/Pojana_Maggiore
026066,Resana,https://it.wikipedia.org/wiki/Resana
096015,Castelletto Cervo,https://it.wikipedia.org/wiki/Castelletto_Cervo
096016,Cavaglià,https://it.wikipedia.org/wiki/Cavagli%C3%A0
004119,Marmora,https://it.wikipedia.org/wiki/Marmora
004120,Marsaglia,https://it.wikipedia.org/wiki/Marsaglia
007014,Challand-Saint-Victor,https://it.wikipedia.org/wiki/Challand-Saint-Victor
007015,Chambave,https://it.wikipedia.org/wiki/Chambave
026053,Orsago,https://it.wikipedia.org/wiki/Orsago
026058,Ponte di Piave,https://it.wikipedia.org/wiki/Ponte_di_Piave
026042,Miane,https://it.wikipedia.org/wiki/Miane
028014,Bovolenta,https://it.wikipedia.org/wiki/Bovolenta
028016,Cadoneghe,https://it.wikipedia.org/wiki/Cadoneghe
096018,Cerrione,https://it.wikipedia.org/wiki/Cerrione
096019,Coggiola,https://it.wikipedia.org/wiki/Coggiola
029004,Badia Polesine,https://it.wikipedia.org/wiki/Badia_Polesine
028090,Terrassa Padovana,https://it.wikipedia.org/wiki/Terrassa_Padovana
004121,Martiniana Po,https://it.wikipedia.org/wiki/Martiniana_Po
004122,Melle,https://it.wikipedia.org/wiki/Melle_(Italia)
004123,Moiola,https://it.wikipedia.org/wiki/Moiola
004124,Mombarcaro,https://it.wikipedia.org/wiki/Mombarcaro
023003,Angiari,https://it.wikipedia.org/wiki/Angiari
026057,Pieve di Soligo,https://it.wikipedia.org/wiki/Pieve_di_Soligo
007016,Chamois,https://it.wikipedia.org/wiki/Chamois
007017,Champdepraz,https://it.wikipedia.org/wiki/Champdepraz
096020,Cossato,https://it.wikipedia.org/wiki/Cossato
029013,Castelnovo Bariano,https://it.wikipedia.org/wiki/Castelnovo_Bariano
028033,Codevigo,https://it.wikipedia.org/wiki/Codevigo
004125,Mombasiglio,https://it.wikipedia.org/wiki/Mombasiglio
026045,Monfumo,https://it.wikipedia.org/wiki/Monfumo
024083,Quinto Vicentino,https://it.wikipedia.org/wiki/Quinto_Vicentino
028011,Battaglia Terme,https://it.wikipedia.org/wiki/Battaglia_Terme
028023,Carmignano di Brenta,https://it.wikipedia.org/wiki/Carmignano_di_Brenta
026040,Maserada sul Piave,https://it.wikipedia.org/wiki/Maserada_sul_Piave
026064,Quinto di Treviso,https://it.wikipedia.org/wiki/Quinto_di_Treviso
096021,Crevacuore,https://it.wikipedia.org/wiki/Crevacuore
096023,Curino,https://it.wikipedia.org/wiki/Curino
029018,Costa di Rovigo,https://it.wikipedia.org/wiki/Costa_di_Rovigo
028087,Solesino,https://it.wikipedia.org/wiki/Solesino
024075,Orgiano,https://it.wikipedia.org/wiki/Orgiano
026067,Revine Lago,https://it.wikipedia.org/wiki/Revine_Lago
029014,Ceneselli,https://it.wikipedia.org/wiki/Ceneselli
028044,Legnaro,https://it.wikipedia.org/wiki/Legnaro
028080,Santa Giustina in Colle,https://it.wikipedia.org/wiki/Santa_Giustina_in_Colle
004126,Monastero di Vasco,https://it.wikipedia.org/wiki/Monastero_di_Vasco
004127,Monasterolo Casotto,https://it.wikipedia.org/wiki/Monasterolo_Casotto
096024,Donato,https://it.wikipedia.org/wiki/Donato_(Italia)
096025,Dorzano,https://it.wikipedia.org/wiki/Dorzano
004128,Monasterolo di Savigliano,https://it.wikipedia.org/wiki/Monasterolo_di_Savigliano
004129,Monchiero,https://it.wikipedia.org/wiki/Monchiero
029022,Fiesso Umbertiano,https://it.wikipedia.org/wiki/Fiesso_Umbertiano
028101,Villa del Conte,https://it.wikipedia.org/wiki/Villa_del_Conte
096026,Gaglianico,https://it.wikipedia.org/wiki/Gaglianico
096027,Gifflenga,https://it.wikipedia.org/wiki/Gifflenga
007018,Champorcher,https://it.wikipedia.org/wiki/Champorcher
007019,Charvensod,https://it.wikipedia.org/wiki/Charvensod
007020,Châtillon,https://it.wikipedia.org/wiki/Ch%C3%A2tillon_(Italia)
004130,Mondovì,https://it.wikipedia.org/wiki/Mondov%C3%AC
004131,Monesiglio,https://it.wikipedia.org/wiki/Monesiglio
028019,Camposampiero,https://it.wikipedia.org/wiki/Camposampiero
029009,Canaro,https://it.wikipedia.org/wiki/Canaro
096028,Graglia,https://it.wikipedia.org/wiki/Graglia
096085,Lessona,https://it.wikipedia.org/wiki/Lessona
026047,Morgano,https://it.wikipedia.org/wiki/Morgano
026052,Ormelle,https://it.wikipedia.org/wiki/Ormelle
024063,Monte di Malo,https://it.wikipedia.org/wiki/Monte_di_Malo
024074,Noventa Vicentina,https://it.wikipedia.org/wiki/Noventa_Vicentina
004134,Montaldo di Mondovì,https://it.wikipedia.org/wiki/Montaldo_di_Mondov%C3%AC
004136,Montanera,https://it.wikipedia.org/wiki/Montanera
007024,Doues,https://it.wikipedia.org/wiki/Doues
007025,Émarèse,https://it.wikipedia.org/wiki/%C3%89mar%C3%A8se
096030,Magnano,https://it.wikipedia.org/wiki/Magnano_(Italia)
096031,Massazza,https://it.wikipedia.org/wiki/Massazza
007022,Courmayeur,https://it.wikipedia.org/wiki/Courmayeur
007023,Donnas,https://it.wikipedia.org/wiki/Donnas
026056,Pederobba,https://it.wikipedia.org/wiki/Pederobba
024087,Rosà,https://it.wikipedia.org/wiki/Ros%C3%A0
004137,Montelupo Albese,https://it.wikipedia.org/wiki/Montelupo_Albese
004138,Montemale di Cuneo,https://it.wikipedia.org/wiki/Montemale_di_Cuneo
007026,Étroubles,https://it.wikipedia.org/wiki/%C3%89troubles
007027,Fénis,https://it.wikipedia.org/wiki/F%C3%A9nis
096032,Masserano,https://it.wikipedia.org/wiki/Masserano
096033,Mezzana Mortigliengo,https://it.wikipedia.org/wiki/Mezzana_Mortigliengo
004132,Monforte d'Alba,https://it.wikipedia.org/wiki/Monforte_d%27Alba
004135,Montaldo Roero,https://it.wikipedia.org/wiki/Montaldo_Roero
028094,Tribano,https://it.wikipedia.org/wiki/Tribano
072001,Acquaviva delle Fonti,https://it.wikipedia.org/wiki/Acquaviva_delle_Fonti
004139,Monterosso Grana,https://it.wikipedia.org/wiki/Monterosso_Grana
004140,Monteu Roero,https://it.wikipedia.org/wiki/Monteu_Roero
024017,Brogliano,https://it.wikipedia.org/wiki/Brogliano
024104,Tezze sul Brenta,https://it.wikipedia.org/wiki/Tezze_sul_Brenta
007028,Fontainemore,https://it.wikipedia.org/wiki/Fontainemore
007029,Gaby,https://it.wikipedia.org/wiki/Gaby
096034,Miagliano,https://it.wikipedia.org/wiki/Miagliano
096035,Mongrando,https://it.wikipedia.org/wiki/Mongrando
072002,Adelfia,https://it.wikipedia.org/wiki/Adelfia
004141,Montezemolo,https://it.wikipedia.org/wiki/Montezemolo_(Italia)
004142,Monticello d'Alba,https://it.wikipedia.org/wiki/Monticello_d%27Alba
026074,San Polo di Piave,https://it.wikipedia.org/wiki/San_Polo_di_Piave
024022,Campiglia dei Berici,https://it.wikipedia.org/wiki/Campiglia_dei_Berici
007030,Gignod,https://it.wikipedia.org/wiki/Gignod
004133,Montà,https://it.wikipedia.org/wiki/Mont%C3%A0
004143,Moretta,https://it.wikipedia.org/wiki/Moretta_(Italia)
096037,Mottalciata,https://it.wikipedia.org/wiki/Mottalciata
023017,Caldiero,https://it.wikipedia.org/wiki/Caldiero
026035,Istrana,https://it.wikipedia.org/wiki/Istrana
072003,Alberobello,https://it.wikipedia.org/wiki/Alberobello
072008,Binetto,https://it.wikipedia.org/wiki/Binetto
007031,Gressan,https://it.wikipedia.org/wiki/Gressan
007032,Gressoney-La-Trinité,https://it.wikipedia.org/wiki/Gressoney-La-Trinit%C3%A9
096038,Muzzano,https://it.wikipedia.org/wiki/Muzzano_(Italia)
096039,Netro,https://it.wikipedia.org/wiki/Netro
072010,Bitetto,https://it.wikipedia.org/wiki/Bitetto
072012,Bitritto,https://it.wikipedia.org/wiki/Bitritto
004144,Morozzo,https://it.wikipedia.org/wiki/Morozzo
004145,Murazzano,https://it.wikipedia.org/wiki/Murazzano
007033,Gressoney-Saint-Jean,https://it.wikipedia.org/wiki/Gressoney-Saint-Jean
007034,Hône,https://it.wikipedia.org/wiki/H%C3%B4ne
026032,Giavera del Montello,https://it.wikipedia.org/wiki/Giavera_del_Montello
026088,Vazzola,https://it.wikipedia.org/wiki/Vazzola
072014,Capurso,https://it.wikipedia.org/wiki/Capurso
072015,Casamassima,https://it.wikipedia.org/wiki/Casamassima
096040,Occhieppo Inferiore,https://it.wikipedia.org/wiki/Occhieppo_Inferiore
096041,Occhieppo Superiore,https://it.wikipedia.org/wiki/Occhieppo_Superiore
023001,Affi,https://it.wikipedia.org/wiki/Affi
026095,Zero Branco,https://it.wikipedia.org/wiki/Zero_Branco
004146,Murello,https://it.wikipedia.org/wiki/Murello
004147,Narzole,https://it.wikipedia.org/wiki/Narzole
072016,Cassano delle Murge,https://it.wikipedia.org/wiki/Cassano_delle_Murge
072017,Castellana Grotte,https://it.wikipedia.org/wiki/Castellana_Grotte
007035,Introd,https://it.wikipedia.org/wiki/Introd
007036,Issime,https://it.wikipedia.org/wiki/Issime
004148,Neive,https://it.wikipedia.org/wiki/Neive
004149,Neviglie,https://it.wikipedia.org/wiki/Neviglie
096042,Pettinengo,https://it.wikipedia.org/wiki/Pettinengo
108030,Meda,https://it.wikipedia.org/wiki/Meda_(Italia)
072019,Conversano,https://it.wikipedia.org/wiki/Conversano
072025,Locorotondo,https://it.wikipedia.org/wiki/Locorotondo
007037,Issogne,https://it.wikipedia.org/wiki/Issogne
007038,Jovençan,https://it.wikipedia.org/wiki/Joven%C3%A7an
023020,Castagnaro,https://it.wikipedia.org/wiki/Castagnaro
024122,Zugliano,https://it.wikipedia.org/wiki/Zugliano
004150,Niella Belbo,https://it.wikipedia.org/wiki/Niella_Belbo
004151,Niella Tanaro,https://it.wikipedia.org/wiki/Niella_Tanaro
072020,Corato,https://it.wikipedia.org/wiki/Corato
072021,Gioia del Colle,https://it.wikipedia.org/wiki/Gioia_del_Colle
096043,Piatto,https://it.wikipedia.org/wiki/Piatto_(Italia)
096044,Piedicavallo,https://it.wikipedia.org/wiki/Piedicavallo
004152,Novello,https://it.wikipedia.org/wiki/Novello
004153,Nucetto,https://it.wikipedia.org/wiki/Nucetto
026036,Loria,https://it.wikipedia.org/wiki/Loria
026089,Vedelago,https://it.wikipedia.org/wiki/Vedelago
007039,La Magdeleine,https://it.wikipedia.org/wiki/La_Magdeleine_(Italia)
007040,La Salle,https://it.wikipedia.org/wiki/La_Salle_(Italia)
096046,Pollone,https://it.wikipedia.org/wiki/Pollone_(Italia)
096047,Ponderano,https://it.wikipedia.org/wiki/Ponderano
072022,Giovinazzo,https://it.wikipedia.org/wiki/Giovinazzo
072023,Gravina in Puglia,https://it.wikipedia.org/wiki/Gravina_in_Puglia
072024,Grumo Appula,https://it.wikipedia.org/wiki/Grumo_Appula
007041,La Thuile,https://it.wikipedia.org/wiki/La_Thuile_(Italia)
026082,Spresiano,https://it.wikipedia.org/wiki/Spresiano
026091,Villorba,https://it.wikipedia.org/wiki/Villorba
004154,Oncino,https://it.wikipedia.org/wiki/Oncino
072027,Modugno,https://it.wikipedia.org/wiki/Modugno_(Italia)
072028,Mola di Bari,https://it.wikipedia.org/wiki/Mola_di_Bari
023009,Bonavigo,https://it.wikipedia.org/wiki/Bonavigo
023030,Costermano sul Garda,https://it.wikipedia.org/wiki/Costermano_sul_Garda
004155,Ormea,https://it.wikipedia.org/wiki/Ormea
004156,Ostana,https://it.wikipedia.org/wiki/Ostana
096048,Portula,https://it.wikipedia.org/wiki/Portula
096049,Pralungo,https://it.wikipedia.org/wiki/Pralungo
072030,Monopoli,https://it.wikipedia.org/wiki/Monopoli_(Italia)
072031,Noci,https://it.wikipedia.org/wiki/Noci_(Italia)
072032,Noicàttaro,https://it.wikipedia.org/wiki/Noicattaro
072033,Palo del Colle,https://it.wikipedia.org/wiki/Palo_del_Colle
072034,Poggiorsini,https://it.wikipedia.org/wiki/Poggiorsini
072035,Polignano a Mare,https://it.wikipedia.org/wiki/Polignano_a_Mare
072036,Putignano,https://it.wikipedia.org/wiki/Putignano
072037,Rutigliano,https://it.wikipedia.org/wiki/Rutigliano
072038,Ruvo di Puglia,https://it.wikipedia.org/wiki/Ruvo_di_Puglia
004157,Paesana,https://it.wikipedia.org/wiki/Paesana
004158,Pagno,https://it.wikipedia.org/wiki/Pagno
023007,Belfiore,https://it.wikipedia.org/wiki/Belfiore
023018,Caprino Veronese,https://it.wikipedia.org/wiki/Caprino_Veronese
096050,Pray,https://it.wikipedia.org/wiki/Pray_(Italia)
096053,Ronco Biellese,https://it.wikipedia.org/wiki/Ronco_Biellese
007042,Lillianes,https://it.wikipedia.org/wiki/Lillianes
007043,Montjovet,https://it.wikipedia.org/wiki/Montjovet
096054,Roppolo,https://it.wikipedia.org/wiki/Roppolo
004159,Pamparato,https://it.wikipedia.org/wiki/Pamparato
004160,Paroldo,https://it.wikipedia.org/wiki/Paroldo
004161,Perletto,https://it.wikipedia.org/wiki/Perletto
004162,Perlo,https://it.wikipedia.org/wiki/Perlo
072039,Sammichele di Bari,https://it.wikipedia.org/wiki/Sammichele_di_Bari
072040,Sannicandro di Bari,https://it.wikipedia.org/wiki/Sannicandro_di_Bari
072041,Santeramo in Colle,https://it.wikipedia.org/wiki/Santeramo_in_Colle
096055,Rosazza,https://it.wikipedia.org/wiki/Rosazza
096056,Sagliano Micca,https://it.wikipedia.org/wiki/Sagliano_Micca
096057,Sala Biellese,https://it.wikipedia.org/wiki/Sala_Biellese
096058,Salussola,https://it.wikipedia.org/wiki/Salussola
072043,Terlizzi,https://it.wikipedia.org/wiki/Terlizzi
072044,Toritto,https://it.wikipedia.org/wiki/Toritto
072046,Triggiano,https://it.wikipedia.org/wiki/Triggiano
072047,Turi,https://it.wikipedia.org/wiki/Turi
072048,Valenzano,https://it.wikipedia.org/wiki/Valenzano
007044,Morgex,https://it.wikipedia.org/wiki/Morgex
007045,Nus,https://it.wikipedia.org/wiki/Nus
007046,Ollomont,https://it.wikipedia.org/wiki/Ollomont
007047,Oyace,https://it.wikipedia.org/wiki/Oyace
026020,Colle Umberto,https://it.wikipedia.org/wiki/Colle_Umberto
023028,Colognola ai Colli,https://it.wikipedia.org/wiki/Colognola_ai_Colli
024024,Carrè,https://it.wikipedia.org/wiki/Carr%C3%A8_(Italia)
026094,Zenson di Piave,https://it.wikipedia.org/wiki/Zenson_di_Piave
096059,Sandigliano,https://it.wikipedia.org/wiki/Sandigliano
096063,Sordevolo,https://it.wikipedia.org/wiki/Sordevolo
096064,Sostegno,https://it.wikipedia.org/wiki/Sostegno_(Italia)
096065,Strona,https://it.wikipedia.org/wiki/Strona_(Italia)
096066,Tavigliano,https://it.wikipedia.org/wiki/Tavigliano
096067,Ternengo,https://it.wikipedia.org/wiki/Ternengo
004163,Peveragno,https://it.wikipedia.org/wiki/Peveragno
004164,Pezzolo Valle Uzzone,https://it.wikipedia.org/wiki/Pezzolo_Valle_Uzzone
074002,Carovigno,https://it.wikipedia.org/wiki/Carovigno
074003,Ceglie Messapica,https://it.wikipedia.org/wiki/Ceglie_Messapica
004165,Pianfei,https://it.wikipedia.org/wiki/Pianfei
004166,Piasco,https://it.wikipedia.org/wiki/Piasco
096068,Tollegno,https://it.wikipedia.org/wiki/Tollegno
096069,Torrazzo,https://it.wikipedia.org/wiki/Torrazzo
007048,Perloz,https://it.wikipedia.org/wiki/Perloz
007049,Pollein,https://it.wikipedia.org/wiki/Pollein
074004,Cellino San Marco,https://it.wikipedia.org/wiki/Cellino_San_Marco
074005,Cisternino,https://it.wikipedia.org/wiki/Cisternino
004167,Pietraporzio,https://it.wikipedia.org/wiki/Pietraporzio
004168,Piobesi d'Alba,https://it.wikipedia.org/wiki/Piobesi_d%27Alba
074006,Erchie,https://it.wikipedia.org/wiki/Erchie
074007,Fasano,https://it.wikipedia.org/wiki/Fasano
007052,Pont-Saint-Martin,https://it.wikipedia.org/wiki/Pont-Saint-Martin_(Italia)
007050,Pontboset,https://it.wikipedia.org/wiki/Pontboset
076091,Tramutola,https://it.wikipedia.org/wiki/Tramutola
076092,Trecchina,https://it.wikipedia.org/wiki/Trecchina
074008,Francavilla Fontana,https://it.wikipedia.org/wiki/Francavilla_Fontana
074009,Latiano,https://it.wikipedia.org/wiki/Latiano
076093,Trivigno,https://it.wikipedia.org/wiki/Trivigno
076094,Vaglio Basilicata,https://it.wikipedia.org/wiki/Vaglio_Basilicata
074010,Mesagne,https://it.wikipedia.org/wiki/Mesagne
096071,Valdengo,https://it.wikipedia.org/wiki/Valdengo
096072,Vallanzengo,https://it.wikipedia.org/wiki/Vallanzengo
076095,Venosa,https://it.wikipedia.org/wiki/Venosa
076096,Vietri di Potenza,https://it.wikipedia.org/wiki/Vietri_di_Potenza
074011,Oria,https://it.wikipedia.org/wiki/Oria
074012,Ostuni,https://it.wikipedia.org/wiki/Ostuni
004169,Piozzo,https://it.wikipedia.org/wiki/Piozzo
004170,Pocapaglia,https://it.wikipedia.org/wiki/Pocapaglia
076097,Viggianello,https://it.wikipedia.org/wiki/Viggianello_(Italia)
076098,Viggiano,https://it.wikipedia.org/wiki/Viggiano
096074,Valle San Nicolao,https://it.wikipedia.org/wiki/Valle_San_Nicolao
096075,Veglio,https://it.wikipedia.org/wiki/Veglio
007051,Pontey,https://it.wikipedia.org/wiki/Pontey
004171,Polonghera,https://it.wikipedia.org/wiki/Polonghera
004173,Pradleves,https://it.wikipedia.org/wiki/Pradleves
004174,Prazzo,https://it.wikipedia.org/wiki/Prazzo
004175,Priero,https://it.wikipedia.org/wiki/Priero
074013,San Donaci,https://it.wikipedia.org/wiki/San_Donaci
074014,San Michele Salentino,https://it.wikipedia.org/wiki/San_Michele_Salentino
074015,San Pancrazio Salentino,https://it.wikipedia.org/wiki/San_Pancrazio_Salentino
074016,San Pietro Vernotico,https://it.wikipedia.org/wiki/San_Pietro_Vernotico
039001,Alfonsine,https://it.wikipedia.org/wiki/Alfonsine
039002,Bagnacavallo,https://it.wikipedia.org/wiki/Bagnacavallo
096076,Verrone,https://it.wikipedia.org/wiki/Verrone
096077,Vigliano Biellese,https://it.wikipedia.org/wiki/Vigliano_Biellese
074017,San Vito dei Normanni,https://it.wikipedia.org/wiki/San_Vito_dei_Normanni
074018,Torchiarolo,https://it.wikipedia.org/wiki/Torchiarolo
096078,Villa del Bosco,https://it.wikipedia.org/wiki/Villa_del_Bosco
039003,Bagnara di Romagna,https://it.wikipedia.org/wiki/Bagnara_di_Romagna
039004,Brisighella,https://it.wikipedia.org/wiki/Brisighella
074019,Torre Santa Susanna,https://it.wikipedia.org/wiki/Torre_Santa_Susanna
074020,Villa Castelli,https://it.wikipedia.org/wiki/Villa_Castelli
007053,Pré-Saint-Didier,https://it.wikipedia.org/wiki/Pr%C3%A9-Saint-Didier
007057,Roisan,https://it.wikipedia.org/wiki/Roisan
096079,Villanova Biellese,https://it.wikipedia.org/wiki/Villanova_Biellese
096080,Viverone,https://it.wikipedia.org/wiki/Viverone
004176,Priocca,https://it.wikipedia.org/wiki/Priocca
004177,Priola,https://it.wikipedia.org/wiki/Priola
039005,Casola Valsenio,https://it.wikipedia.org/wiki/Casola_Valsenio
004178,Prunetto,https://it.wikipedia.org/wiki/Prunetto
004179,Racconigi,https://it.wikipedia.org/wiki/Racconigi
007058,Saint-Christophe,https://it.wikipedia.org/wiki/Saint-Christophe_(Italia)
007059,Saint-Denis,https://it.wikipedia.org/wiki/Saint-Denis_(Italia)
096081,Zimone,https://it.wikipedia.org/wiki/Zimone
096082,Zubiena,https://it.wikipedia.org/wiki/Zubiena
071001,Accadia,https://it.wikipedia.org/wiki/Accadia
071002,Alberona,https://it.wikipedia.org/wiki/Alberona
054006,Cannara,https://it.wikipedia.org/wiki/Cannara
004180,Revello,https://it.wikipedia.org/wiki/Revello
071003,Anzano di Puglia,https://it.wikipedia.org/wiki/Anzano_di_Puglia
071004,Apricena,https://it.wikipedia.org/wiki/Apricena
039006,Castel Bolognese,https://it.wikipedia.org/wiki/Castel_Bolognese
039007,Cervia,https://it.wikipedia.org/wiki/Cervia
007060,Saint-Marcel,https://it.wikipedia.org/wiki/Saint-Marcel_(Italia)
007061,Saint-Nicolas,https://it.wikipedia.org/wiki/Saint-Nicolas_(Italia)
096083,Zumaglia,https://it.wikipedia.org/wiki/Zumaglia
004006,Argentera,https://it.wikipedia.org/wiki/Argentera
004017,Bellino,https://it.wikipedia.org/wiki/Bellino_(Italia)
004053,Castelmagno,https://it.wikipedia.org/wiki/Castelmagno_(Italia)
007062,Saint-Oyen,https://it.wikipedia.org/wiki/Saint-Oyen_(Italia)
007063,Saint-Pierre,https://it.wikipedia.org/wiki/Saint-Pierre_(Italia)
100001,Cantagallo,https://it.wikipedia.org/wiki/Cantagallo_(Italia)
071005,Ascoli Satriano,https://it.wikipedia.org/wiki/Ascoli_Satriano
071006,Biccari,https://it.wikipedia.org/wiki/Biccari
039008,Conselice,https://it.wikipedia.org/wiki/Conselice
039009,Cotignola,https://it.wikipedia.org/wiki/Cotignola
100002,Carmignano,https://it.wikipedia.org/wiki/Carmignano
054007,Cascia,https://it.wikipedia.org/wiki/Cascia
004083,Elva,https://it.wikipedia.org/wiki/Elva_(Italia)
004172,Pontechianale,https://it.wikipedia.org/wiki/Pontechianale
071007,Bovino,https://it.wikipedia.org/wiki/Bovino_(Italia)
071008,Cagnano Varano,https://it.wikipedia.org/wiki/Cagnano_Varano
039010,Faenza,https://it.wikipedia.org/wiki/Faenza
054008,Castel Ritaldi,https://it.wikipedia.org/wiki/Castel_Ritaldi
100004,Poggio a Caiano,https://it.wikipedia.org/wiki/Poggio_a_Caiano
071009,Candela,https://it.wikipedia.org/wiki/Candela_(Italia)
071010,Carapelle,https://it.wikipedia.org/wiki/Carapelle_(Italia)
004001,Acceglio,https://it.wikipedia.org/wiki/Acceglio
004002,Aisone,https://it.wikipedia.org/wiki/Aisone
007065,Saint-Vincent,https://it.wikipedia.org/wiki/Saint-Vincent_(Italia)
007067,Torgnon,https://it.wikipedia.org/wiki/Torgnon
071011,Carlantino,https://it.wikipedia.org/wiki/Carlantino
071012,Carpino,https://it.wikipedia.org/wiki/Carpino_(Italia)
054009,Castiglione del Lago,https://it.wikipedia.org/wiki/Castiglione_del_Lago
100003,Montemurlo,https://it.wikipedia.org/wiki/Montemurlo
004003,Alba,https://it.wikipedia.org/wiki/Alba_(comune_italiano)
071013,Casalnuovo Monterotaro,https://it.wikipedia.org/wiki/Casalnuovo_Monterotaro
071014,Casalvecchio di Puglia,https://it.wikipedia.org/wiki/Casalvecchio_di_Puglia
007069,Valpelline,https://it.wikipedia.org/wiki/Valpelline_(comune)
007072,Verrayes,https://it.wikipedia.org/wiki/Verrayes
039011,Fusignano,https://it.wikipedia.org/wiki/Fusignano
039012,Lugo,https://it.wikipedia.org/wiki/Lugo_(Italia)
004004,Albaretto della Torre,https://it.wikipedia.org/wiki/Albaretto_della_Torre
004005,Alto,https://it.wikipedia.org/wiki/Alto_(Italia)
100006,Vaiano,https://it.wikipedia.org/wiki/Vaiano
039013,Massa Lombarda,https://it.wikipedia.org/wiki/Massa_Lombarda
039015,Riolo Terme,https://it.wikipedia.org/wiki/Riolo_Terme
054010,Cerreto di Spoleto,https://it.wikipedia.org/wiki/Cerreto_di_Spoleto
100007,Vernio,https://it.wikipedia.org/wiki/Vernio
004007,Arguello,https://it.wikipedia.org/wiki/Arguello
004008,Bagnasco,https://it.wikipedia.org/wiki/Bagnasco
007073,Verrès,https://it.wikipedia.org/wiki/Verr%C3%A8s
007074,Villeneuve,https://it.wikipedia.org/wiki/Villeneuve_(Italia)
071015,Castelluccio dei Sauri,https://it.wikipedia.org/wiki/Castelluccio_dei_Sauri
071016,Castelluccio Valmaggiore,https://it.wikipedia.org/wiki/Castelluccio_Valmaggiore
004181,Rifreddo,https://it.wikipedia.org/wiki/Rifreddo
004182,Rittana,https://it.wikipedia.org/wiki/Rittana
039016,Russi,https://it.wikipedia.org/wiki/Russi_(Italia)
039017,Sant'Agata sul Santerno,https://it.wikipedia.org/wiki/Sant%27Agata_sul_Santerno
071017,Castelnuovo della Daunia,https://it.wikipedia.org/wiki/Castelnuovo_della_Daunia
071018,Celenza Valfortore,https://it.wikipedia.org/wiki/Celenza_Valfortore
004011,Barbaresco,https://it.wikipedia.org/wiki/Barbaresco_(Italia)
004012,Barge,https://it.wikipedia.org/wiki/Barge
054011,Citerna,https://it.wikipedia.org/wiki/Citerna
004183,Roaschia,https://it.wikipedia.org/wiki/Roaschia
004009,Bagnolo Piemonte,https://it.wikipedia.org/wiki/Bagnolo_Piemonte
004010,Baldissero d'Alba,https://it.wikipedia.org/wiki/Baldissero_d%27Alba
071019,Celle di San Vito,https://it.wikipedia.org/wiki/Celle_di_San_Vito
071021,Chieuti,https://it.wikipedia.org/wiki/Chieuti
090068,Siligo,https://it.wikipedia.org/wiki/Siligo
039018,Solarolo,https://it.wikipedia.org/wiki/Solarolo
031001,Capriva del Friuli,https://it.wikipedia.org/wiki/Capriva_del_Friuli
071022,Deliceto,https://it.wikipedia.org/wiki/Deliceto
071023,Faeto,https://it.wikipedia.org/wiki/Faeto
004184,Roascio,https://it.wikipedia.org/wiki/Roascio
004185,Robilante,https://it.wikipedia.org/wiki/Robilante
004013,Barolo,https://it.wikipedia.org/wiki/Barolo_(Italia)
004014,Bastia Mondovì,https://it.wikipedia.org/wiki/Bastia_Mondov%C3%AC
031002,Cormons,https://it.wikipedia.org/wiki/Cormons
031004,Dolegna del Collio,https://it.wikipedia.org/wiki/Dolegna_del_Collio
004015,Battifollo,https://it.wikipedia.org/wiki/Battifollo
004016,Beinette,https://it.wikipedia.org/wiki/Beinette
071025,Ischitella,https://it.wikipedia.org/wiki/Ischitella
071027,Lesina,https://it.wikipedia.org/wiki/Lesina_(Italia)
031005,Farra d'Isonzo,https://it.wikipedia.org/wiki/Farra_d%27Isonzo
031006,Fogliano Redipuglia,https://it.wikipedia.org/wiki/Fogliano_Redipuglia
054012,Città della Pieve,https://it.wikipedia.org/wiki/Citt%C3%A0_della_Pieve
004186,Roburent,https://it.wikipedia.org/wiki/Roburent
013041,Cantù,https://it.wikipedia.org/wiki/Cant%C3%B9
109018,Montegranaro,https://it.wikipedia.org/wiki/Montegranaro
004018,Belvedere Langhe,https://it.wikipedia.org/wiki/Belvedere_Langhe
004019,Bene Vagienna,https://it.wikipedia.org/wiki/Bene_Vagienna
071028,Lucera,https://it.wikipedia.org/wiki/Lucera
071031,Mattinata,https://it.wikipedia.org/wiki/Mattinata
031008,Gradisca d'Isonzo,https://it.wikipedia.org/wiki/Gradisca_d%27Isonzo
031009,Grado,https://it.wikipedia.org/wiki/Grado_(Italia)
004188,Rocca Cigliè,https://it.wikipedia.org/wiki/Rocca_Cigli%C3%A8
004189,Rocca de’ Baldi,https://it.wikipedia.org/wiki/Rocca_de%27_Baldi
004020,Benevello,https://it.wikipedia.org/wiki/Benevello
071033,Monte Sant'Angelo,https://it.wikipedia.org/wiki/Monte_Sant%27Angelo
054013,Città di Castello,https://it.wikipedia.org/wiki/Citt%C3%A0_di_Castello
004187,Roccabruna,https://it.wikipedia.org/wiki/Roccabruna_(Italia)
031010,Mariano del Friuli,https://it.wikipedia.org/wiki/Mariano_del_Friuli
004021,Bergolo,https://it.wikipedia.org/wiki/Bergolo
004022,Bernezzo,https://it.wikipedia.org/wiki/Bernezzo
031011,Medea,https://it.wikipedia.org/wiki/Medea_(Italia)
031012,Monfalcone,https://it.wikipedia.org/wiki/Monfalcone
071032,Monteleone di Puglia,https://it.wikipedia.org/wiki/Monteleone_di_Puglia
071034,Motta Montecorvino,https://it.wikipedia.org/wiki/Motta_Montecorvino
063058,Pompei,https://it.wikipedia.org/wiki/Pompei_(comune)
004190,Roccaforte Mondovì,https://it.wikipedia.org/wiki/Roccaforte_Mondov%C3%AC
004023,Bonvicino,https://it.wikipedia.org/wiki/Bonvicino
004025,Borgo San Dalmazzo,https://it.wikipedia.org/wiki/Borgo_San_Dalmazzo
031013,Moraro,https://it.wikipedia.org/wiki/Moraro
031014,Mossa,https://it.wikipedia.org/wiki/Mossa
071063,Ordona,https://it.wikipedia.org/wiki/Ordona
071035,Orsara di Puglia,https://it.wikipedia.org/wiki/Orsara_di_Puglia
031015,Romans d'Isonzo,https://it.wikipedia.org/wiki/Romans_d%27Isonzo
031016,Ronchi dei Legionari,https://it.wikipedia.org/wiki/Ronchi_dei_Legionari
031017,Sagrado,https://it.wikipedia.org/wiki/Sagrado
031018,San Canzian d'Isonzo,https://it.wikipedia.org/wiki/San_Canzian_d%27Isonzo
071036,Orta Nova,https://it.wikipedia.org/wiki/Orta_Nova
071037,Panni,https://it.wikipedia.org/wiki/Panni
018019,Bornasco,https://it.wikipedia.org/wiki/Bornasco
012055,Comerio,https://it.wikipedia.org/wiki/Comerio
031019,San Floriano del Collio,https://it.wikipedia.org/wiki/San_Floriano_del_Collio
031020,San Lorenzo Isontino,https://it.wikipedia.org/wiki/San_Lorenzo_Isontino
004024,Borgomale,https://it.wikipedia.org/wiki/Borgomale
062062,San Lorenzo Maggiore,https://it.wikipedia.org/wiki/San_Lorenzo_Maggiore
054014,Collazzone,https://it.wikipedia.org/wiki/Collazzone
004191,Roccasparvera,https://it.wikipedia.org/wiki/Roccasparvera
012032,Cardano al Campo,https://it.wikipedia.org/wiki/Cardano_al_Campo
018044,Ceretto Lomellina,https://it.wikipedia.org/wiki/Ceretto_Lomellina
071038,Peschici,https://it.wikipedia.org/wiki/Peschici
071040,Poggio Imperiale,https://it.wikipedia.org/wiki/Poggio_Imperiale
062063,San Lupo,https://it.wikipedia.org/wiki/San_Lupo_(Italia)
062064,San Marco dei Cavoti,https://it.wikipedia.org/wiki/San_Marco_dei_Cavoti
031021,San Pier d'Isonzo,https://it.wikipedia.org/wiki/San_Pier_d%27Isonzo
031022,Savogna d'Isonzo,https://it.wikipedia.org/wiki/Savogna_d%27Isonzo
054015,Corciano,https://it.wikipedia.org/wiki/Corciano
004192,Roccavione,https://it.wikipedia.org/wiki/Roccavione
062065,San Martino Sannita,https://it.wikipedia.org/wiki/San_Martino_Sannita
062066,San Nazzaro,https://it.wikipedia.org/wiki/San_Nazzaro_(Italia)
018007,Bagnaria,https://it.wikipedia.org/wiki/Bagnaria
012074,Gemonio,https://it.wikipedia.org/wiki/Gemonio
054016,Costacciaro,https://it.wikipedia.org/wiki/Costacciaro
004193,Rocchetta Belbo,https://it.wikipedia.org/wiki/Rocchetta_Belbo
071041,Rignano Garganico,https://it.wikipedia.org/wiki/Rignano_Garganico
071042,Rocchetta Sant'Antonio,https://it.wikipedia.org/wiki/Rocchetta_Sant%27Antonio
031023,Staranzano,https://it.wikipedia.org/wiki/Staranzano
031024,Turriaco,https://it.wikipedia.org/wiki/Turriaco
004194,Roddi,https://it.wikipedia.org/wiki/Roddi
004195,Roddino,https://it.wikipedia.org/wiki/Roddino
018011,Bastida Pancarana,https://it.wikipedia.org/wiki/Bastida_Pancarana
012057,Crosio della Valle,https://it.wikipedia.org/wiki/Crosio_della_Valle
093001,Andreis,https://it.wikipedia.org/wiki/Andreis
031025,Villesse,https://it.wikipedia.org/wiki/Villesse
071043,Rodi Garganico,https://it.wikipedia.org/wiki/Rodi_Garganico
071044,Roseto Valfortore,https://it.wikipedia.org/wiki/Roseto_Valfortore
014044,Montagna in Valtellina,https://it.wikipedia.org/wiki/Montagna_in_Valtellina
014047,Pedesina,https://it.wikipedia.org/wiki/Pedesina
054017,Deruta,https://it.wikipedia.org/wiki/Deruta
062067,San Nicola Manfredi,https://it.wikipedia.org/wiki/San_Nicola_Manfredi
062068,San Salvatore Telesino,https://it.wikipedia.org/wiki/San_Salvatore_Telesino
071046,San Giovanni Rotondo,https://it.wikipedia.org/wiki/San_Giovanni_Rotondo
071047,San Marco in Lamis,https://it.wikipedia.org/wiki/San_Marco_in_Lamis
062070,Sant'Agata de' Goti,https://it.wikipedia.org/wiki/Sant%27Agata_de%27_Goti
062071,Sant'Angelo a Cupolo,https://it.wikipedia.org/wiki/Sant%27Angelo_a_Cupolo
071048,San Marco la Catola,https://it.wikipedia.org/wiki/San_Marco_la_Catola
071049,San Nicandro Garganico,https://it.wikipedia.org/wiki/San_Nicandro_Garganico
014003,Andalo Valtellino,https://it.wikipedia.org/wiki/Andalo_Valtellino
014053,Postalesio,https://it.wikipedia.org/wiki/Postalesio
093002,Arba,https://it.wikipedia.org/wiki/Arba
093004,Aviano,https://it.wikipedia.org/wiki/Aviano
062078,Sant'Arcangelo Trimonte,https://it.wikipedia.org/wiki/Sant%27Arcangelo_Trimonte
062069,Santa Croce del Sannio,https://it.wikipedia.org/wiki/Santa_Croce_del_Sannio
093005,Azzano Decimo,https://it.wikipedia.org/wiki/Azzano_Decimo
093006,Barcis,https://it.wikipedia.org/wiki/Barcis
071050,San Paolo di Civitate,https://it.wikipedia.org/wiki/San_Paolo_di_Civitate
071052,Sant'Agata di Puglia,https://it.wikipedia.org/wiki/Sant%27Agata_di_Puglia
014040,Mazzo di Valtellina,https://it.wikipedia.org/wiki/Mazzo_di_Valtellina
018116,Pizzale,https://it.wikipedia.org/wiki/Pizzale
062072,Sassinoro,https://it.wikipedia.org/wiki/Sassinoro
062073,Solopaca,https://it.wikipedia.org/wiki/Solopaca
093007,Brugnera,https://it.wikipedia.org/wiki/Brugnera
093008,Budoia,https://it.wikipedia.org/wiki/Budoia
018098,Montesegale,https://it.wikipedia.org/wiki/Montesegale
014048,Piantedo,https://it.wikipedia.org/wiki/Piantedo
062074,Telese Terme,https://it.wikipedia.org/wiki/Telese_Terme
062075,Tocco Caudio,https://it.wikipedia.org/wiki/Tocco_Caudio
093009,Caneva,https://it.wikipedia.org/wiki/Caneva
093010,Casarsa della Delizia,https://it.wikipedia.org/wiki/Casarsa_della_Delizia
023083,Sona,https://it.wikipedia.org/wiki/Sona
023084,Sorgà,https://it.wikipedia.org/wiki/Sorg%C3%A0
015015,Basiglio,https://it.wikipedia.org/wiki/Basiglio
015019,Bernate Ticino,https://it.wikipedia.org/wiki/Bernate_Ticino
018005,Arena Po,https://it.wikipedia.org/wiki/Arena_Po
012106,Mornago,https://it.wikipedia.org/wiki/Mornago
023064,Ronco all'Adige,https://it.wikipedia.org/wiki/Ronco_all%27Adige
027033,San Donà di Piave,https://it.wikipedia.org/wiki/San_Don%C3%A0_di_Piave
093011,Castelnovo del Friuli,https://it.wikipedia.org/wiki/Castelnovo_del_Friuli
093012,Cavasso Nuovo,https://it.wikipedia.org/wiki/Cavasso_Nuovo
062076,Torrecuso,https://it.wikipedia.org/wiki/Torrecuso
062077,Vitulano,https://it.wikipedia.org/wiki/Vitulano
012103,Montegrino Valtravaglia,https://it.wikipedia.org/wiki/Montegrino_Valtravaglia
015010,Arluno,https://it.wikipedia.org/wiki/Arluno
015022,Besate,https://it.wikipedia.org/wiki/Besate
044001,Acquasanta Terme,https://it.wikipedia.org/wiki/Acquasanta_Terme
044002,Acquaviva Picena,https://it.wikipedia.org/wiki/Acquaviva_Picena
093014,Cimolais,https://it.wikipedia.org/wiki/Cimolais
093015,Claut,https://it.wikipedia.org/wiki/Claut
026092,Vittorio Veneto,https://it.wikipedia.org/wiki/Vittorio_Veneto
015085,Corbetta,https://it.wikipedia.org/wiki/Corbetta
015169,Paullo,https://it.wikipedia.org/wiki/Paullo
093016,Clauzetto,https://it.wikipedia.org/wiki/Clauzetto
093017,Cordenons,https://it.wikipedia.org/wiki/Cordenons
044005,Appignano del Tronto,https://it.wikipedia.org/wiki/Appignano_del_Tronto
044006,Arquata del Tronto,https://it.wikipedia.org/wiki/Arquata_del_Tronto
023036,Garda,https://it.wikipedia.org/wiki/Garda_(comune)
013157,Montorfano,https://it.wikipedia.org/wiki/Montorfano
015062,Castano Primo,https://it.wikipedia.org/wiki/Castano_Primo
097013,Calolziocorte,https://it.wikipedia.org/wiki/Calolziocorte
103015,Cambiasca,https://it.wikipedia.org/wiki/Cambiasca
103016,Cannero Riviera,https://it.wikipedia.org/wiki/Cannero_Riviera
093018,Cordovado,https://it.wikipedia.org/wiki/Cordovado
093019,Erto e Casso,https://it.wikipedia.org/wiki/Erto_e_Casso
013085,Cusino,https://it.wikipedia.org/wiki/Cusino
013111,Grandola ed Uniti,https://it.wikipedia.org/wiki/Grandola_ed_Uniti
044010,Carassai,https://it.wikipedia.org/wiki/Carassai
044011,Castel di Lama,https://it.wikipedia.org/wiki/Castel_di_Lama
103017,Cannobio,https://it.wikipedia.org/wiki/Cannobio
103018,Caprezzo,https://it.wikipedia.org/wiki/Caprezzo
097017,Cassago Brianza,https://it.wikipedia.org/wiki/Cassago_Brianza
019098,Soresina,https://it.wikipedia.org/wiki/Soresina
093020,Fanna,https://it.wikipedia.org/wiki/Fanna
093021,Fiume Veneto,https://it.wikipedia.org/wiki/Fiume_Veneto
044012,Castignano,https://it.wikipedia.org/wiki/Castignano
044013,Castorano,https://it.wikipedia.org/wiki/Castorano
103019,Casale Corte Cerro,https://it.wikipedia.org/wiki/Casale_Corte_Cerro
103021,Ceppo Morelli,https://it.wikipedia.org/wiki/Ceppo_Morelli
093022,Fontanafredda,https://it.wikipedia.org/wiki/Fontanafredda
093024,Frisanco,https://it.wikipedia.org/wiki/Frisanco
015140,Melegnano,https://it.wikipedia.org/wiki/Melegnano
097048,Merate,https://it.wikipedia.org/wiki/Merate
044014,Colli del Tronto,https://it.wikipedia.org/wiki/Colli_del_Tronto
044015,Comunanza,https://it.wikipedia.org/wiki/Comunanza
013089,Domaso,https://it.wikipedia.org/wiki/Domaso
013090,Dongo,https://it.wikipedia.org/wiki/Dongo
013203,Sala Comacina,https://it.wikipedia.org/wiki/Sala_Comacina
023096,Villafranca di Verona,https://it.wikipedia.org/wiki/Villafranca_di_Verona
097030,Dervio,https://it.wikipedia.org/wiki/Dervio
093025,Maniago,https://it.wikipedia.org/wiki/Maniago
103022,Cesara,https://it.wikipedia.org/wiki/Cesara
103023,Cossogno,https://it.wikipedia.org/wiki/Cossogno
044016,Cossignano,https://it.wikipedia.org/wiki/Cossignano
044017,Cupra Marittima,https://it.wikipedia.org/wiki/Cupra_Marittima
013100,Fenegrò,https://it.wikipedia.org/wiki/Fenegr%C3%B2
013147,Merone,https://it.wikipedia.org/wiki/Merone
103024,Craveggia,https://it.wikipedia.org/wiki/Craveggia
103025,Crevoladossola,https://it.wikipedia.org/wiki/Crevoladossola
093026,Meduno,https://it.wikipedia.org/wiki/Meduno
093027,Montereale Valcellina,https://it.wikipedia.org/wiki/Montereale_Valcellina
097046,Mandello del Lario,https://it.wikipedia.org/wiki/Mandello_del_Lario
019097,Soncino,https://it.wikipedia.org/wiki/Soncino
044020,Folignano,https://it.wikipedia.org/wiki/Folignano
044021,Force,https://it.wikipedia.org/wiki/Force
013184,Pigra,https://it.wikipedia.org/wiki/Pigra
013134,Longone al Segrino,https://it.wikipedia.org/wiki/Longone_al_Segrino
013236,Veleso,https://it.wikipedia.org/wiki/Veleso
098026,Fombio,https://it.wikipedia.org/wiki/Fombio
015142,Melzo,https://it.wikipedia.org/wiki/Melzo
044023,Grottammare,https://it.wikipedia.org/wiki/Grottammare
044027,Maltignano,https://it.wikipedia.org/wiki/Maltignano
093029,Pasiano di Pordenone,https://it.wikipedia.org/wiki/Pasiano_di_Pordenone
093030,Pinzano al Tagliamento,https://it.wikipedia.org/wiki/Pinzano_al_Tagliamento
044029,Massignano,https://it.wikipedia.org/wiki/Massignano
044031,Monsampolo del Tronto,https://it.wikipedia.org/wiki/Monsampolo_del_Tronto
103026,Crodo,https://it.wikipedia.org/wiki/Crodo
103028,Domodossola,https://it.wikipedia.org/wiki/Domodossola
103029,Druogno,https://it.wikipedia.org/wiki/Druogno
013193,Pusiano,https://it.wikipedia.org/wiki/Pusiano
013201,Rovellasca,https://it.wikipedia.org/wiki/Rovellasca
097043,Lierna,https://it.wikipedia.org/wiki/Lierna
020055,San Benedetto Po,https://it.wikipedia.org/wiki/San_Benedetto_Po
044032,Montalto delle Marche,https://it.wikipedia.org/wiki/Montalto_delle_Marche
044034,Montedinove,https://it.wikipedia.org/wiki/Montedinove
020026,Goito,https://it.wikipedia.org/wiki/Goito
013092,Dosso del Liro,https://it.wikipedia.org/wiki/Dosso_del_Liro
026026,Farra di Soligo,https://it.wikipedia.org/wiki/Farra_di_Soligo
093034,Prata di Pordenone,https://it.wikipedia.org/wiki/Prata_di_Pordenone
093035,Pravisdomini,https://it.wikipedia.org/wiki/Pravisdomini
103031,Formazza,https://it.wikipedia.org/wiki/Formazza
103032,Germagno,https://it.wikipedia.org/wiki/Germagno
044036,Montefiore dell'Aso,https://it.wikipedia.org/wiki/Montefiore_dell%27Aso
044038,Montegallo,https://it.wikipedia.org/wiki/Montegallo
044044,Montemonaco,https://it.wikipedia.org/wiki/Montemonaco
093031,Polcenigo,https://it.wikipedia.org/wiki/Polcenigo
093032,Porcia,https://it.wikipedia.org/wiki/Porcia
013097,Eupilio,https://it.wikipedia.org/wiki/Eupilio
013163,Novedrate,https://it.wikipedia.org/wiki/Novedrate
098029,Guardamiglio,https://it.wikipedia.org/wiki/Guardamiglio
015220,Trezzano sul Naviglio,https://it.wikipedia.org/wiki/Trezzano_sul_Naviglio
044045,Monteprandone,https://it.wikipedia.org/wiki/Monteprandone
044054,Offida,https://it.wikipedia.org/wiki/Offida
103033,Ghiffa,https://it.wikipedia.org/wiki/Ghiffa
103034,Gignese,https://it.wikipedia.org/wiki/Gignese
098048,San Martino in Strada,https://it.wikipedia.org/wiki/San_Martino_in_Strada
098049,San Rocco al Porto,https://it.wikipedia.org/wiki/San_Rocco_al_Porto
093036,Roveredo in Piano,https://it.wikipedia.org/wiki/Roveredo_in_Piano
093037,Sacile,https://it.wikipedia.org/wiki/Sacile
013114,Guanzate,https://it.wikipedia.org/wiki/Guanzate
023061,Pressana,https://it.wikipedia.org/wiki/Pressana
098028,Graffignana,https://it.wikipedia.org/wiki/Graffignana
098054,Somaglia,https://it.wikipedia.org/wiki/Somaglia
044056,Palmiano,https://it.wikipedia.org/wiki/Palmiano
093038,San Giorgio della Richinvelda,https://it.wikipedia.org/wiki/San_Giorgio_della_Richinvelda
093039,San Martino al Tagliamento,https://it.wikipedia.org/wiki/San_Martino_al_Tagliamento
013226,Trezzone,https://it.wikipedia.org/wiki/Trezzone
013229,Valbrona,https://it.wikipedia.org/wiki/Valbrona
044063,Ripatransone,https://it.wikipedia.org/wiki/Ripatransone
044064,Roccafluvione,https://it.wikipedia.org/wiki/Roccafluvione
044065,Rotella,https://it.wikipedia.org/wiki/Rotella_(Italia)
103035,Gravellona Toce,https://it.wikipedia.org/wiki/Gravellona_Toce
103036,Gurro,https://it.wikipedia.org/wiki/Gurro
093040,San Quirino,https://it.wikipedia.org/wiki/San_Quirino_(Italia)
093041,San Vito al Tagliamento,https://it.wikipedia.org/wiki/San_Vito_al_Tagliamento
013118,Inverigo,https://it.wikipedia.org/wiki/Inverigo
023056,Palù,https://it.wikipedia.org/wiki/Pal%C3%B9_(Italia)
044071,Spinetoli,https://it.wikipedia.org/wiki/Spinetoli
044073,Venarotta,https://it.wikipedia.org/wiki/Venarotta
098027,Galgagnano,https://it.wikipedia.org/wiki/Galgagnano
098051,Santo Stefano Lodigiano,https://it.wikipedia.org/wiki/Santo_Stefano_Lodigiano
013133,Lomazzo,https://it.wikipedia.org/wiki/Lomazzo
023059,Peschiera del Garda,https://it.wikipedia.org/wiki/Peschiera_del_Garda
103037,Intragna,https://it.wikipedia.org/wiki/Intragna
093042,Sequals,https://it.wikipedia.org/wiki/Sequals
093043,Sesto al Reghena,https://it.wikipedia.org/wiki/Sesto_al_Reghena
020007,Bozzolo,https://it.wikipedia.org/wiki/Bozzolo_(Italia)
098053,Senna Lodigiana,https://it.wikipedia.org/wiki/Senna_Lodigiana
086001,Agira,https://it.wikipedia.org/wiki/Agira
086002,Aidone,https://it.wikipedia.org/wiki/Aidone
013248,San Siro,https://it.wikipedia.org/wiki/San_Siro_(comune)
024119,Zanè,https://it.wikipedia.org/wiki/Zan%C3%A8
093044,Spilimbergo,https://it.wikipedia.org/wiki/Spilimbergo
093045,Tramonti di Sopra,https://it.wikipedia.org/wiki/Tramonti_di_Sopra
086003,Assoro,https://it.wikipedia.org/wiki/Assoro
098056,Tavazzano con Villavesco,https://it.wikipedia.org/wiki/Tavazzano_con_Villavesco
098058,Turano Lodigiano,https://it.wikipedia.org/wiki/Turano_Lodigiano
093046,Tramonti di Sotto,https://it.wikipedia.org/wiki/Tramonti_di_Sotto
093047,Travesio,https://it.wikipedia.org/wiki/Travesio
103038,Loreglia,https://it.wikipedia.org/wiki/Loreglia
103039,Macugnaga,https://it.wikipedia.org/wiki/Macugnaga
015036,Buccinasco,https://it.wikipedia.org/wiki/Buccinasco
015098,Cusano Milanino,https://it.wikipedia.org/wiki/Cusano_Milanino
023065,Roverchiara,https://it.wikipedia.org/wiki/Roverchiara
013159,Mozzate,https://it.wikipedia.org/wiki/Mozzate
086004,Barrafranca,https://it.wikipedia.org/wiki/Barrafranca
086005,Calascibetta,https://it.wikipedia.org/wiki/Calascibetta
013144,Maslianico,https://it.wikipedia.org/wiki/Maslianico
024077,Pianezze,https://it.wikipedia.org/wiki/Pianezze
103040,Madonna del Sasso,https://it.wikipedia.org/wiki/Madonna_del_Sasso
103041,Malesco,https://it.wikipedia.org/wiki/Malesco
093050,Vivaro,https://it.wikipedia.org/wiki/Vivaro
093051,Zoppola,https://it.wikipedia.org/wiki/Zoppola
015074,Cesano Boscone,https://it.wikipedia.org/wiki/Cesano_Boscone
015096,Cuggiono,https://it.wikipedia.org/wiki/Cuggiono
086006,Catenanuova,https://it.wikipedia.org/wiki/Catenanuova
086007,Centuripe,https://it.wikipedia.org/wiki/Centuripe
093052,Vajont,https://it.wikipedia.org/wiki/Vajont_(comune)
093049,Vito d'Asio,https://it.wikipedia.org/wiki/Vito_d%27Asio
103042,Masera,https://it.wikipedia.org/wiki/Masera
103043,Massiola,https://it.wikipedia.org/wiki/Massiola
030001,Aiello del Friuli,https://it.wikipedia.org/wiki/Aiello_del_Friuli
030002,Amaro,https://it.wikipedia.org/wiki/Amaro_(Italia)
086008,Cerami,https://it.wikipedia.org/wiki/Cerami
086010,Gagliano Castelferrato,https://it.wikipedia.org/wiki/Gagliano_Castelferrato
098061,Zelo Buon Persico,https://it.wikipedia.org/wiki/Zelo_Buon_Persico
023047,Mezzane di Sotto,https://it.wikipedia.org/wiki/Mezzane_di_Sotto
013160,Musso,https://it.wikipedia.org/wiki/Musso_(Italia)
086011,Leonforte,https://it.wikipedia.org/wiki/Leonforte
086012,Nicosia,https://it.wikipedia.org/wiki/Nicosia_(Italia)
103044,Mergozzo,https://it.wikipedia.org/wiki/Mergozzo
103045,Miazzina,https://it.wikipedia.org/wiki/Miazzina
098035,Maleo,https://it.wikipedia.org/wiki/Maleo
098039,Merlino,https://it.wikipedia.org/wiki/Merlino_(Italia)
030003,Ampezzo,https://it.wikipedia.org/wiki/Ampezzo_(Italia)
026055,Paese,https://it.wikipedia.org/wiki/Paese_(Italia)
023068,Salizzole,https://it.wikipedia.org/wiki/Salizzole
086013,Nissoria,https://it.wikipedia.org/wiki/Nissoria
030004,Aquileia,https://it.wikipedia.org/wiki/Aquileia
030005,Arta Terme,https://it.wikipedia.org/wiki/Arta_Terme
019002,Agnadello,https://it.wikipedia.org/wiki/Agnadello
097056,Nibionno,https://it.wikipedia.org/wiki/Nibionno
103046,Montecrestese,https://it.wikipedia.org/wiki/Montecrestese
103047,Montescheno,https://it.wikipedia.org/wiki/Montescheno
015226,Turbigo,https://it.wikipedia.org/wiki/Turbigo
015110,Grezzago,https://it.wikipedia.org/wiki/Grezzago
086016,Regalbuto,https://it.wikipedia.org/wiki/Regalbuto
086017,Sperlinga,https://it.wikipedia.org/wiki/Sperlinga
103048,Nonio,https://it.wikipedia.org/wiki/Nonio
103049,Oggebbio,https://it.wikipedia.org/wiki/Oggebbio
086018,Troina,https://it.wikipedia.org/wiki/Troina
086019,Valguarnera Caropepe,https://it.wikipedia.org/wiki/Valguarnera_Caropepe
023055,Oppeano,https://it.wikipedia.org/wiki/Oppeano
023060,Povegliano Veronese,https://it.wikipedia.org/wiki/Povegliano_Veronese
013095,Erba,https://it.wikipedia.org/wiki/Erba_(Italia)
030006,Artegna,https://it.wikipedia.org/wiki/Artegna
023053,Nogara,https://it.wikipedia.org/wiki/Nogara
023067,Roveré Veronese,https://it.wikipedia.org/wiki/Rover%C3%A9_Veronese
027036,San Stino di Livenza,https://it.wikipedia.org/wiki/San_Stino_di_Livenza
026021,Conegliano,https://it.wikipedia.org/wiki/Conegliano
103051,Ornavasso,https://it.wikipedia.org/wiki/Ornavasso
103052,Pallanzeno,https://it.wikipedia.org/wiki/Pallanzeno
086020,Villarosa,https://it.wikipedia.org/wiki/Villarosa_(Sicilia)
061001,Ailano,https://it.wikipedia.org/wiki/Ailano
086014,Piazza Armerina,https://it.wikipedia.org/wiki/Piazza_Armerina
086015,Pietraperzia,https://it.wikipedia.org/wiki/Pietraperzia
015144,Mesero,https://it.wikipedia.org/wiki/Mesero
015236,Vernate,https://it.wikipedia.org/wiki/Vernate_(Italia)
015011,Assago,https://it.wikipedia.org/wiki/Assago
015204,Sedriano,https://it.wikipedia.org/wiki/Sedriano
103053,Piedimulera,https://it.wikipedia.org/wiki/Piedimulera
103054,Pieve Vergonte,https://it.wikipedia.org/wiki/Pieve_Vergonte
103050,Omegna,https://it.wikipedia.org/wiki/Omegna
015106,Gessate,https://it.wikipedia.org/wiki/Gessate
015237,Vignate,https://it.wikipedia.org/wiki/Vignate
024073,Nove,https://it.wikipedia.org/wiki/Nove_(Italia)
061002,Alife,https://it.wikipedia.org/wiki/Alife
061003,Alvignano,https://it.wikipedia.org/wiki/Alvignano
103055,Premeno,https://it.wikipedia.org/wiki/Premeno
103056,Premia,https://it.wikipedia.org/wiki/Premia
015159,Opera,https://it.wikipedia.org/wiki/Opera_(Italia)
015170,Pero,https://it.wikipedia.org/wiki/Pero_(Italia)
013113,Griante,https://it.wikipedia.org/wiki/Griante
024110,Trissino,https://it.wikipedia.org/wiki/Trissino_(Italia)
061004,Arienzo,https://it.wikipedia.org/wiki/Arienzo
061006,Baia e Latina,https://it.wikipedia.org/wiki/Baia_e_Latina
097044,Lomagna,https://it.wikipedia.org/wiki/Lomagna
015173,Pieve Emanuele,https://it.wikipedia.org/wiki/Pieve_Emanuele
103057,Premosello-Chiovenda,https://it.wikipedia.org/wiki/Premosello-Chiovenda
103058,Quarna Sopra,https://it.wikipedia.org/wiki/Quarna_Sopra
061007,Bellona,https://it.wikipedia.org/wiki/Bellona_(Italia)
061009,Caiazzo,https://it.wikipedia.org/wiki/Caiazzo
027005,Caorle,https://it.wikipedia.org/wiki/Caorle
026050,Nervesa della Battaglia,https://it.wikipedia.org/wiki/Nervesa_della_Battaglia
103059,Quarna Sotto,https://it.wikipedia.org/wiki/Quarna_Sotto
024100,Schio,https://it.wikipedia.org/wiki/Schio
024111,Valdagno,https://it.wikipedia.org/wiki/Valdagno
061010,Calvi Risorta,https://it.wikipedia.org/wiki/Calvi_Risorta
061011,Camigliano,https://it.wikipedia.org/wiki/Camigliano
019046,Gadesco-Pieve Delmona,https://it.wikipedia.org/wiki/Gadesco-Pieve_Delmona
019064,Ostiano,https://it.wikipedia.org/wiki/Ostiano
103061,San Bernardino Verbano,https://it.wikipedia.org/wiki/San_Bernardino_Verbano
103062,Santa Maria Maggiore,https://it.wikipedia.org/wiki/Santa_Maria_Maggiore_(Italia)
103060,Re,https://it.wikipedia.org/wiki/Re_(comune_italiano)
023045,Malcesine,https://it.wikipedia.org/wiki/Malcesine
023062,Rivoli Veronese,https://it.wikipedia.org/wiki/Rivoli_Veronese
015209,Sesto San Giovanni,https://it.wikipedia.org/wiki/Sesto_San_Giovanni
061012,Cancello ed Arnone,https://it.wikipedia.org/wiki/Cancello_ed_Arnone
061013,Capodrise,https://it.wikipedia.org/wiki/Capodrise
015077,Cinisello Balsamo,https://it.wikipedia.org/wiki/Cinisello_Balsamo
015125,Locate di Triulzi,https://it.wikipedia.org/wiki/Locate_di_Triulzi
027034,San Michele al Tagliamento,https://it.wikipedia.org/wiki/San_Michele_al_Tagliamento
027019,Jesolo,https://it.wikipedia.org/wiki/Jesolo
061014,Capriati a Volturno,https://it.wikipedia.org/wiki/Capriati_a_Volturno
103064,Stresa,https://it.wikipedia.org/wiki/Stresa
020025,Gazzuolo,https://it.wikipedia.org/wiki/Gazzuolo
020056,San Giacomo delle Segnate,https://it.wikipedia.org/wiki/San_Giacomo_delle_Segnate
023066,Roveredo di Guà,https://it.wikipedia.org/wiki/Roveredo_di_Gu%C3%A0
023080,Selva di Progno,https://it.wikipedia.org/wiki/Selva_di_Progno
061015,Capua,https://it.wikipedia.org/wiki/Capua
061016,Carinaro,https://it.wikipedia.org/wiki/Carinaro
024051,Longare,https://it.wikipedia.org/wiki/Longare
026071,San Biagio di Callalta,https://it.wikipedia.org/wiki/San_Biagio_di_Callalta
023048,Minerbe,https://it.wikipedia.org/wiki/Minerbe
023071,San Giovanni Lupatoto,https://it.wikipedia.org/wiki/San_Giovanni_Lupatoto
103065,Toceno,https://it.wikipedia.org/wiki/Toceno
103066,Trarego Viggiona,https://it.wikipedia.org/wiki/Trarego_Viggiona
027039,Stra,https://it.wikipedia.org/wiki/Stra
020054,Sabbioneta,https://it.wikipedia.org/wiki/Sabbioneta
061017,Carinola,https://it.wikipedia.org/wiki/Carinola
061018,Casagiove,https://it.wikipedia.org/wiki/Casagiove
023032,Erbé,https://it.wikipedia.org/wiki/Erb%C3%A9
023063,Roncà,https://it.wikipedia.org/wiki/Ronc%C3%A0
013106,Garzeno,https://it.wikipedia.org/wiki/Garzeno
013110,Grandate,https://it.wikipedia.org/wiki/Grandate
013234,Valsolda,https://it.wikipedia.org/wiki/Valsolda
020001,Acquanegra sul Chiese,https://it.wikipedia.org/wiki/Acquanegra_sul_Chiese
020021,Curtatone,https://it.wikipedia.org/wiki/Curtatone
103067,Trasquera,https://it.wikipedia.org/wiki/Trasquera
103068,Trontano,https://it.wikipedia.org/wiki/Trontano
061019,Casal di Principe,https://it.wikipedia.org/wiki/Casal_di_Principe
061020,Casaluce,https://it.wikipedia.org/wiki/Casaluce
023040,Isola della Scala,https://it.wikipedia.org/wiki/Isola_della_Scala
023051,Mozzecane,https://it.wikipedia.org/wiki/Mozzecane
013119,Laglio,https://it.wikipedia.org/wiki/Laglio
013211,Schignano,https://it.wikipedia.org/wiki/Schignano
015116,Lainate,https://it.wikipedia.org/wiki/Lainate
015171,Peschiera Borromeo,https://it.wikipedia.org/wiki/Peschiera_Borromeo
061103,Casapesenna,https://it.wikipedia.org/wiki/Casapesenna
061021,Casapulla,https://it.wikipedia.org/wiki/Casapulla
103069,Valstrona,https://it.wikipedia.org/wiki/Valstrona
103070,Vanzone con San Carlo,https://it.wikipedia.org/wiki/Vanzone_con_San_Carlo
024008,Arzignano,https://it.wikipedia.org/wiki/Arzignano
013223,Torno,https://it.wikipedia.org/wiki/Torno
061023,Castel Campagnano,https://it.wikipedia.org/wiki/Castel_Campagnano
061026,Castel Morrone,https://it.wikipedia.org/wiki/Castel_Morrone
015024,Binasco,https://it.wikipedia.org/wiki/Binasco
098009,Casalmaiocco,https://it.wikipedia.org/wiki/Casalmaiocco
061024,Castel di Sasso,https://it.wikipedia.org/wiki/Castel_di_Sasso
061027,Castel Volturno,https://it.wikipedia.org/wiki/Castel_Volturno
097008,Bellano,https://it.wikipedia.org/wiki/Bellano
103071,Varzo,https://it.wikipedia.org/wiki/Varzo
103074,Vignone,https://it.wikipedia.org/wiki/Vignone
013084,Cucciago,https://it.wikipedia.org/wiki/Cucciago
013123,Lasnigo,https://it.wikipedia.org/wiki/Lasnigo
013129,Lipomo,https://it.wikipedia.org/wiki/Lipomo
013138,Lurate Caccivio,https://it.wikipedia.org/wiki/Lurate_Caccivio
103075,Villadossola,https://it.wikipedia.org/wiki/Villadossola
103076,Villette,https://it.wikipedia.org/wiki/Villette_(Italia)
023076,San Pietro in Cariano,https://it.wikipedia.org/wiki/San_Pietro_in_Cariano
023081,Soave,https://it.wikipedia.org/wiki/Soave
027015,Fossalta di Piave,https://it.wikipedia.org/wiki/Fossalta_di_Piave
013232,Valmorea,https://it.wikipedia.org/wiki/Valmorea
023033,Erbezzo,https://it.wikipedia.org/wiki/Erbezzo
023069,San Bonifacio,https://it.wikipedia.org/wiki/San_Bonifacio_(Italia)
020015,Castel Goffredo,https://it.wikipedia.org/wiki/Castel_Goffredo
098055,Sordio,https://it.wikipedia.org/wiki/Sordio
061025,Castello del Matese,https://it.wikipedia.org/wiki/Castello_del_Matese
061102,Cellole,https://it.wikipedia.org/wiki/Cellole
103077,Vogogna,https://it.wikipedia.org/wiki/Vogogna
002002,Alagna Valsesia,https://it.wikipedia.org/wiki/Alagna_Valsesia
026065,Refrontolo,https://it.wikipedia.org/wiki/Refrontolo
027043,Vigonovo,https://it.wikipedia.org/wiki/Vigonovo
061028,Cervino,https://it.wikipedia.org/wiki/Cervino_(comune)
061029,Cesa,https://it.wikipedia.org/wiki/Cesa
097003,Annone di Brianza,https://it.wikipedia.org/wiki/Annone_di_Brianza
015194,San Giorgio su Legnano,https://it.wikipedia.org/wiki/San_Giorgio_su_Legnano
023038,Grezzana,https://it.wikipedia.org/wiki/Grezzana
027013,Eraclea,https://it.wikipedia.org/wiki/Eraclea
013137,Lurago Marinone,https://it.wikipedia.org/wiki/Lurago_Marinone
026084,Tarzo,https://it.wikipedia.org/wiki/Tarzo
002003,Albano Vercellese,https://it.wikipedia.org/wiki/Albano_Vercellese
002004,Alice Castello,https://it.wikipedia.org/wiki/Alice_Castello
061030,Ciorlano,https://it.wikipedia.org/wiki/Ciorlano
061031,Conca della Campania,https://it.wikipedia.org/wiki/Conca_della_Campania
023054,Nogarole Rocca,https://it.wikipedia.org/wiki/Nogarole_Rocca
027044,Cavallino-Treporti,https://it.wikipedia.org/wiki/Cavallino-Treporti
098052,Secugnago,https://it.wikipedia.org/wiki/Secugnago
013139,Magreglio,https://it.wikipedia.org/wiki/Magreglio
013238,Veniano,https://it.wikipedia.org/wiki/Veniano
002006,Arborio,https://it.wikipedia.org/wiki/Arborio
002007,Asigliano Vercellese,https://it.wikipedia.org/wiki/Asigliano_Vercellese
061032,Curti,https://it.wikipedia.org/wiki/Curti
061033,Dragoni,https://it.wikipedia.org/wiki/Dragoni_(Italia)
027016,Fossalta di Portogruaro,https://it.wikipedia.org/wiki/Fossalta_di_Portogruaro
023073,San Martino Buon Albergo,https://it.wikipedia.org/wiki/San_Martino_Buon_Albergo
015211,Settimo Milanese,https://it.wikipedia.org/wiki/Settimo_Milanese
015229,Vanzago,https://it.wikipedia.org/wiki/Vanzago
027009,Cinto Caomaggiore,https://it.wikipedia.org/wiki/Cinto_Caomaggiore
013107,Gera Lario,https://it.wikipedia.org/wiki/Gera_Lario
002008,Balmuccia,https://it.wikipedia.org/wiki/Balmuccia
013222,Tavernerio,https://it.wikipedia.org/wiki/Tavernerio
013242,Vertemate con Minoprio,https://it.wikipedia.org/wiki/Vertemate_con_Minoprio
024018,Caldogno,https://it.wikipedia.org/wiki/Caldogno
023041,Isola Rizza,https://it.wikipedia.org/wiki/Isola_Rizza
018104,Olevano di Lomellina,https://it.wikipedia.org/wiki/Olevano_di_Lomellina
061101,Falciano del Massico,https://it.wikipedia.org/wiki/Falciano_del_Massico
097058,Olgiate Molgora,https://it.wikipedia.org/wiki/Olgiate_Molgora
015200,Santo Stefano Ticino,https://it.wikipedia.org/wiki/Santo_Stefano_Ticino
013212,Senna Comasco,https://it.wikipedia.org/wiki/Senna_Comasco
013245,Villa Guardia,https://it.wikipedia.org/wiki/Villa_Guardia
019037,Cremosano,https://it.wikipedia.org/wiki/Cremosano
097035,Esino Lario,https://it.wikipedia.org/wiki/Esino_Lario
002009,Balocco,https://it.wikipedia.org/wiki/Balocco_(Italia)
002011,Bianzè,https://it.wikipedia.org/wiki/Bianz%C3%A8
027018,Gruaro,https://it.wikipedia.org/wiki/Gruaro
023050,Monteforte d'Alpone,https://it.wikipedia.org/wiki/Monteforte_d%27Alpone
023012,Bovolone,https://it.wikipedia.org/wiki/Bovolone
027040,Teglio Veneto,https://it.wikipedia.org/wiki/Teglio_Veneto
014023,Colorina,https://it.wikipedia.org/wiki/Colorina
018067,Gambarana,https://it.wikipedia.org/wiki/Gambarana
002014,Boccioleto,https://it.wikipedia.org/wiki/Boccioleto
002017,Borgo Vercelli,https://it.wikipedia.org/wiki/Borgo_Vercelli
098017,Cavenago d’Adda,https://it.wikipedia.org/wiki/Cavenago_d%27Adda
097055,Morterone,https://it.wikipedia.org/wiki/Morterone
026031,Gaiarine,https://it.wikipedia.org/wiki/Gaiarine
023044,Legnago,https://it.wikipedia.org/wiki/Legnago
002015,Borgo d'Ale,https://it.wikipedia.org/wiki/Borgo_d%27Ale
002016,Borgosesia,https://it.wikipedia.org/wiki/Borgosesia
013121,Lambrugo,https://it.wikipedia.org/wiki/Lambrugo
024052,Lonigo,https://it.wikipedia.org/wiki/Lonigo
014014,Castello dell'Acqua,https://it.wikipedia.org/wiki/Castello_dell%27Acqua
012140,Vizzola Ticino,https://it.wikipedia.org/wiki/Vizzola_Ticino
019048,Gerre de' Caprioli,https://it.wikipedia.org/wiki/Gerre_de%27_Caprioli
015108,Gorgonzola,https://it.wikipedia.org/wiki/Gorgonzola_(Italia)
013126,Lezzeno,https://it.wikipedia.org/wiki/Lezzeno
027037,Scorzè,https://it.wikipedia.org/wiki/Scorz%C3%A8
023025,Cerea,https://it.wikipedia.org/wiki/Cerea
023089,Valeggio sul Mincio,https://it.wikipedia.org/wiki/Valeggio_sul_Mincio
002021,Buronzo,https://it.wikipedia.org/wiki/Buronzo
002025,Campertogno,https://it.wikipedia.org/wiki/Campertogno
012020,Brezzo di Bedero,https://it.wikipedia.org/wiki/Brezzo_di_Bedero
018112,Pieve Albignola,https://it.wikipedia.org/wiki/Pieve_Albignola
013131,Locate Varesino,https://it.wikipedia.org/wiki/Locate_Varesino
027041,Torre di Mosto,https://it.wikipedia.org/wiki/Torre_di_Mosto
013227,Turate,https://it.wikipedia.org/wiki/Turate
019047,Genivolta,https://it.wikipedia.org/wiki/Genivolta
015247,Zibido San Giacomo,https://it.wikipedia.org/wiki/Zibido_San_Giacomo
026043,Mogliano Veneto,https://it.wikipedia.org/wiki/Mogliano_Veneto
026070,Salgareda,https://it.wikipedia.org/wiki/Salgareda
013154,Montano Lucino,https://it.wikipedia.org/wiki/Montano_Lucino
013161,Nesso,https://it.wikipedia.org/wiki/Nesso_(Italia)
014016,Cedrasco,https://it.wikipedia.org/wiki/Cedrasco
012053,Cocquio-Trevisago,https://it.wikipedia.org/wiki/Cocquio-Trevisago
019006,Bonemerse,https://it.wikipedia.org/wiki/Bonemerse
097039,Imbersago,https://it.wikipedia.org/wiki/Imbersago
002029,Carcoforo,https://it.wikipedia.org/wiki/Carcoforo
002030,Caresana,https://it.wikipedia.org/wiki/Caresana
013186,Pognana Lario,https://it.wikipedia.org/wiki/Pognana_Lario
013188,Ponte Lambro,https://it.wikipedia.org/wiki/Ponte_Lambro
018031,Casanova Lonati,https://it.wikipedia.org/wiki/Casanova_Lonati
018103,Nicorvo,https://it.wikipedia.org/wiki/Nicorvo
026049,Motta di Livenza,https://it.wikipedia.org/wiki/Motta_di_Livenza
024078,Piovene Rocchette,https://it.wikipedia.org/wiki/Piovene_Rocchette
002031,Caresanablot,https://it.wikipedia.org/wiki/Caresanablot
097036,Galbiate,https://it.wikipedia.org/wiki/Galbiate
019090,San Giovanni in Croce,https://it.wikipedia.org/wiki/San_Giovanni_in_Croce
013152,Moltrasio,https://it.wikipedia.org/wiki/Moltrasio
013165,Olgiate Comasco,https://it.wikipedia.org/wiki/Olgiate_Comasco
018064,Fortunago,https://it.wikipedia.org/wiki/Fortunago
014064,Tartano,https://it.wikipedia.org/wiki/Tartano
002032,Carisio,https://it.wikipedia.org/wiki/Carisio
002033,Casanova Elvo,https://it.wikipedia.org/wiki/Casanova_Elvo
024001,Agugliaro,https://it.wikipedia.org/wiki/Agugliaro
026051,Oderzo,https://it.wikipedia.org/wiki/Oderzo
013099,Faloppio,https://it.wikipedia.org/wiki/Faloppio
013202,Rovello Porro,https://it.wikipedia.org/wiki/Rovello_Porro
019072,Pianengo,https://it.wikipedia.org/wiki/Pianengo
019094,Sergnano,https://it.wikipedia.org/wiki/Sergnano
013170,Orsenigo,https://it.wikipedia.org/wiki/Orsenigo
013197,Rodero,https://it.wikipedia.org/wiki/Rodero
024057,Marostica,https://it.wikipedia.org/wiki/Marostica
002041,Cervatto,https://it.wikipedia.org/wiki/Cervatto
002042,Cigliano,https://it.wikipedia.org/wiki/Cigliano
108020,Cogliate,https://it.wikipedia.org/wiki/Cogliate
012113,Porto Ceresio,https://it.wikipedia.org/wiki/Porto_Ceresio
015206,Senago,https://it.wikipedia.org/wiki/Senago
019030,Cicognolo,https://it.wikipedia.org/wiki/Cicognolo
013185,Plesio,https://it.wikipedia.org/wiki/Plesio
013216,Sorico,https://it.wikipedia.org/wiki/Sorico
023027,Cologna Veneta,https://it.wikipedia.org/wiki/Cologna_Veneta
023082,Sommacampagna,https://it.wikipedia.org/wiki/Sommacampagna
002043,Civiasco,https://it.wikipedia.org/wiki/Civiasco
002045,Collobiano,https://it.wikipedia.org/wiki/Collobiano
024053,Lugo di Vicenza,https://it.wikipedia.org/wiki/Lugo_di_Vicenza
026039,Maser,https://it.wikipedia.org/wiki/Maser_(Italia)
015114,Inzago,https://it.wikipedia.org/wiki/Inzago
019114,Volongo,https://it.wikipedia.org/wiki/Volongo
018040,Castelnovetto,https://it.wikipedia.org/wiki/Castelnovetto
108038,Ronco Briantino,https://it.wikipedia.org/wiki/Ronco_Briantino
013145,Menaggio,https://it.wikipedia.org/wiki/Menaggio
013155,Montemezzo,https://it.wikipedia.org/wiki/Montemezzo
098038,Meleti,https://it.wikipedia.org/wiki/Meleti
015221,Trezzo sull'Adda,https://it.wikipedia.org/wiki/Trezzo_sull%27Adda
018038,Castelletto di Branduzzo,https://it.wikipedia.org/wiki/Castelletto_di_Branduzzo
023023,Cavaion Veronese,https://it.wikipedia.org/wiki/Cavaion_Veronese
023058,Pescantina,https://it.wikipedia.org/wiki/Pescantina
002047,Costanzana,https://it.wikipedia.org/wiki/Costanzana
002048,Cravagliana,https://it.wikipedia.org/wiki/Cravagliana
023034,Ferrara di Monte Baldo,https://it.wikipedia.org/wiki/Ferrara_di_Monte_Baldo
026087,Valdobbiadene,https://it.wikipedia.org/wiki/Valdobbiadene
023042,Lavagno,https://it.wikipedia.org/wiki/Lavagno
024105,Thiene,https://it.wikipedia.org/wiki/Thiene
002049,Crescentino,https://it.wikipedia.org/wiki/Crescentino
002052,Crova,https://it.wikipedia.org/wiki/Crova
018045,Cergnago,https://it.wikipedia.org/wiki/Cergnago
108053,Cornate d'Adda,https://it.wikipedia.org/wiki/Cornate_d%27Adda
013153,Monguzzo,https://it.wikipedia.org/wiki/Monguzzo
013169,Oltrona di San Mamette,https://it.wikipedia.org/wiki/Oltrona_di_San_Mamette
026060,Portobuffolé,https://it.wikipedia.org/wiki/Portobuffol%C3%A9
024084,Recoaro Terme,https://it.wikipedia.org/wiki/Recoaro_Terme
002054,Desana,https://it.wikipedia.org/wiki/Desana
002057,Fobello,https://it.wikipedia.org/wiki/Fobello
018094,Montalto Pavese,https://it.wikipedia.org/wiki/Montalto_Pavese
014059,Sernio,https://it.wikipedia.org/wiki/Sernio
013178,Peglio,https://it.wikipedia.org/wiki/Peglio_(Lombardia)
024101,Solagna,https://it.wikipedia.org/wiki/Solagna
018051,Codevilla,https://it.wikipedia.org/wiki/Codevilla
014067,Torre di Santa Maria,https://it.wikipedia.org/wiki/Torre_di_Santa_Maria
023094,Vigasio,https://it.wikipedia.org/wiki/Vigasio
027023,Mira,https://it.wikipedia.org/wiki/Mira_(Italia)
002058,Fontanetto Po,https://it.wikipedia.org/wiki/Fontanetto_Po
023078,Sant'Anna d'Alfaedo,https://it.wikipedia.org/wiki/Sant%27Anna_d%27Alfaedo
013246,Zelbio,https://it.wikipedia.org/wiki/Zelbio
024066,Monteviale,https://it.wikipedia.org/wiki/Monteviale
026025,Crocetta del Montello,https://it.wikipedia.org/wiki/Crocetta_del_Montello
026027,Follina,https://it.wikipedia.org/wiki/Follina
013192,Proserpio,https://it.wikipedia.org/wiki/Proserpio
013195,Rezzago,https://it.wikipedia.org/wiki/Rezzago
002059,Formigliana,https://it.wikipedia.org/wiki/Formigliana
002061,Gattinara,https://it.wikipedia.org/wiki/Gattinara
019039,Cumignano sul Naviglio,https://it.wikipedia.org/wiki/Cumignano_sul_Naviglio
019044,Formigara,https://it.wikipedia.org/wiki/Formigara
020064,Sustinente,https://it.wikipedia.org/wiki/Sustinente
024096,San Vito di Leguzzano,https://it.wikipedia.org/wiki/San_Vito_di_Leguzzano
026075,Santa Lucia di Piave,https://it.wikipedia.org/wiki/Santa_Lucia_di_Piave
024107,Torrebelvicino,https://it.wikipedia.org/wiki/Torrebelvicino
027020,Marcon,https://it.wikipedia.org/wiki/Marcon
013143,Mariano Comense,https://it.wikipedia.org/wiki/Mariano_Comense
018018,Borgo San Siro,https://it.wikipedia.org/wiki/Borgo_San_Siro
014075,Verceia,https://it.wikipedia.org/wiki/Verceia
002062,Ghislarengo,https://it.wikipedia.org/wiki/Ghislarengo
002065,Greggio,https://it.wikipedia.org/wiki/Greggio_(Italia)
027027,Noventa di Piave,https://it.wikipedia.org/wiki/Noventa_di_Piave
013183,Pianello del Lario,https://it.wikipedia.org/wiki/Pianello_del_Lario
019045,Gabbioneta-Binanuova,https://it.wikipedia.org/wiki/Gabbioneta-Binanuova
019050,Grontardo,https://it.wikipedia.org/wiki/Grontardo
014012,Campodolcino,https://it.wikipedia.org/wiki/Campodolcino
108032,Misinto,https://it.wikipedia.org/wiki/Misinto
012101,Mercallo,https://it.wikipedia.org/wiki/Mercallo
014058,San Giacomo Filippo,https://it.wikipedia.org/wiki/San_Giacomo_Filippo
002066,Guardabosone,https://it.wikipedia.org/wiki/Guardabosone
002067,Lamporo,https://it.wikipedia.org/wiki/Lamporo
097090,Viganò,https://it.wikipedia.org/wiki/Vigan%C3%B2
019070,Pessina Cremonese,https://it.wikipedia.org/wiki/Pessina_Cremonese
012056,Cremenaga,https://it.wikipedia.org/wiki/Cremenaga
014052,Ponte in Valtellina,https://it.wikipedia.org/wiki/Ponte_in_Valtellina
013187,Ponna,https://it.wikipedia.org/wiki/Ponna
026069,Roncade,https://it.wikipedia.org/wiki/Roncade
024034,Cornedo Vicentino,https://it.wikipedia.org/wiki/Cornedo_Vicentino
023085,Terrazzo,https://it.wikipedia.org/wiki/Terrazzo_(comune)
002068,Lenta,https://it.wikipedia.org/wiki/Lenta
002070,Lignana,https://it.wikipedia.org/wiki/Lignana
012079,Gorla Minore,https://it.wikipedia.org/wiki/Gorla_Minore
014036,Lanzada,https://it.wikipedia.org/wiki/Lanzada
013102,Fino Mornasco,https://it.wikipedia.org/wiki/Fino_Mornasco
013249,Gravedona ed Uniti,https://it.wikipedia.org/wiki/Gravedona_ed_Uniti
013135,Luisago,https://it.wikipedia.org/wiki/Luisago
019013,Cappella Cantone,https://it.wikipedia.org/wiki/Cappella_Cantone
019069,Pescarolo ed Uniti,https://it.wikipedia.org/wiki/Pescarolo_ed_Uniti
027007,Ceggia,https://it.wikipedia.org/wiki/Ceggia
024067,Monticello Conte Otto,https://it.wikipedia.org/wiki/Monticello_Conte_Otto
002071,Livorno Ferraris,https://it.wikipedia.org/wiki/Livorno_Ferraris
002072,Lozzolo,https://it.wikipedia.org/wiki/Lozzolo
012033,Carnago,https://it.wikipedia.org/wiki/Carnago
108043,Triuggio,https://it.wikipedia.org/wiki/Triuggio
013128,Limido Comasco,https://it.wikipedia.org/wiki/Limido_Comasco
013206,San Fermo della Battaglia,https://it.wikipedia.org/wiki/San_Fermo_della_Battaglia
019105,Torlino Vimercati,https://it.wikipedia.org/wiki/Torlino_Vimercati
019106,Tornata,https://it.wikipedia.org/wiki/Tornata
002078,Mollia,https://it.wikipedia.org/wiki/Mollia
002079,Moncrivello,https://it.wikipedia.org/wiki/Moncrivello
024032,Cogollo del Cengio,https://it.wikipedia.org/wiki/Cogollo_del_Cengio
024038,Dueville,https://it.wikipedia.org/wiki/Dueville
012060,Cunardo,https://it.wikipedia.org/wiki/Cunardo
014026,Delebio,https://it.wikipedia.org/wiki/Delebio
026062,Povegliano,https://it.wikipedia.org/wiki/Povegliano
023079,San Zeno di Montagna,https://it.wikipedia.org/wiki/San_Zeno_di_Montagna
097007,Barzio,https://it.wikipedia.org/wiki/Barzio
019080,Ripalta Arpina,https://it.wikipedia.org/wiki/Ripalta_Arpina
024076,Pedemonte,https://it.wikipedia.org/wiki/Pedemonte
023008,Bevilacqua,https://it.wikipedia.org/wiki/Bevilacqua_(Veneto)
012012,Besnate,https://it.wikipedia.org/wiki/Besnate
012067,Fagnano Olona,https://it.wikipedia.org/wiki/Fagnano_Olona
002082,Motta de' Conti,https://it.wikipedia.org/wiki/Motta_de%27_Conti
003018,Biandrate,https://it.wikipedia.org/wiki/Biandrate
003019,Boca,https://it.wikipedia.org/wiki/Boca_(Italia)
097018,Cassina Valsassina,https://it.wikipedia.org/wiki/Cassina_Valsassina
019073,Pieranica,https://it.wikipedia.org/wiki/Pieranica
003021,Bogogno,https://it.wikipedia.org/wiki/Bogogno
003022,Bolzano Novarese,https://it.wikipedia.org/wiki/Bolzano_Novarese
018046,Certosa di Pavia,https://it.wikipedia.org/wiki/Certosa_di_Pavia_(comune)
018130,Rosasco,https://it.wikipedia.org/wiki/Rosasco
013130,Livo,https://it.wikipedia.org/wiki/Livo_(Lombardia)
013218,Stazzona,https://it.wikipedia.org/wiki/Stazzona_(Italia)
026023,Cornuda,https://it.wikipedia.org/wiki/Cornuda
023093,Vestenanova,https://it.wikipedia.org/wiki/Vestenanova
108006,Bellusco,https://it.wikipedia.org/wiki/Bellusco
018149,Silvano Pietra,https://it.wikipedia.org/wiki/Silvano_Pietra
014010,Buglio in Monte,https://it.wikipedia.org/wiki/Buglio_in_Monte
014032,Gordona,https://it.wikipedia.org/wiki/Gordona
108010,Bovisio Masciago,https://it.wikipedia.org/wiki/Bovisio_Masciago
014029,Forcola,https://it.wikipedia.org/wiki/Forcola
026038,Mareno di Piave,https://it.wikipedia.org/wiki/Mareno_di_Piave
023090,Velo Veronese,https://it.wikipedia.org/wiki/Velo_Veronese
019087,Salvirola,https://it.wikipedia.org/wiki/Salvirola
019102,Spino d’Adda,https://it.wikipedia.org/wiki/Spino_d%27Adda
097062,Paderno d'Adda,https://it.wikipedia.org/wiki/Paderno_d%27Adda
016215,Torre de' Busi,https://it.wikipedia.org/wiki/Torre_de%27_Busi
018015,Borgarello,https://it.wikipedia.org/wiki/Borgarello
108041,Sovico,https://it.wikipedia.org/wiki/Sovico
003025,Borgo Ticino,https://it.wikipedia.org/wiki/Borgo_Ticino
012120,Sesto Calende,https://it.wikipedia.org/wiki/Sesto_Calende
014062,Spriana,https://it.wikipedia.org/wiki/Spriana
108005,Barlassina,https://it.wikipedia.org/wiki/Barlassina
012078,Gorla Maggiore,https://it.wikipedia.org/wiki/Gorla_Maggiore
019038,Crotta d'Adda,https://it.wikipedia.org/wiki/Crotta_d%27Adda
019049,Gombito,https://it.wikipedia.org/wiki/Gombito
023031,Dolcè,https://it.wikipedia.org/wiki/Dolc%C3%A8
027012,Dolo,https://it.wikipedia.org/wiki/Dolo_(Italia)
018169,Valle Salimbene,https://it.wikipedia.org/wiki/Valle_Salimbene
012061,Curiglia con Monteviasco,https://it.wikipedia.org/wiki/Curiglia_con_Monteviasco
108011,Briosco,https://it.wikipedia.org/wiki/Briosco
012085,Jerago con Orago,https://it.wikipedia.org/wiki/Jerago_con_Orago
013189,Porlezza,https://it.wikipedia.org/wiki/Porlezza
023077,Sant'Ambrogio di Valpolicella,https://it.wikipedia.org/wiki/Sant%27Ambrogio_di_Valpolicella
003023,Borgolavezzaro,https://it.wikipedia.org/wiki/Borgolavezzaro
003024,Borgomanero,https://it.wikipedia.org/wiki/Borgomanero
012090,Lonate Pozzolo,https://it.wikipedia.org/wiki/Lonate_Pozzolo
014073,Valfurva,https://it.wikipedia.org/wiki/Valfurva
019011,Campagnola Cremasca,https://it.wikipedia.org/wiki/Campagnola_Cremasca
019091,San Martino del Lago,https://it.wikipedia.org/wiki/San_Martino_del_Lago
043014,Colmurano,https://it.wikipedia.org/wiki/Colmurano
003026,Briga Novarese,https://it.wikipedia.org/wiki/Briga_Novarese
003027,Briona,https://it.wikipedia.org/wiki/Briona
012093,Luvinate,https://it.wikipedia.org/wiki/Luvinate
018091,Mezzana Rabattone,https://it.wikipedia.org/wiki/Mezzana_Rabattone
003030,Caltignaga,https://it.wikipedia.org/wiki/Caltignaga
003032,Cameri,https://it.wikipedia.org/wiki/Cameri
108017,Cavenago di Brianza,https://it.wikipedia.org/wiki/Cavenago_di_Brianza
014069,Traona,https://it.wikipedia.org/wiki/Traona
015002,Abbiategrasso,https://it.wikipedia.org/wiki/Abbiategrasso
097084,Varenna,https://it.wikipedia.org/wiki/Varenna
018079,Langosco,https://it.wikipedia.org/wiki/Langosco
018124,Robecco Pavese,https://it.wikipedia.org/wiki/Robecco_Pavese
018027,Candia Lomellina,https://it.wikipedia.org/wiki/Candia_Lomellina
012062,Cuveglio,https://it.wikipedia.org/wiki/Cuveglio
043015,Corridonia,https://it.wikipedia.org/wiki/Corridonia
043016,Esanatoglia,https://it.wikipedia.org/wiki/Esanatoglia
043012,Cingoli,https://it.wikipedia.org/wiki/Cingoli_(Italia)
018020,Bosnasco,https://it.wikipedia.org/wiki/Bosnasco
018029,Canneto Pavese,https://it.wikipedia.org/wiki/Canneto_Pavese
015118,Legnano,https://it.wikipedia.org/wiki/Legnano
003036,Carpignano Sesia,https://it.wikipedia.org/wiki/Carpignano_Sesia
003037,Casalbeltrame,https://it.wikipedia.org/wiki/Casalbeltrame
003039,Casaleggio Novara,https://it.wikipedia.org/wiki/Casaleggio_Novara
003040,Casalino,https://it.wikipedia.org/wiki/Casalino
018074,Golferenzo,https://it.wikipedia.org/wiki/Golferenzo
012082,Inarzo,https://it.wikipedia.org/wiki/Inarzo
108009,Biassono,https://it.wikipedia.org/wiki/Biassono
014007,Berbenno di Valtellina,https://it.wikipedia.org/wiki/Berbenno_di_Valtellina
015166,Paderno Dugnano,https://it.wikipedia.org/wiki/Paderno_Dugnano
043017,Fiastra,https://it.wikipedia.org/wiki/Fiastra
043019,Fiuminata,https://it.wikipedia.org/wiki/Fiuminata
003041,Casalvolone,https://it.wikipedia.org/wiki/Casalvolone
003042,Castellazzo Novarese,https://it.wikipedia.org/wiki/Castellazzo_Novarese
014030,Fusine,https://it.wikipedia.org/wiki/Fusine_(Italia)
012131,Valganna,https://it.wikipedia.org/wiki/Valganna
015175,Pioltello,https://it.wikipedia.org/wiki/Pioltello
015182,Rho,https://it.wikipedia.org/wiki/Rho
012004,Arcisate,https://it.wikipedia.org/wiki/Arcisate
012017,Brebbia,https://it.wikipedia.org/wiki/Brebbia
003043,Castelletto sopra Ticino,https://it.wikipedia.org/wiki/Castelletto_sopra_Ticino
043020,Gagliole,https://it.wikipedia.org/wiki/Gagliole
043021,Gualdo,https://it.wikipedia.org/wiki/Gualdo
012030,Cantello,https://it.wikipedia.org/wiki/Cantello
012066,Duno,https://it.wikipedia.org/wiki/Duno
097004,Ballabio,https://it.wikipedia.org/wiki/Ballabio
020063,Solferino,https://it.wikipedia.org/wiki/Solferino
015243,Vittuone,https://it.wikipedia.org/wiki/Vittuone
043022,Loro Piceno,https://it.wikipedia.org/wiki/Loro_Piceno
043003,Appignano,https://it.wikipedia.org/wiki/Appignano
003044,Cavaglietto,https://it.wikipedia.org/wiki/Cavaglietto
003045,Cavaglio d'Agogna,https://it.wikipedia.org/wiki/Cavaglio_d%27Agogna
014017,Cercino,https://it.wikipedia.org/wiki/Cercino
012073,Gazzada Schianno,https://it.wikipedia.org/wiki/Gazzada_Schianno
025069,Zoppè di Cadore,https://it.wikipedia.org/wiki/Zopp%C3%A9_di_Cadore
012016,Bodio Lomnago,https://it.wikipedia.org/wiki/Bodio_Lomnago
014077,Villa di Chiavenna,https://it.wikipedia.org/wiki/Villa_di_Chiavenna
019035,Crema,https://it.wikipedia.org/wiki/Crema_(Italia)
015189,Rozzano,https://it.wikipedia.org/wiki/Rozzano
025050,Santo Stefano di Cadore,https://it.wikipedia.org/wiki/Santo_Stefano_di_Cadore
025054,Selva di Cadore,https://it.wikipedia.org/wiki/Selva_di_Cadore
012038,Casciago,https://it.wikipedia.org/wiki/Casciago
012043,Castello Cabiaglio,https://it.wikipedia.org/wiki/Castello_Cabiaglio
065001,Acerno,https://it.wikipedia.org/wiki/Acerno
065002,Agropoli,https://it.wikipedia.org/wiki/Agropoli
003047,Cavallirio,https://it.wikipedia.org/wiki/Cavallirio
003049,Cerano,https://it.wikipedia.org/wiki/Cerano_(comune)
025055,Seren del Grappa,https://it.wikipedia.org/wiki/Seren_del_Grappa
025056,Sospirolo,https://it.wikipedia.org/wiki/Sospirolo
003051,Colazza,https://it.wikipedia.org/wiki/Colazza
003052,Comignago,https://it.wikipedia.org/wiki/Comignago
065003,Albanella,https://it.wikipedia.org/wiki/Albanella_(Italia)
065004,Alfano,https://it.wikipedia.org/wiki/Alfano
015009,Arese,https://it.wikipedia.org/wiki/Arese
019103,Stagno Lombardo,https://it.wikipedia.org/wiki/Stagno_Lombardo
012110,Orino,https://it.wikipedia.org/wiki/Orino
025037,Perarolo di Cadore,https://it.wikipedia.org/wiki/Perarolo_di_Cadore
025007,Borca di Cadore,https://it.wikipedia.org/wiki/Borca_di_Cadore
012071,Galliate Lombardo,https://it.wikipedia.org/wiki/Galliate_Lombardo
097059,Olginate,https://it.wikipedia.org/wiki/Olginate
019093,Scandolara Ripa d'Oglio,https://it.wikipedia.org/wiki/Scandolara_Ripa_d%27Oglio
003055,Cressa,https://it.wikipedia.org/wiki/Cressa
003058,Cureggio,https://it.wikipedia.org/wiki/Cureggio
012021,Brinzio,https://it.wikipedia.org/wiki/Brinzio
012091,Lozza,https://it.wikipedia.org/wiki/Lozza
012058,Cuasso al Monte,https://it.wikipedia.org/wiki/Cuasso_al_Monte
025036,Pedavena,https://it.wikipedia.org/wiki/Pedavena
065005,Altavilla Silentina,https://it.wikipedia.org/wiki/Altavilla_Silentina
065006,Amalfi,https://it.wikipedia.org/wiki/Amalfi
065007,Angri,https://it.wikipedia.org/wiki/Angri
097021,Cesana Brianza,https://it.wikipedia.org/wiki/Cesana_Brianza
019115,Voltido,https://it.wikipedia.org/wiki/Voltido
003060,Divignano,https://it.wikipedia.org/wiki/Divignano
003062,Dormelletto,https://it.wikipedia.org/wiki/Dormelletto
025035,Ospitale di Cadore,https://it.wikipedia.org/wiki/Ospitale_di_Cadore
108047,Veduggio con Colzano,https://it.wikipedia.org/wiki/Veduggio_con_Colzano
065008,Aquara,https://it.wikipedia.org/wiki/Aquara
065009,Ascea,https://it.wikipedia.org/wiki/Ascea
097005,Barzago,https://it.wikipedia.org/wiki/Barzago
019026,Castelverde,https://it.wikipedia.org/wiki/Castelverde
012011,Besano,https://it.wikipedia.org/wiki/Besano
108039,Seregno,https://it.wikipedia.org/wiki/Seregno
018012,Battuda,https://it.wikipedia.org/wiki/Battuda
018160,Torrevecchia Pia,https://it.wikipedia.org/wiki/Torrevecchia_Pia
003065,Fara Novarese,https://it.wikipedia.org/wiki/Fara_Novarese
003066,Fontaneto d'Agogna,https://it.wikipedia.org/wiki/Fontaneto_d%27Agogna
065010,Atena Lucana,https://it.wikipedia.org/wiki/Atena_Lucana
015076,Cesate,https://it.wikipedia.org/wiki/Cesate
019015,Capralba,https://it.wikipedia.org/wiki/Capralba
012087,Laveno-Mombello,https://it.wikipedia.org/wiki/Laveno-Mombello
014050,Piuro,https://it.wikipedia.org/wiki/Piuro
012003,Angera,https://it.wikipedia.org/wiki/Angera
108045,Varedo,https://it.wikipedia.org/wiki/Varedo
019022,Casalmorano,https://it.wikipedia.org/wiki/Casalmorano
015201,San Vittore Olona,https://it.wikipedia.org/wiki/San_Vittore_Olona
065011,Atrani,https://it.wikipedia.org/wiki/Atrani
065012,Auletta,https://it.wikipedia.org/wiki/Auletta
018059,Cozzo,https://it.wikipedia.org/wiki/Cozzo
065013,Baronissi,https://it.wikipedia.org/wiki/Baronissi
065014,Battipaglia,https://it.wikipedia.org/wiki/Battipaglia
003068,Galliate,https://it.wikipedia.org/wiki/Galliate
003069,Garbagna Novarese,https://it.wikipedia.org/wiki/Garbagna_Novarese
108021,Concorezzo,https://it.wikipedia.org/wiki/Concorezzo
018078,Landriano,https://it.wikipedia.org/wiki/Landriano
019016,Casalbuttano ed Uniti,https://it.wikipedia.org/wiki/Casalbuttano_ed_Uniti
019033,Corte de' Frati,https://it.wikipedia.org/wiki/Corte_de%27_Frati
012034,Caronno Pertusella,https://it.wikipedia.org/wiki/Caronno_Pertusella
012118,Samarate,https://it.wikipedia.org/wiki/Samarate
012121,Solbiate Arno,https://it.wikipedia.org/wiki/Solbiate_Arno
108042,Sulbiate,https://it.wikipedia.org/wiki/Sulbiate
065158,Bellizzi,https://it.wikipedia.org/wiki/Bellizzi
065015,Bellosguardo,https://it.wikipedia.org/wiki/Bellosguardo
003070,Gargallo,https://it.wikipedia.org/wiki/Gargallo
019024,Castel Gabbiano,https://it.wikipedia.org/wiki/Castel_Gabbiano
097034,Erve,https://it.wikipedia.org/wiki/Erve
018009,Bascapè,https://it.wikipedia.org/wiki/Bascap%C3%A8
018177,Vigevano,https://it.wikipedia.org/wiki/Vigevano
097009,Bosisio Parini,https://it.wikipedia.org/wiki/Bosisio_Parini
019019,Casaletto di Sopra,https://it.wikipedia.org/wiki/Casaletto_di_Sopra
065016,Bracigliano,https://it.wikipedia.org/wiki/Bracigliano
065017,Buccino,https://it.wikipedia.org/wiki/Buccino
012063,Cuvio,https://it.wikipedia.org/wiki/Cuvio
012068,Ferno,https://it.wikipedia.org/wiki/Ferno
003073,Ghemme,https://it.wikipedia.org/wiki/Ghemme
003076,Gozzano,https://it.wikipedia.org/wiki/Gozzano
018102,Mortara,https://it.wikipedia.org/wiki/Mortara
019034,Credera Rubbiano,https://it.wikipedia.org/wiki/Credera_Rubbiano
015249,Vanzaghello,https://it.wikipedia.org/wiki/Vanzaghello
003077,Granozzo con Monticello,https://it.wikipedia.org/wiki/Granozzo_con_Monticello
003079,Grignasco,https://it.wikipedia.org/wiki/Grignasco
108013,Burago di Molgora,https://it.wikipedia.org/wiki/Burago_di_Molgora
012029,Cairate,https://it.wikipedia.org/wiki/Cairate
065018,Buonabitacolo,https://it.wikipedia.org/wiki/Buonabitacolo
065019,Caggiano,https://it.wikipedia.org/wiki/Caggiano
019005,Bagnolo Cremasco,https://it.wikipedia.org/wiki/Bagnolo_Cremasco
019111,Vaiano Cremasco,https://it.wikipedia.org/wiki/Vaiano_Cremasco
003082,Invorio,https://it.wikipedia.org/wiki/Invorio
003083,Landiona,https://it.wikipedia.org/wiki/Landiona
018014,Bereguardo,https://it.wikipedia.org/wiki/Bereguardo
018062,Ferrera Erbognone,https://it.wikipedia.org/wiki/Ferrera_Erbognone
012064,Daverio,https://it.wikipedia.org/wiki/Daverio
012075,Gerenzano,https://it.wikipedia.org/wiki/Gerenzano
065020,Calvanico,https://it.wikipedia.org/wiki/Calvanico
065021,Camerota,https://it.wikipedia.org/wiki/Camerota
019029,Chieve,https://it.wikipedia.org/wiki/Chieve
015078,Cisliano,https://it.wikipedia.org/wiki/Cisliano
014015,Castione Andevenno,https://it.wikipedia.org/wiki/Castione_Andevenno
018069,Garlasco,https://it.wikipedia.org/wiki/Garlasco
003084,Lesa,https://it.wikipedia.org/wiki/Lesa
003088,Maggiora,https://it.wikipedia.org/wiki/Maggiora
012059,Cugliate-Fabiasco,https://it.wikipedia.org/wiki/Cugliate-Fabiasco
012137,Venegono Superiore,https://it.wikipedia.org/wiki/Venegono_Superiore
065022,Campagna,https://it.wikipedia.org/wiki/Campagna_(Italia)
065023,Campora,https://it.wikipedia.org/wiki/Campora
018023,Bressana Bottarone,https://it.wikipedia.org/wiki/Bressana_Bottarone
012070,Gallarate,https://it.wikipedia.org/wiki/Gallarate
097012,Calco,https://it.wikipedia.org/wiki/Calco_(Italia)
019065,Paderno Ponchielli,https://it.wikipedia.org/wiki/Paderno_Ponchielli
003090,Mandello Vitta,https://it.wikipedia.org/wiki/Mandello_Vitta
003091,Marano Ticino,https://it.wikipedia.org/wiki/Marano_Ticino
065024,Cannalonga,https://it.wikipedia.org/wiki/Cannalonga
065025,Capaccio Paestum,https://it.wikipedia.org/wiki/Capaccio_Paestum
018039,Castello d'Agogna,https://it.wikipedia.org/wiki/Castello_d%27Agogna
018185,Zeccone,https://it.wikipedia.org/wiki/Zeccone
025012,Chies d'Alpago,https://it.wikipedia.org/wiki/Chies_d%27Alpago
012054,Comabbio,https://it.wikipedia.org/wiki/Comabbio
019010,Camisano,https://it.wikipedia.org/wiki/Camisano
019023,Casteldidone,https://it.wikipedia.org/wiki/Casteldidone
003093,Massino Visconti,https://it.wikipedia.org/wiki/Massino_Visconti
003095,Meina,https://it.wikipedia.org/wiki/Meina
018159,Torre d'Isola,https://it.wikipedia.org/wiki/Torre_d%27Isola
018181,Vistarino,https://it.wikipedia.org/wiki/Vistarino
065028,Casal Velino,https://it.wikipedia.org/wiki/Casal_Velino
025014,Colle Santa Lucia,https://it.wikipedia.org/wiki/Colle_Santa_Lucia
012119,Saronno,https://it.wikipedia.org/wiki/Saronno
003097,Mezzomerico,https://it.wikipedia.org/wiki/Mezzomerico
018085,Magherno,https://it.wikipedia.org/wiki/Magherno
018165,Trovo,https://it.wikipedia.org/wiki/Trovo
097010,Brivio,https://it.wikipedia.org/wiki/Brivio
019110,Trigolo,https://it.wikipedia.org/wiki/Trigolo
065026,Casalbuono,https://it.wikipedia.org/wiki/Casalbuono
065027,Casaletto Spartano,https://it.wikipedia.org/wiki/Casaletto_Spartano
012014,Biandronno,https://it.wikipedia.org/wiki/Biandronno
003098,Miasino,https://it.wikipedia.org/wiki/Miasino
003100,Momo,https://it.wikipedia.org/wiki/Momo_(Italia)
019017,Casale Cremasco-Vidolasco,https://it.wikipedia.org/wiki/Casale_Cremasco-Vidolasco
019043,Fiesco,https://it.wikipedia.org/wiki/Fiesco
019100,Spinadesco,https://it.wikipedia.org/wiki/Spinadesco
018053,Copiano,https://it.wikipedia.org/wiki/Copiano
018179,Villanova d'Ardenghi,https://it.wikipedia.org/wiki/Villanova_d%27Ardenghi
065029,Caselle in Pittari,https://it.wikipedia.org/wiki/Caselle_in_Pittari
065034,Castel San Giorgio,https://it.wikipedia.org/wiki/Castel_San_Giorgio
108024,Giussano,https://it.wikipedia.org/wiki/Giussano
014066,Tirano,https://it.wikipedia.org/wiki/Tirano
097040,Introbio,https://it.wikipedia.org/wiki/Introbio
097079,Taceno,https://it.wikipedia.org/wiki/Taceno
003103,Nebbiuno,https://it.wikipedia.org/wiki/Nebbiuno
003104,Nibbiola,https://it.wikipedia.org/wiki/Nibbiola
025067,Voltago Agordino,https://it.wikipedia.org/wiki/Voltago_Agordino
018071,Gerenzago,https://it.wikipedia.org/wiki/Gerenzago
065035,Castel San Lorenzo,https://it.wikipedia.org/wiki/Castel_San_Lorenzo
065030,Castelcivita,https://it.wikipedia.org/wiki/Castelcivita
014037,Livigno,https://it.wikipedia.org/wiki/Livigno
108040,Seveso,https://it.wikipedia.org/wiki/Seveso
003108,Oleggio,https://it.wikipedia.org/wiki/Oleggio
003109,Oleggio Castello,https://it.wikipedia.org/wiki/Oleggio_Castello
018068,Gambolò,https://it.wikipedia.org/wiki/Gambol%C3%B2
014041,Mello,https://it.wikipedia.org/wiki/Mello_(Italia)
097075,Sirone,https://it.wikipedia.org/wiki/Sirone
019101,Spineda,https://it.wikipedia.org/wiki/Spineda
003112,Orta San Giulio,https://it.wikipedia.org/wiki/Orta_San_Giulio
003114,Paruzzaro,https://it.wikipedia.org/wiki/Paruzzaro
065032,Castelnuovo Cilento,https://it.wikipedia.org/wiki/Castelnuovo_Cilento
065033,Castelnuovo di Conza,https://it.wikipedia.org/wiki/Castelnuovo_di_Conza
097038,Garlate,https://it.wikipedia.org/wiki/Garlate
097037,Garbagnate Monastero,https://it.wikipedia.org/wiki/Garbagnate_Monastero
003115,Pella,https://it.wikipedia.org/wiki/Pella_(Italia)
003116,Pettenasco,https://it.wikipedia.org/wiki/Pettenasco
018065,Frascarolo,https://it.wikipedia.org/wiki/Frascarolo
018174,Verretto,https://it.wikipedia.org/wiki/Verretto
023022,Castelnuovo del Garda,https://it.wikipedia.org/wiki/Castelnuovo_del_Garda
019052,Gussola,https://it.wikipedia.org/wiki/Gussola
019054,Izano,https://it.wikipedia.org/wiki/Izano
065036,Castiglione del Genovesi,https://it.wikipedia.org/wiki/Castiglione_del_Genovesi
065038,Celle di Bulgheria,https://it.wikipedia.org/wiki/Celle_di_Bulgheria
003119,Pisano,https://it.wikipedia.org/wiki/Pisano_(Italia)
024026,Cassola,https://it.wikipedia.org/wiki/Cassola
026073,San Pietro di Feletto,https://it.wikipedia.org/wiki/San_Pietro_di_Feletto
065039,Centola,https://it.wikipedia.org/wiki/Centola
065040,Ceraso,https://it.wikipedia.org/wiki/Ceraso_(Italia)
003120,Pogno,https://it.wikipedia.org/wiki/Pogno
003121,Pombia,https://it.wikipedia.org/wiki/Pombia
065042,Cicerale,https://it.wikipedia.org/wiki/Cicerale
065043,Colliano,https://it.wikipedia.org/wiki/Colliano
023014,Brenzone sul Garda,https://it.wikipedia.org/wiki/Brenzone_sul_Garda
023016,Buttapietra,https://it.wikipedia.org/wiki/Buttapietra
012050,Cislago,https://it.wikipedia.org/wiki/Cislago
012077,Golasecca,https://it.wikipedia.org/wiki/Golasecca
065044,Conca dei Marini,https://it.wikipedia.org/wiki/Conca_dei_Marini
065045,Controne,https://it.wikipedia.org/wiki/Controne
003122,Prato Sesia,https://it.wikipedia.org/wiki/Prato_Sesia
003129,Recetto,https://it.wikipedia.org/wiki/Recetto
024019,Caltrano,https://it.wikipedia.org/wiki/Caltrano
024036,Creazzo,https://it.wikipedia.org/wiki/Creazzo
012039,Casorate Sempione,https://it.wikipedia.org/wiki/Casorate_Sempione
014063,Talamona,https://it.wikipedia.org/wiki/Talamona
003130,Romagnano Sesia,https://it.wikipedia.org/wiki/Romagnano_Sesia
003131,Romentino,https://it.wikipedia.org/wiki/Romentino
065046,Contursi Terme,https://it.wikipedia.org/wiki/Contursi_Terme
065047,Corbara,https://it.wikipedia.org/wiki/Corbara_(Italia)
003133,San Maurizio d'Opaglio,https://it.wikipedia.org/wiki/San_Maurizio_d%27Opaglio
003134,San Nazzaro Sesia,https://it.wikipedia.org/wiki/San_Nazzaro_Sesia
019088,San Bassano,https://it.wikipedia.org/wiki/San_Bassano
097083,Valmadrera,https://it.wikipedia.org/wiki/Valmadrera
012015,Bisuschio,https://it.wikipedia.org/wiki/Bisuschio
014034,Grosotto,https://it.wikipedia.org/wiki/Grosotto
065048,Corleto Monforte,https://it.wikipedia.org/wiki/Corleto_Monforte
065049,Cuccaro Vetere,https://it.wikipedia.org/wiki/Cuccaro_Vetere
097050,Moggio,https://it.wikipedia.org/wiki/Moggio_(Italia)
019112,Vailate,https://it.wikipedia.org/wiki/Vailate
003135,San Pietro Mosezzo,https://it.wikipedia.org/wiki/San_Pietro_Mosezzo
003138,Sillavengo,https://it.wikipedia.org/wiki/Sillavengo
024091,Sandrigo,https://it.wikipedia.org/wiki/Sandrigo
026083,Susegana,https://it.wikipedia.org/wiki/Susegana
018061,Dorno,https://it.wikipedia.org/wiki/Dorno
012080,Gornate Olona,https://it.wikipedia.org/wiki/Gornate_Olona
003139,Sizzano,https://it.wikipedia.org/wiki/Sizzano
003140,Soriso,https://it.wikipedia.org/wiki/Soriso
019051,Grumello Cremonese ed Uniti,https://it.wikipedia.org/wiki/Grumello_Cremonese_ed_Uniti
019092,Scandolara Ravara,https://it.wikipedia.org/wiki/Scandolara_Ravara
026029,Fonte,https://it.wikipedia.org/wiki/Fonte_(Italia)
026090,Vidor,https://it.wikipedia.org/wiki/Vidor_(Italia)
065041,Cetara,https://it.wikipedia.org/wiki/Cetara
065050,Eboli,https://it.wikipedia.org/wiki/Eboli
108046,Vedano al Lambro,https://it.wikipedia.org/wiki/Vedano_al_Lambro
108048,Verano Brianza,https://it.wikipedia.org/wiki/Verano_Brianza
003141,Sozzago,https://it.wikipedia.org/wiki/Sozzago
003143,Suno,https://it.wikipedia.org/wiki/Suno
097078,Suello,https://it.wikipedia.org/wiki/Suello
019113,Vescovato,https://it.wikipedia.org/wiki/Vescovato_(Italia)
065051,Felitto,https://it.wikipedia.org/wiki/Felitto
065052,Fisciano,https://it.wikipedia.org/wiki/Fisciano
012076,Germignaga,https://it.wikipedia.org/wiki/Germignaga
014074,Val Masino,https://it.wikipedia.org/wiki/Val_Masino_(Italia)
027021,Martellago,https://it.wikipedia.org/wiki/Martellago
027025,Musile di Piave,https://it.wikipedia.org/wiki/Musile_di_Piave
003144,Terdobbiate,https://it.wikipedia.org/wiki/Terdobbiate
003146,Tornaco,https://it.wikipedia.org/wiki/Tornaco
019055,Madignano,https://it.wikipedia.org/wiki/Madignano
019053,Isola Dovarese,https://it.wikipedia.org/wiki/Isola_Dovarese
065053,Furore,https://it.wikipedia.org/wiki/Furore_(Italia)
065054,Futani,https://it.wikipedia.org/wiki/Futani
108007,Bernareggio,https://it.wikipedia.org/wiki/Bernareggio
012045,Castelveccana,https://it.wikipedia.org/wiki/Castelveccana
023015,Bussolengo,https://it.wikipedia.org/wiki/Bussolengo
027031,Quarto d'Altino,https://it.wikipedia.org/wiki/Quarto_d%27Altino
019109,Trescore Cremasco,https://it.wikipedia.org/wiki/Trescore_Cremasco
097082,Valgreghentino,https://it.wikipedia.org/wiki/Valgreghentino
003149,Trecate,https://it.wikipedia.org/wiki/Trecate
065055,Giffoni Sei Casali,https://it.wikipedia.org/wiki/Giffoni_Sei_Casali
065056,Giffoni Valle Piana,https://it.wikipedia.org/wiki/Giffoni_Valle_Piana
020017,Castiglione delle Stiviere,https://it.wikipedia.org/wiki/Castiglione_delle_Stiviere
097023,Colico,https://it.wikipedia.org/wiki/Colico
108015,Carate Brianza,https://it.wikipedia.org/wiki/Carate_Brianza
018033,Casei Gerola,https://it.wikipedia.org/wiki/Casei_Gerola
026068,Riese Pio X,https://it.wikipedia.org/wiki/Riese_Pio_X
024056,Marano Vicentino,https://it.wikipedia.org/wiki/Marano_Vicentino
003153,Vaprio d'Agogna,https://it.wikipedia.org/wiki/Vaprio_d%27Agogna
003154,Varallo Pombia,https://it.wikipedia.org/wiki/Varallo_Pombia
020035,Moglia,https://it.wikipedia.org/wiki/Moglia
097072,Rogeno,https://it.wikipedia.org/wiki/Rogeno
027003,Campolongo Maggiore,https://it.wikipedia.org/wiki/Campolongo_Maggiore
027024,Mirano,https://it.wikipedia.org/wiki/Mirano
065057,Gioi,https://it.wikipedia.org/wiki/Gioi
065058,Giungano,https://it.wikipedia.org/wiki/Giungano
003158,Vespolate,https://it.wikipedia.org/wiki/Vespolate
003159,Vicolungo,https://it.wikipedia.org/wiki/Vicolungo
012036,Casale Litta,https://it.wikipedia.org/wiki/Casale_Litta
018032,Casatisma,https://it.wikipedia.org/wiki/Casatisma
027004,Camponogara,https://it.wikipedia.org/wiki/Camponogara
026046,Montebelluna,https://it.wikipedia.org/wiki/Montebelluna
015005,Albairate,https://it.wikipedia.org/wiki/Albairate
015032,Bresso,https://it.wikipedia.org/wiki/Bresso
065059,Ispani,https://it.wikipedia.org/wiki/Ispani
065060,Laureana Cilento,https://it.wikipedia.org/wiki/Laureana_Cilento
012010,Bedero Valcuvia,https://it.wikipedia.org/wiki/Bedero_Valcuvia
014011,Caiolo,https://it.wikipedia.org/wiki/Caiolo
027002,Campagna Lupia,https://it.wikipedia.org/wiki/Campagna_Lupia
026034,Gorgo al Monticano,https://it.wikipedia.org/wiki/Gorgo_al_Monticano
015007,Arconate,https://it.wikipedia.org/wiki/Arconate
015205,Segrate,https://it.wikipedia.org/wiki/Segrate
065061,Laurino,https://it.wikipedia.org/wiki/Laurino
065063,Laviano,https://it.wikipedia.org/wiki/Laviano
025010,Cencenighe Agordino,https://it.wikipedia.org/wiki/Cencenighe_Agordino
018166,Val di Nizza,https://it.wikipedia.org/wiki/Val_di_Nizza
003164,Vinzaglio,https://it.wikipedia.org/wiki/Vinzaglio
110003,Bisceglie,https://it.wikipedia.org/wiki/Bisceglie
026030,Fregona,https://it.wikipedia.org/wiki/Fregona
026078,Sarmede,https://it.wikipedia.org/wiki/Sarmede
015014,Basiano,https://it.wikipedia.org/wiki/Basiano
110004,Canosa di Puglia,https://it.wikipedia.org/wiki/Canosa_di_Puglia
012041,Cassano Valcuvia,https://it.wikipedia.org/wiki/Cassano_Valcuvia
025017,Danta di Cadore,https://it.wikipedia.org/wiki/Danta_di_Cadore
023011,Bosco Chiesanuova,https://it.wikipedia.org/wiki/Bosco_Chiesanuova
026093,Volpago del Montello,https://it.wikipedia.org/wiki/Volpago_del_Montello
065064,Lustra,https://it.wikipedia.org/wiki/Lustra
065065,Magliano Vetere,https://it.wikipedia.org/wiki/Magliano_Vetere
015035,Bubbiano,https://it.wikipedia.org/wiki/Bubbiano
015081,Cologno Monzese,https://it.wikipedia.org/wiki/Cologno_Monzese
024002,Albettone,https://it.wikipedia.org/wiki/Albettone
026028,Fontanelle,https://it.wikipedia.org/wiki/Fontanelle_(comune_italiano)
110005,Margherita di Savoia,https://it.wikipedia.org/wiki/Margherita_di_Savoia_(Italia)
110006,Minervino Murge,https://it.wikipedia.org/wiki/Minervino_Murge
015012,Bareggio,https://it.wikipedia.org/wiki/Bareggio
015195,San Giuliano Milanese,https://it.wikipedia.org/wiki/San_Giuliano_Milanese
065066,Maiori,https://it.wikipedia.org/wiki/Maiori
018030,Carbonara al Ticino,https://it.wikipedia.org/wiki/Carbonara_al_Ticino
025025,Gosaldo,https://it.wikipedia.org/wiki/Gosaldo
065067,Mercato San Severino,https://it.wikipedia.org/wiki/Mercato_San_Severino
065068,Minori,https://it.wikipedia.org/wiki/Minori_(Italia)
018080,Lardirago,https://it.wikipedia.org/wiki/Lardirago
018156,Torre Beretti e Castellaro,https://it.wikipedia.org/wiki/Torre_Beretti_e_Castellaro
006103,Montaldeo,https://it.wikipedia.org/wiki/Montaldeo
006104,Montaldo Bormida,https://it.wikipedia.org/wiki/Montaldo_Bormida
065069,Moio della Civitella,https://it.wikipedia.org/wiki/Moio_della_Civitella
065070,Montano Antilia,https://it.wikipedia.org/wiki/Montano_Antilia
103001,Antrona Schieranco,https://it.wikipedia.org/wiki/Antrona_Schieranco
103002,Anzola d'Ossola,https://it.wikipedia.org/wiki/Anzola_d%27Ossola
103003,Arizzano,https://it.wikipedia.org/wiki/Arizzano
110007,San Ferdinando di Puglia,https://it.wikipedia.org/wiki/San_Ferdinando_di_Puglia
012022,Brissago-Valtravaglia,https://it.wikipedia.org/wiki/Brissago-Valtravaglia
018138,Sannazzaro de' Burgondi,https://it.wikipedia.org/wiki/Sannazzaro_de%27_Burgondi
065075,Monte San Giacomo,https://it.wikipedia.org/wiki/Monte_San_Giacomo
065071,Montecorice,https://it.wikipedia.org/wiki/Montecorice
024005,Altissimo,https://it.wikipedia.org/wiki/Altissimo_(Italia)
024089,Rotzo,https://it.wikipedia.org/wiki/Rotzo
103004,Arola,https://it.wikipedia.org/wiki/Arola
103005,Aurano,https://it.wikipedia.org/wiki/Aurano
006105,Montecastello,https://it.wikipedia.org/wiki/Montecastello
006106,Montechiaro d'Acqui,https://it.wikipedia.org/wiki/Montechiaro_d%27Acqui
014035,Madesimo,https://it.wikipedia.org/wiki/Madesimo
018133,San Cipriano Po,https://it.wikipedia.org/wiki/San_Cipriano_Po
006107,Montegioco,https://it.wikipedia.org/wiki/Montegioco
006108,Montemarzino,https://it.wikipedia.org/wiki/Montemarzino
103006,Baceno,https://it.wikipedia.org/wiki/Baceno
103007,Bannio Anzino,https://it.wikipedia.org/wiki/Bannio_Anzino
018134,San Damiano al Colle,https://it.wikipedia.org/wiki/San_Damiano_al_Colle
018158,Torre de' Negri,https://it.wikipedia.org/wiki/Torre_de%27_Negri
024085,Roana,https://it.wikipedia.org/wiki/Roana
024042,Gallio,https://it.wikipedia.org/wiki/Gallio_(Italia)
065073,Montecorvino Rovella,https://it.wikipedia.org/wiki/Montecorvino_Rovella
065074,Monteforte Cilento,https://it.wikipedia.org/wiki/Monteforte_Cilento
006109,Morano sul Po,https://it.wikipedia.org/wiki/Morano_sul_Po
103008,Baveno,https://it.wikipedia.org/wiki/Baveno
103009,Bee,https://it.wikipedia.org/wiki/Bee
018186,Zeme,https://it.wikipedia.org/wiki/Zeme
018188,Zerbo,https://it.wikipedia.org/wiki/Zerbo
006110,Morbello,https://it.wikipedia.org/wiki/Morbello
006111,Mornese,https://it.wikipedia.org/wiki/Mornese
065076,Montesano sulla Marcellana,https://it.wikipedia.org/wiki/Montesano_sulla_Marcellana
065077,Morigerati,https://it.wikipedia.org/wiki/Morigerati
103010,Belgirate,https://it.wikipedia.org/wiki/Belgirate
103011,Beura-Cardezza,https://it.wikipedia.org/wiki/Beura-Cardezza
024006,Arcugnano,https://it.wikipedia.org/wiki/Arcugnano
024080,Posina,https://it.wikipedia.org/wiki/Posina
065078,Nocera Inferiore,https://it.wikipedia.org/wiki/Nocera_Inferiore
065079,Nocera Superiore,https://it.wikipedia.org/wiki/Nocera_Superiore
018084,Lungavilla,https://it.wikipedia.org/wiki/Lungavilla
018184,Zavattarello,https://it.wikipedia.org/wiki/Zavattarello
024004,Altavilla Vicentina,https://it.wikipedia.org/wiki/Altavilla_Vicentina
023006,Bardolino,https://it.wikipedia.org/wiki/Bardolino
006112,Morsasco,https://it.wikipedia.org/wiki/Morsasco
006113,Murisengo Monferrato,https://it.wikipedia.org/wiki/Murisengo_Monferrato
110008,Spinazzola,https://it.wikipedia.org/wiki/Spinazzola
103012,Bognanco,https://it.wikipedia.org/wiki/Bognanco
006115,Occimiano,https://it.wikipedia.org/wiki/Occimiano
006116,Odalengo Grande,https://it.wikipedia.org/wiki/Odalengo_Grande
012048,Cavaria con Premezzo,https://it.wikipedia.org/wiki/Cavaria_con_Premezzo
025026,Lamon,https://it.wikipedia.org/wiki/Lamon
065080,Novi Velia,https://it.wikipedia.org/wiki/Novi_Velia
065081,Ogliastro Cilento,https://it.wikipedia.org/wiki/Ogliastro_Cilento
103013,Brovello-Carpugnino,https://it.wikipedia.org/wiki/Brovello-Carpugnino
110010,Trinitapoli,https://it.wikipedia.org/wiki/Trinitapoli
024118,Villaverla,https://it.wikipedia.org/wiki/Villaverla
024099,Schiavon,https://it.wikipedia.org/wiki/Schiavon
006117,Odalengo Piccolo,https://it.wikipedia.org/wiki/Odalengo_Piccolo
006118,Olivola,https://it.wikipedia.org/wiki/Olivola
018157,Torre d'Arese,https://it.wikipedia.org/wiki/Torre_d%27Arese
018163,Trivolzio,https://it.wikipedia.org/wiki/Trivolzio
006119,Orsara Bormida,https://it.wikipedia.org/wiki/Orsara_Bormida
006120,Ottiglio,https://it.wikipedia.org/wiki/Ottiglio
103014,Calasca-Castiglione,https://it.wikipedia.org/wiki/Calasca-Castiglione
043031,Monte San Giusto,https://it.wikipedia.org/wiki/Monte_San_Giusto
018048,Chignolo Po,https://it.wikipedia.org/wiki/Chignolo_Po
025013,Cibiana di Cadore,https://it.wikipedia.org/wiki/Cibiana_di_Cadore
006121,Ovada,https://it.wikipedia.org/wiki/Ovada
006122,Oviglio,https://it.wikipedia.org/wiki/Oviglio
024090,Salcedo,https://it.wikipedia.org/wiki/Salcedo_(Italia)
024097,Sarcedo,https://it.wikipedia.org/wiki/Sarcedo
065083,Oliveto Citra,https://it.wikipedia.org/wiki/Oliveto_Citra
065084,Omignano,https://it.wikipedia.org/wiki/Omignano
006123,Ozzano Monferrato,https://it.wikipedia.org/wiki/Ozzano_Monferrato
006124,Paderna,https://it.wikipedia.org/wiki/Paderna
024095,Santorso,https://it.wikipedia.org/wiki/Santorso
024117,Villaga,https://it.wikipedia.org/wiki/Villaga
065085,Orria,https://it.wikipedia.org/wiki/Orria
065086,Ottati,https://it.wikipedia.org/wiki/Ottati
024098,Sarego,https://it.wikipedia.org/wiki/Sarego
024128,Sovizzo,https://it.wikipedia.org/wiki/Sovizzo
006125,Pareto,https://it.wikipedia.org/wiki/Pareto_(Italia)
006126,Parodi Ligure,https://it.wikipedia.org/wiki/Parodi_Ligure
006127,Pasturana,https://it.wikipedia.org/wiki/Pasturana
030109,Sedegliano,https://it.wikipedia.org/wiki/Sedegliano
030110,Socchieve,https://it.wikipedia.org/wiki/Socchieve
024049,Laghi,https://it.wikipedia.org/wiki/Laghi_(comune)
024102,Sossano,https://it.wikipedia.org/wiki/Sossano
065087,Padula,https://it.wikipedia.org/wiki/Padula
065088,Pagani,https://it.wikipedia.org/wiki/Pagani_(Italia)
043032,Monte San Martino,https://it.wikipedia.org/wiki/Monte_San_Martino
043026,Montecassiano,https://it.wikipedia.org/wiki/Montecassiano
030111,Stregna,https://it.wikipedia.org/wiki/Stregna
030112,Sutrio,https://it.wikipedia.org/wiki/Sutrio
024007,Arsiero,https://it.wikipedia.org/wiki/Arsiero
023043,Lazise,https://it.wikipedia.org/wiki/Lazise
030113,Taipana,https://it.wikipedia.org/wiki/Taipana
030114,Talmassons,https://it.wikipedia.org/wiki/Talmassons
065089,Palomonte,https://it.wikipedia.org/wiki/Palomonte
065090,Pellezzano,https://it.wikipedia.org/wiki/Pellezzano
006128,Pecetto di Valenza,https://it.wikipedia.org/wiki/Pecetto_di_Valenza
006129,Pietra Marazzi,https://it.wikipedia.org/wiki/Pietra_Marazzi
043028,Montecosaro,https://it.wikipedia.org/wiki/Montecosaro
043029,Montefano,https://it.wikipedia.org/wiki/Montefano
065091,Perdifumo,https://it.wikipedia.org/wiki/Perdifumo
065092,Perito,https://it.wikipedia.org/wiki/Perito_(Campania)
043030,Montelupone,https://it.wikipedia.org/wiki/Montelupone
043033,Morrovalle,https://it.wikipedia.org/wiki/Morrovalle
006131,Pomaro Monferrato,https://it.wikipedia.org/wiki/Pomaro_Monferrato
006132,Pontecurone,https://it.wikipedia.org/wiki/Pontecurone
024039,Enego,https://it.wikipedia.org/wiki/Enego
023052,Negrar di Valpolicella,https://it.wikipedia.org/wiki/Negrar_di_Valpolicella
030116,Tarcento,https://it.wikipedia.org/wiki/Tarcento
030118,Tavagnacco,https://it.wikipedia.org/wiki/Tavagnacco
065093,Pertosa,https://it.wikipedia.org/wiki/Pertosa
065094,Petina,https://it.wikipedia.org/wiki/Petina
027038,Spinea,https://it.wikipedia.org/wiki/Spinea
027028,Pianiga,https://it.wikipedia.org/wiki/Pianiga
006133,Pontestura,https://it.wikipedia.org/wiki/Pontestura
006134,Ponti,https://it.wikipedia.org/wiki/Ponti_(Italia)
030120,Terzo di Aquileia,https://it.wikipedia.org/wiki/Terzo_di_Aquileia
030121,Tolmezzo,https://it.wikipedia.org/wiki/Tolmezzo
043034,Muccia,https://it.wikipedia.org/wiki/Muccia
043035,Penna San Giovanni,https://it.wikipedia.org/wiki/Penna_San_Giovanni
027006,Cavarzere,https://it.wikipedia.org/wiki/Cavarzere
027022,Meolo,https://it.wikipedia.org/wiki/Meolo
006135,Ponzano Monferrato,https://it.wikipedia.org/wiki/Ponzano_Monferrato
006136,Ponzone,https://it.wikipedia.org/wiki/Ponzone
027014,Fiesso d'Artico,https://it.wikipedia.org/wiki/Fiesso_d%27Artico
027017,Fossò,https://it.wikipedia.org/wiki/Foss%C3%B2
030122,Torreano,https://it.wikipedia.org/wiki/Torreano
006137,Pozzol Groppo,https://it.wikipedia.org/wiki/Pozzol_Groppo
006138,Pozzolo Formigaro,https://it.wikipedia.org/wiki/Pozzolo_Formigaro
004196,Rodello,https://it.wikipedia.org/wiki/Rodello
004197,Rossana,https://it.wikipedia.org/wiki/Rossana_(Italia)
030123,Torviscosa,https://it.wikipedia.org/wiki/Torviscosa
030124,Trasaghis,https://it.wikipedia.org/wiki/Trasaghis
030126,Treppo Grande,https://it.wikipedia.org/wiki/Treppo_Grande
030127,Tricesimo,https://it.wikipedia.org/wiki/Tricesimo
004198,Ruffia,https://it.wikipedia.org/wiki/Ruffia
004200,Sale San Giovanni,https://it.wikipedia.org/wiki/Sale_San_Giovanni
043036,Petriolo,https://it.wikipedia.org/wiki/Petriolo
043038,Pieve Torina,https://it.wikipedia.org/wiki/Pieve_Torina
027026,Noale,https://it.wikipedia.org/wiki/Noale
023088,Trevenzuolo,https://it.wikipedia.org/wiki/Trevenzuolo
006139,Prasco,https://it.wikipedia.org/wiki/Prasco
006140,Predosa,https://it.wikipedia.org/wiki/Predosa
043039,Pioraco,https://it.wikipedia.org/wiki/Pioraco
043040,Poggio San Vicino,https://it.wikipedia.org/wiki/Poggio_San_Vicino
027035,Santa Maria di Sala,https://it.wikipedia.org/wiki/Santa_Maria_di_Sala
023098,Zimella,https://it.wikipedia.org/wiki/Zimella
006141,Quargnento,https://it.wikipedia.org/wiki/Quargnento
006142,Quattordio,https://it.wikipedia.org/wiki/Quattordio
030128,Trivignano Udinese,https://it.wikipedia.org/wiki/Trivignano_Udinese
030130,Varmo,https://it.wikipedia.org/wiki/Varmo
043041,Pollenza,https://it.wikipedia.org/wiki/Pollenza
043042,Porto Recanati,https://it.wikipedia.org/wiki/Porto_Recanati
006144,Rivalta Bormida,https://it.wikipedia.org/wiki/Rivalta_Bormida
006145,Rivarone,https://it.wikipedia.org/wiki/Rivarone
004199,Sale delle Langhe,https://it.wikipedia.org/wiki/Sale_delle_Langhe
054018,Foligno,https://it.wikipedia.org/wiki/Foligno
004201,Saliceto,https://it.wikipedia.org/wiki/Saliceto_(Italia)
043043,Potenza Picena,https://it.wikipedia.org/wiki/Potenza_Picena
043044,Recanati,https://it.wikipedia.org/wiki/Recanati
030133,Villa Santina,https://it.wikipedia.org/wiki/Villa_Santina
030135,Visco,https://it.wikipedia.org/wiki/Visco
054019,Fossato di Vico,https://it.wikipedia.org/wiki/Fossato_di_Vico
004202,Salmour,https://it.wikipedia.org/wiki/Salmour
006143,Ricaldone,https://it.wikipedia.org/wiki/Ricaldone
006147,Rocca Grimalda,https://it.wikipedia.org/wiki/Rocca_Grimalda
006146,Roccaforte Ligure,https://it.wikipedia.org/wiki/Roccaforte_Ligure
024055,Malo,https://it.wikipedia.org/wiki/Malo_(Italia)
023092,Veronella,https://it.wikipedia.org/wiki/Veronella
006148,Rocchetta Ligure,https://it.wikipedia.org/wiki/Rocchetta_Ligure
006149,Rosignano Monferrato,https://it.wikipedia.org/wiki/Rosignano_Monferrato
043045,Ripe San Ginesio,https://it.wikipedia.org/wiki/Ripe_San_Ginesio
043046,San Ginesio,https://it.wikipedia.org/wiki/San_Ginesio
054022,Gualdo Cattaneo,https://it.wikipedia.org/wiki/Gualdo_Cattaneo
004203,Saluzzo,https://it.wikipedia.org/wiki/Saluzzo
006150,Sala Monferrato,https://it.wikipedia.org/wiki/Sala_Monferrato
006151,Sale,https://it.wikipedia.org/wiki/Sale_(Italia)
054020,Fratta Todina,https://it.wikipedia.org/wiki/Fratta_Todina
054021,Giano dell'Umbria,https://it.wikipedia.org/wiki/Giano_dell%27Umbria
030136,Zuglio,https://it.wikipedia.org/wiki/Zuglio
016004,Albino,https://it.wikipedia.org/wiki/Albino_(Italia)
030131,Venzone,https://it.wikipedia.org/wiki/Venzone
030132,Verzegnis,https://it.wikipedia.org/wiki/Verzegnis
027032,Salzano,https://it.wikipedia.org/wiki/Salzano
026076,San Vendemiano,https://it.wikipedia.org/wiki/San_Vendemiano
006152,San Cristoforo,https://it.wikipedia.org/wiki/San_Cristoforo_(Italia)
006153,San Giorgio Monferrato,https://it.wikipedia.org/wiki/San_Giorgio_Monferrato
054023,Gualdo Tadino,https://it.wikipedia.org/wiki/Gualdo_Tadino
004204,Sambuco,https://it.wikipedia.org/wiki/Sambuco_(Italia)
006154,San Salvatore Monferrato,https://it.wikipedia.org/wiki/San_Salvatore_Monferrato
006155,San Sebastiano Curone,https://it.wikipedia.org/wiki/San_Sebastiano_Curone
079008,Badolato,https://it.wikipedia.org/wiki/Badolato
079009,Belcastro,https://it.wikipedia.org/wiki/Belcastro
037059,Vergato,https://it.wikipedia.org/wiki/Vergato
079005,Andali,https://it.wikipedia.org/wiki/Andali
079007,Argusto,https://it.wikipedia.org/wiki/Argusto
054025,Lisciano Niccone,https://it.wikipedia.org/wiki/Lisciano_Niccone
054026,Magione,https://it.wikipedia.org/wiki/Magione_(Italia)
052001,Abbadia San Salvatore,https://it.wikipedia.org/wiki/Abbadia_San_Salvatore
052002,Asciano,https://it.wikipedia.org/wiki/Asciano
079003,Amaroni,https://it.wikipedia.org/wiki/Amaroni
079004,Amato,https://it.wikipedia.org/wiki/Amato_(Italia)
024048,Isola Vicentina,https://it.wikipedia.org/wiki/Isola_Vicentina
026081,Silea,https://it.wikipedia.org/wiki/Silea
023019,Casaleone,https://it.wikipedia.org/wiki/Casaleone
026080,Sernaglia della Battaglia,https://it.wikipedia.org/wiki/Sernaglia_della_Battaglia
054024,Gubbio,https://it.wikipedia.org/wiki/Gubbio
006156,Sant'Agata Fossili,https://it.wikipedia.org/wiki/Sant%27Agata_Fossili
006157,Sardigliano,https://it.wikipedia.org/wiki/Sardigliano
006158,Sarezzano,https://it.wikipedia.org/wiki/Sarezzano
066001,Acciano,https://it.wikipedia.org/wiki/Acciano
066002,Aielli,https://it.wikipedia.org/wiki/Aielli
079011,Borgia,https://it.wikipedia.org/wiki/Borgia_(Italia)
079012,Botricello,https://it.wikipedia.org/wiki/Botricello
054027,Marsciano,https://it.wikipedia.org/wiki/Marsciano
004207,San Damiano Macra,https://it.wikipedia.org/wiki/San_Damiano_Macra
079017,Caraffa di Catanzaro,https://it.wikipedia.org/wiki/Caraffa_di_Catanzaro
079018,Cardinale,https://it.wikipedia.org/wiki/Cardinale_(Italia)
006159,Serralunga di Crea,https://it.wikipedia.org/wiki/Serralunga_di_Crea
006160,Serravalle Scrivia,https://it.wikipedia.org/wiki/Serravalle_Scrivia
054028,Massa Martana,https://it.wikipedia.org/wiki/Massa_Martana
004210,San Michele Mondovì,https://it.wikipedia.org/wiki/San_Michele_Mondov%C3%AC
024009,Asiago,https://it.wikipedia.org/wiki/Asiago
024108,Torri di Quartesolo,https://it.wikipedia.org/wiki/Torri_di_Quartesolo
066003,Alfedena,https://it.wikipedia.org/wiki/Alfedena
013233,Val Rezzo,https://it.wikipedia.org/wiki/Val_Rezzo
052005,Castellina in Chianti,https://it.wikipedia.org/wiki/Castellina_in_Chianti
052006,Castelnuovo Berardenga,https://it.wikipedia.org/wiki/Castelnuovo_Berardenga
079020,Carlopoli,https://it.wikipedia.org/wiki/Carlopoli
079024,Cenadi,https://it.wikipedia.org/wiki/Cenadi
054029,Monte Castello di Vibio,https://it.wikipedia.org/wiki/Monte_Castello_di_Vibio
004209,Sanfront,https://it.wikipedia.org/wiki/Sanfront
006163,Solero,https://it.wikipedia.org/wiki/Solero_(Italia)
006164,Solonghello,https://it.wikipedia.org/wiki/Solonghello
006161,Sezzadio,https://it.wikipedia.org/wiki/Sezzadio
006162,Silvano d'Orba,https://it.wikipedia.org/wiki/Silvano_d%27Orba
052003,Buonconvento,https://it.wikipedia.org/wiki/Buonconvento
052004,Casole d'Elsa,https://it.wikipedia.org/wiki/Casole_d%27Elsa
026079,Segusino,https://it.wikipedia.org/wiki/Segusino
013239,Vercana,https://it.wikipedia.org/wiki/Vercana
013204,San Bartolomeo Val Cavargna,https://it.wikipedia.org/wiki/San_Bartolomeo_Val_Cavargna
013217,Sormano,https://it.wikipedia.org/wiki/Sormano
079025,Centrache,https://it.wikipedia.org/wiki/Centrache
079027,Cerva,https://it.wikipedia.org/wiki/Cerva
006165,Spigno Monferrato,https://it.wikipedia.org/wiki/Spigno_Monferrato
006166,Spineto Scrivia,https://it.wikipedia.org/wiki/Spineto_Scrivia
004205,Sampeyre,https://it.wikipedia.org/wiki/Sampeyre
004206,San Benedetto Belbo,https://it.wikipedia.org/wiki/San_Benedetto_Belbo
006167,Stazzano,https://it.wikipedia.org/wiki/Stazzano
006168,Strevi,https://it.wikipedia.org/wiki/Strevi
004208,Sanfrè,https://it.wikipedia.org/wiki/Sanfr%C3%A9
052007,Castiglione d'Orcia,https://it.wikipedia.org/wiki/Castiglione_d%27Orcia
052008,Cetona,https://it.wikipedia.org/wiki/Cetona
052009,Chianciano Terme,https://it.wikipedia.org/wiki/Chianciano_Terme
079033,Conflenti,https://it.wikipedia.org/wiki/Conflenti
079034,Cortale,https://it.wikipedia.org/wiki/Cortale
023026,Cerro Veronese,https://it.wikipedia.org/wiki/Cerro_Veronese
026022,Cordignano,https://it.wikipedia.org/wiki/Cordignano
054032,Monte Santa Maria Tiberina,https://it.wikipedia.org/wiki/Monte_Santa_Maria_Tiberina
054030,Montefalco,https://it.wikipedia.org/wiki/Montefalco
066005,Ateleta,https://it.wikipedia.org/wiki/Ateleta
023070,San Giovanni Ilarione,https://it.wikipedia.org/wiki/San_Giovanni_Ilarione
006169,Tagliolo Monferrato,https://it.wikipedia.org/wiki/Tagliolo_Monferrato
006170,Tassarolo,https://it.wikipedia.org/wiki/Tassarolo
054031,Monteleone di Spoleto,https://it.wikipedia.org/wiki/Monteleone_di_Spoleto
004211,Sant'Albano Stura,https://it.wikipedia.org/wiki/Sant%27Albano_Stura
079029,Chiaravalle Centrale,https://it.wikipedia.org/wiki/Chiaravalle_Centrale
079030,Cicala,https://it.wikipedia.org/wiki/Cicala_(Italia)
079036,Cropani,https://it.wikipedia.org/wiki/Cropani
079039,Curinga,https://it.wikipedia.org/wiki/Curinga
006171,Terruggia,https://it.wikipedia.org/wiki/Terruggia
006172,Terzo,https://it.wikipedia.org/wiki/Terzo_(Italia)
052010,Chiusdino,https://it.wikipedia.org/wiki/Chiusdino
052011,Chiusi,https://it.wikipedia.org/wiki/Chiusi
013101,Figino Serenza,https://it.wikipedia.org/wiki/Figino_Serenza
023035,Fumane,https://it.wikipedia.org/wiki/Fumane
004212,Santa Vittoria d'Alba,https://it.wikipedia.org/wiki/Santa_Vittoria_d%27Alba
004213,Santo Stefano Belbo,https://it.wikipedia.org/wiki/Santo_Stefano_Belbo
066004,Anversa degli Abruzzi,https://it.wikipedia.org/wiki/Anversa_degli_Abruzzi
024012,Bassano del Grappa,https://it.wikipedia.org/wiki/Bassano_del_Grappa
052012,Colle di Val d'Elsa,https://it.wikipedia.org/wiki/Colle_di_Val_d%27Elsa
052013,Gaiole in Chianti,https://it.wikipedia.org/wiki/Gaiole_in_Chianti
006173,Ticineto,https://it.wikipedia.org/wiki/Ticineto
006174,Tortona,https://it.wikipedia.org/wiki/Tortona
004214,Santo Stefano Roero,https://it.wikipedia.org/wiki/Santo_Stefano_Roero
054033,Montone,https://it.wikipedia.org/wiki/Montone_(comune)
066006,Avezzano,https://it.wikipedia.org/wiki/Avezzano
006175,Treville,https://it.wikipedia.org/wiki/Treville
079047,Falerna,https://it.wikipedia.org/wiki/Falerna
079048,Feroleto Antico,https://it.wikipedia.org/wiki/Feroleto_Antico
079042,Davoli,https://it.wikipedia.org/wiki/Davoli
079043,Decollatura,https://it.wikipedia.org/wiki/Decollatura
052037,Montalcino,https://it.wikipedia.org/wiki/Montalcino
013087,Dizzasco,https://it.wikipedia.org/wiki/Dizzasco
013207,San Nazzaro Val Cavargna,https://it.wikipedia.org/wiki/San_Nazzaro_Val_Cavargna
079052,Fossato Serralta,https://it.wikipedia.org/wiki/Fossato_Serralta
079055,Gagliato,https://it.wikipedia.org/wiki/Gagliato
052015,Montepulciano,https://it.wikipedia.org/wiki/Montepulciano
052016,Monteriggioni,https://it.wikipedia.org/wiki/Monteriggioni
006176,Trisobbio,https://it.wikipedia.org/wiki/Trisobbio
006177,Valenza,https://it.wikipedia.org/wiki/Valenza_(Italia)
004215,Savigliano,https://it.wikipedia.org/wiki/Savigliano
004216,Scagnello,https://it.wikipedia.org/wiki/Scagnello
054034,Nocera Umbra,https://it.wikipedia.org/wiki/Nocera_Umbra
004217,Scarnafigi,https://it.wikipedia.org/wiki/Scarnafigi
013083,Cremia,https://it.wikipedia.org/wiki/Cremia
013120,Laino,https://it.wikipedia.org/wiki/Laino
006178,Valmacca,https://it.wikipedia.org/wiki/Valmacca
006179,Vignale Monferrato,https://it.wikipedia.org/wiki/Vignale_Monferrato
079056,Gasperina,https://it.wikipedia.org/wiki/Gasperina
079058,Gimigliano,https://it.wikipedia.org/wiki/Gimigliano
052017,Monteroni d'Arbia,https://it.wikipedia.org/wiki/Monteroni_d%27Arbia
052018,Monticiano,https://it.wikipedia.org/wiki/Monticiano
054035,Norcia,https://it.wikipedia.org/wiki/Norcia
004218,Serralunga d'Alba,https://it.wikipedia.org/wiki/Serralunga_d%27Alba
006180,Vignole Borbera,https://it.wikipedia.org/wiki/Vignole_Borbera
006181,Viguzzolo,https://it.wikipedia.org/wiki/Viguzzolo
079060,Gizzeria,https://it.wikipedia.org/wiki/Gizzeria
079059,Girifalco,https://it.wikipedia.org/wiki/Girifalco_(Italia)
023037,Gazzo Veronese,https://it.wikipedia.org/wiki/Gazzo_Veronese
023049,Montecchia di Crosara,https://it.wikipedia.org/wiki/Montecchia_di_Crosara
052019,Murlo,https://it.wikipedia.org/wiki/Murlo
052020,Piancastagnaio,https://it.wikipedia.org/wiki/Piancastagnaio
079061,Guardavalle,https://it.wikipedia.org/wiki/Guardavalle
079063,Isca sullo Ionio,https://it.wikipedia.org/wiki/Isca_sullo_Ionio
006182,Villadeati,https://it.wikipedia.org/wiki/Villadeati
006183,Villalvernia,https://it.wikipedia.org/wiki/Villalvernia
004219,Serravalle Langhe,https://it.wikipedia.org/wiki/Serravalle_Langhe
052021,Pienza,https://it.wikipedia.org/wiki/Pienza
006184,Villamiroglio,https://it.wikipedia.org/wiki/Villamiroglio
006185,Villanova Monferrato,https://it.wikipedia.org/wiki/Villanova_Monferrato
054036,Paciano,https://it.wikipedia.org/wiki/Paciano
004220,Sinio,https://it.wikipedia.org/wiki/Sinio
027029,Portogruaro,https://it.wikipedia.org/wiki/Portogruaro
023075,San Pietro di Morubio,https://it.wikipedia.org/wiki/San_Pietro_di_Morubio
013136,Lurago d'Erba,https://it.wikipedia.org/wiki/Lurago_d%27Erba
027030,Pramaggiore,https://it.wikipedia.org/wiki/Pramaggiore
079065,Jacurso,https://it.wikipedia.org/wiki/Jacurso
004221,Somano,https://it.wikipedia.org/wiki/Somano
004223,Sommariva Perno,https://it.wikipedia.org/wiki/Sommariva_Perno
052022,Poggibonsi,https://it.wikipedia.org/wiki/Poggibonsi
052023,Radda in Chianti,https://it.wikipedia.org/wiki/Radda_in_Chianti
079160,Lamezia Terme,https://it.wikipedia.org/wiki/Lamezia_Terme
079068,Magisano,https://it.wikipedia.org/wiki/Magisano
027001,Annone Veneto,https://it.wikipedia.org/wiki/Annone_Veneto
027011,Concordia Sagittaria,https://it.wikipedia.org/wiki/Concordia_Sagittaria
052024,Radicofani,https://it.wikipedia.org/wiki/Radicofani
054037,Panicale,https://it.wikipedia.org/wiki/Panicale
004222,Sommariva del Bosco,https://it.wikipedia.org/wiki/Sommariva_del_Bosco
079069,Maida,https://it.wikipedia.org/wiki/Maida
079071,Marcedusa,https://it.wikipedia.org/wiki/Marcedusa
006186,Villaromagnano,https://it.wikipedia.org/wiki/Villaromagnano
054038,Passignano sul Trasimeno,https://it.wikipedia.org/wiki/Passignano_sul_Trasimeno
004224,Stroppo,https://it.wikipedia.org/wiki/Stroppo
052025,Radicondoli,https://it.wikipedia.org/wiki/Radicondoli
052026,Rapolano Terme,https://it.wikipedia.org/wiki/Rapolano_Terme
079072,Marcellinara,https://it.wikipedia.org/wiki/Marcellinara
079073,Martirano,https://it.wikipedia.org/wiki/Martirano_(Italia)
006188,Volpedo,https://it.wikipedia.org/wiki/Volpedo
006189,Volpeglino,https://it.wikipedia.org/wiki/Volpeglino
061034,Fontegreca,https://it.wikipedia.org/wiki/Fontegreca
061035,Formicola,https://it.wikipedia.org/wiki/Formicola
052027,San Casciano dei Bagni,https://it.wikipedia.org/wiki/San_Casciano_dei_Bagni
052028,San Gimignano,https://it.wikipedia.org/wiki/San_Gimignano
004225,Tarantasca,https://it.wikipedia.org/wiki/Tarantasca
004226,Torre Bormida,https://it.wikipedia.org/wiki/Torre_Bormida
079074,Martirano Lombardo,https://it.wikipedia.org/wiki/Martirano_Lombardo
079077,Miglierina,https://it.wikipedia.org/wiki/Miglierina
006190,Voltaggio,https://it.wikipedia.org/wiki/Voltaggio_(Italia)
005001,Agliano Terme,https://it.wikipedia.org/wiki/Agliano_Terme
061036,Francolise,https://it.wikipedia.org/wiki/Francolise
061037,Frignano,https://it.wikipedia.org/wiki/Frignano
004227,Torre Mondovì,https://it.wikipedia.org/wiki/Torre_Mondov%C3%AC
004228,Torre San Giorgio,https://it.wikipedia.org/wiki/Torre_San_Giorgio
052030,San Quirico d'Orcia,https://it.wikipedia.org/wiki/San_Quirico_d%27Orcia
005002,Albugnano,https://it.wikipedia.org/wiki/Albugnano
005003,Antignano,https://it.wikipedia.org/wiki/Antignano
079080,Montauro,https://it.wikipedia.org/wiki/Montauro
079081,Montepaone,https://it.wikipedia.org/wiki/Montepaone
054040,Piegaro,https://it.wikipedia.org/wiki/Piegaro
004229,Torresina,https://it.wikipedia.org/wiki/Torresina
061038,Gallo Matese,https://it.wikipedia.org/wiki/Gallo_Matese
061039,Galluccio,https://it.wikipedia.org/wiki/Galluccio
005004,Aramengo,https://it.wikipedia.org/wiki/Aramengo
005006,Azzano d'Asti,https://it.wikipedia.org/wiki/Azzano_d%27Asti
079083,Motta Santa Lucia,https://it.wikipedia.org/wiki/Motta_Santa_Lucia
079087,Nocera Terinese,https://it.wikipedia.org/wiki/Nocera_Terinese
052031,Sarteano,https://it.wikipedia.org/wiki/Sarteano
052033,Sinalunga,https://it.wikipedia.org/wiki/Sinalunga
054041,Pietralunga,https://it.wikipedia.org/wiki/Pietralunga
054042,Poggiodomo,https://it.wikipedia.org/wiki/Poggiodomo
061040,Giano Vetusto,https://it.wikipedia.org/wiki/Giano_Vetusto
061041,Gioia Sannitica,https://it.wikipedia.org/wiki/Gioia_Sannitica
052034,Sovicille,https://it.wikipedia.org/wiki/Sovicille
052035,Torrita di Siena,https://it.wikipedia.org/wiki/Torrita_di_Siena
079088,Olivadi,https://it.wikipedia.org/wiki/Olivadi
079089,Palermiti,https://it.wikipedia.org/wiki/Palermiti
005007,Baldichieri d'Asti,https://it.wikipedia.org/wiki/Baldichieri_d%27Asti
005008,Belveglio,https://it.wikipedia.org/wiki/Belveglio
054043,Preci,https://it.wikipedia.org/wiki/Preci
004230,Treiso,https://it.wikipedia.org/wiki/Treiso
061042,Grazzanise,https://it.wikipedia.org/wiki/Grazzanise
061043,Gricignano di Aversa,https://it.wikipedia.org/wiki/Gricignano_di_Aversa
079092,Pentone,https://it.wikipedia.org/wiki/Pentone
079094,Petrizzi,https://it.wikipedia.org/wiki/Petrizzi
005009,Berzano di San Pietro,https://it.wikipedia.org/wiki/Berzano_di_San_Pietro
005010,Bruno,https://it.wikipedia.org/wiki/Bruno_(Italia)
052036,Trequanda,https://it.wikipedia.org/wiki/Trequanda
037001,Anzola dell'Emilia,https://it.wikipedia.org/wiki/Anzola_dell%27Emilia
054044,San Giustino,https://it.wikipedia.org/wiki/San_Giustino_(Italia)
004231,Trezzo Tinella,https://it.wikipedia.org/wiki/Trezzo_Tinella
061044,Letino,https://it.wikipedia.org/wiki/Letino
061045,Liberi,https://it.wikipedia.org/wiki/Liberi_(Italia)
005011,Bubbio,https://it.wikipedia.org/wiki/Bubbio
005012,Buttigliera d'Asti,https://it.wikipedia.org/wiki/Buttigliera_d%27Asti
054045,Sant'Anatolia di Narco,https://it.wikipedia.org/wiki/Sant%27Anatolia_di_Narco
004232,Trinità,https://it.wikipedia.org/wiki/Trinit%C3%A0_(Italia)
079095,Petronà,https://it.wikipedia.org/wiki/Petron%C3%A0
079096,Pianopoli,https://it.wikipedia.org/wiki/Pianopoli
061046,Lusciano,https://it.wikipedia.org/wiki/Lusciano
061047,Macerata Campania,https://it.wikipedia.org/wiki/Macerata_Campania
005013,Calamandrana,https://it.wikipedia.org/wiki/Calamandrana
005014,Calliano Monferrato,https://it.wikipedia.org/wiki/Calliano_Monferrato
037003,Baricella,https://it.wikipedia.org/wiki/Baricella
037005,Bentivoglio,https://it.wikipedia.org/wiki/Bentivoglio_(Italia)
005015,Calosso,https://it.wikipedia.org/wiki/Calosso
005016,Camerano Casasco,https://it.wikipedia.org/wiki/Camerano_Casasco
037007,Borgo Tossignano,https://it.wikipedia.org/wiki/Borgo_Tossignano
061048,Maddaloni,https://it.wikipedia.org/wiki/Maddaloni
061049,Marcianise,https://it.wikipedia.org/wiki/Marcianise
079110,San Mango d'Aquino,https://it.wikipedia.org/wiki/San_Mango_d%27Aquino
079115,San Pietro Apostolo,https://it.wikipedia.org/wiki/San_Pietro_Apostolo_(Italia)
037008,Budrio,https://it.wikipedia.org/wiki/Budrio
037009,Calderara di Reno,https://it.wikipedia.org/wiki/Calderara_di_Reno
079099,Platania,https://it.wikipedia.org/wiki/Platania
079108,San Floro,https://it.wikipedia.org/wiki/San_Floro
004233,Valdieri,https://it.wikipedia.org/wiki/Valdieri
004234,Valgrana,https://it.wikipedia.org/wiki/Valgrana
079122,San Vito sullo Ionio,https://it.wikipedia.org/wiki/San_Vito_sullo_Ionio
023087,Tregnago,https://it.wikipedia.org/wiki/Tregnago
004235,Valloriate,https://it.wikipedia.org/wiki/Valloriate
054047,Scheggino,https://it.wikipedia.org/wiki/Scheggino
004237,Venasca,https://it.wikipedia.org/wiki/Venasca
054048,Sellano,https://it.wikipedia.org/wiki/Sellano
004238,Verduno,https://it.wikipedia.org/wiki/Verduno
061051,Mignano Monte Lungo,https://it.wikipedia.org/wiki/Mignano_Monte_Lungo
035026,Luzzara,https://it.wikipedia.org/wiki/Luzzara
079114,San Pietro a Maida,https://it.wikipedia.org/wiki/San_Pietro_a_Maida
004239,Vernante,https://it.wikipedia.org/wiki/Vernante
004240,Verzuolo,https://it.wikipedia.org/wiki/Verzuolo
061052,Mondragone,https://it.wikipedia.org/wiki/Mondragone
061053,Orta di Atella,https://it.wikipedia.org/wiki/Orta_di_Atella
037010,Camugnano,https://it.wikipedia.org/wiki/Camugnano
037011,Casalecchio di Reno,https://it.wikipedia.org/wiki/Casalecchio_di_Reno
079118,Sant'Andrea Apostolo dello Ionio,https://it.wikipedia.org/wiki/Sant%27Andrea_Apostolo_dello_Ionio
023097,Zevio,https://it.wikipedia.org/wiki/Zevio
061054,Parete,https://it.wikipedia.org/wiki/Parete_(Italia)
061055,Pastorano,https://it.wikipedia.org/wiki/Pastorano
054049,Sigillo,https://it.wikipedia.org/wiki/Sigillo_(Italia)
004241,Vezza d'Alba,https://it.wikipedia.org/wiki/Vezza_d%27Alba
079116,San Sostene,https://it.wikipedia.org/wiki/San_Sostene_(Italia)
079117,Santa Caterina dello Ionio,https://it.wikipedia.org/wiki/Santa_Caterina_dello_Ionio
023039,Illasi,https://it.wikipedia.org/wiki/Illasi
023074,San Mauro di Saline,https://it.wikipedia.org/wiki/San_Mauro_di_Saline
037012,Casalfiumanese,https://it.wikipedia.org/wiki/Casalfiumanese
037013,Castel d'Aiano,https://it.wikipedia.org/wiki/Castel_d%27Aiano
037014,Castel del Rio,https://it.wikipedia.org/wiki/Castel_del_Rio
037015,Castel di Casio,https://it.wikipedia.org/wiki/Castel_di_Casio
037016,Castel Guelfo di Bologna,https://it.wikipedia.org/wiki/Castel_Guelfo_di_Bologna
037019,Castel Maggiore,https://it.wikipedia.org/wiki/Castel_Maggiore
023086,Torri del Benaco,https://it.wikipedia.org/wiki/Torri_del_Benaco
047016,Ponte Buggianese,https://it.wikipedia.org/wiki/Ponte_Buggianese
061056,Piana di Monte Verna,https://it.wikipedia.org/wiki/Piana_di_Monte_Verna
061057,Piedimonte Matese,https://it.wikipedia.org/wiki/Piedimonte_Matese
079127,Sellia Marina,https://it.wikipedia.org/wiki/Sellia_Marina
079129,Serrastretta,https://it.wikipedia.org/wiki/Serrastretta
079123,Satriano,https://it.wikipedia.org/wiki/Satriano
079126,Sellia,https://it.wikipedia.org/wiki/Sellia
004242,Vicoforte,https://it.wikipedia.org/wiki/Vicoforte
054050,Spello,https://it.wikipedia.org/wiki/Spello
004243,Vignolo,https://it.wikipedia.org/wiki/Vignolo
004244,Villafalletto,https://it.wikipedia.org/wiki/Villafalletto
061058,Pietramelara,https://it.wikipedia.org/wiki/Pietramelara
061059,Pietravairano,https://it.wikipedia.org/wiki/Pietravairano
054052,Todi,https://it.wikipedia.org/wiki/Todi
004245,Villanova Mondovì,https://it.wikipedia.org/wiki/Villanova_Mondov%C3%AC
079130,Sersale,https://it.wikipedia.org/wiki/Sersale
079131,Settingiano,https://it.wikipedia.org/wiki/Settingiano
079133,Simeri Crichi,https://it.wikipedia.org/wiki/Simeri_Crichi
047011,Montecatini Terme,https://it.wikipedia.org/wiki/Montecatini_Terme
037020,Castel San Pietro Terme,https://it.wikipedia.org/wiki/Castel_San_Pietro_Terme
037017,Castello d'Argile,https://it.wikipedia.org/wiki/Castello_d%27Argile
079137,Soverato,https://it.wikipedia.org/wiki/Soverato
079138,Soveria Mannelli,https://it.wikipedia.org/wiki/Soveria_Mannelli
061062,Portico di Caserta,https://it.wikipedia.org/wiki/Portico_di_Caserta
061063,Prata Sannita,https://it.wikipedia.org/wiki/Prata_Sannita
066008,Barete,https://it.wikipedia.org/wiki/Barete
066009,Barisciano,https://it.wikipedia.org/wiki/Barisciano
065062,Laurito,https://it.wikipedia.org/wiki/Laurito
066007,Balsorano,https://it.wikipedia.org/wiki/Balsorano
054051,Spoleto,https://it.wikipedia.org/wiki/Spoleto
079139,Soveria Simeri,https://it.wikipedia.org/wiki/Soveria_Simeri
079142,Squillace,https://it.wikipedia.org/wiki/Squillace
037021,Castenaso,https://it.wikipedia.org/wiki/Castenaso
037022,Castiglione dei Pepoli,https://it.wikipedia.org/wiki/Castiglione_dei_Pepoli
054053,Torgiano,https://it.wikipedia.org/wiki/Torgiano
004246,Villanova Solaro,https://it.wikipedia.org/wiki/Villanova_Solaro
004247,Villar San Costanzo,https://it.wikipedia.org/wiki/Villar_San_Costanzo
004248,Vinadio,https://it.wikipedia.org/wiki/Vinadio
061060,Pignataro Maggiore,https://it.wikipedia.org/wiki/Pignataro_Maggiore
061061,Pontelatone,https://it.wikipedia.org/wiki/Pontelatone
079143,Stalettì,https://it.wikipedia.org/wiki/Stalett%C3%AC
079146,Taverna,https://it.wikipedia.org/wiki/Taverna_(Italia)
061064,Pratella,https://it.wikipedia.org/wiki/Pratella
061065,Presenzano,https://it.wikipedia.org/wiki/Presenzano
037024,Crevalcore,https://it.wikipedia.org/wiki/Crevalcore
037025,Dozza,https://it.wikipedia.org/wiki/Dozza
037026,Fontanelice,https://it.wikipedia.org/wiki/Fontanelice
037027,Gaggio Montano,https://it.wikipedia.org/wiki/Gaggio_Montano
037028,Galliera,https://it.wikipedia.org/wiki/Galliera
054055,Tuoro sul Trasimeno,https://it.wikipedia.org/wiki/Tuoro_sul_Trasimeno
054056,Umbertide,https://it.wikipedia.org/wiki/Umbertide
054057,Valfabbrica,https://it.wikipedia.org/wiki/Valfabbrica
054058,Vallo di Nera,https://it.wikipedia.org/wiki/Vallo_di_Nera
037030,Granarolo dell'Emilia,https://it.wikipedia.org/wiki/Granarolo_dell%27Emilia
037031,Grizzana Morandi,https://it.wikipedia.org/wiki/Grizzana_Morandi
054059,Valtopina,https://it.wikipedia.org/wiki/Valtopina
003001,Agrate Conturbia,https://it.wikipedia.org/wiki/Agrate_Conturbia
003002,Ameno,https://it.wikipedia.org/wiki/Ameno
003006,Armeno,https://it.wikipedia.org/wiki/Armeno_(Italia)
037033,Lizzano in Belvedere,https://it.wikipedia.org/wiki/Lizzano_in_Belvedere
037034,Loiano,https://it.wikipedia.org/wiki/Loiano
003008,Arona,https://it.wikipedia.org/wiki/Arona
003012,Barengo,https://it.wikipedia.org/wiki/Barengo
037035,Malalbergo,https://it.wikipedia.org/wiki/Malalbergo
037036,Marzabotto,https://it.wikipedia.org/wiki/Marzabotto
037037,Medicina,https://it.wikipedia.org/wiki/Medicina_(Italia)
037038,Minerbio,https://it.wikipedia.org/wiki/Minerbio
003016,Bellinzago Novarese,https://it.wikipedia.org/wiki/Bellinzago_Novarese
014045,Morbegno,https://it.wikipedia.org/wiki/Morbegno
018146,Sartirana Lomellina,https://it.wikipedia.org/wiki/Sartirana_Lomellina
018122,Rivanazzano Terme,https://it.wikipedia.org/wiki/Rivanazzano_Terme
014071,Valdidentro,https://it.wikipedia.org/wiki/Valdidentro
012092,Luino,https://it.wikipedia.org/wiki/Luino
012122,Solbiate Olona,https://it.wikipedia.org/wiki/Solbiate_Olona
014018,Chiavenna,https://it.wikipedia.org/wiki/Chiavenna
014031,Gerola Alta,https://it.wikipedia.org/wiki/Gerola_Alta
025015,Comelico Superiore,https://it.wikipedia.org/wiki/Comelico_Superiore
025018,Domegge di Cadore,https://it.wikipedia.org/wiki/Domegge_di_Cadore
025060,Tambre,https://it.wikipedia.org/wiki/Tambre
025005,Auronzo di Cadore,https://it.wikipedia.org/wiki/Auronzo_di_Cadore
025030,Livinallongo del Col di Lana,https://it.wikipedia.org/wiki/Livinallongo_del_Col_di_Lana
054054,Q20604,https://it.wikipedia.org/wiki/Trevi
079147,Tiriolo,https://it.wikipedia.org/wiki/Tiriolo
079148,Torre di Ruggiero,https://it.wikipedia.org/wiki/Torre_di_Ruggiero
004249,Viola,https://it.wikipedia.org/wiki/Viola_(Italia)
004250,Vottignasco,https://it.wikipedia.org/wiki/Vottignasco
061066,Raviscanina,https://it.wikipedia.org/wiki/Raviscanina
061067,Recale,https://it.wikipedia.org/wiki/Recale
043047,San Severino Marche,https://it.wikipedia.org/wiki/San_Severino_Marche
043048,Sant'Angelo in Pontano,https://it.wikipedia.org/wiki/Sant%27Angelo_in_Pontano
079151,Vallefiorita,https://it.wikipedia.org/wiki/Vallefiorita
079157,Zagarise,https://it.wikipedia.org/wiki/Zagarise
079134,Sorbo San Basile,https://it.wikipedia.org/wiki/Sorbo_San_Basile
066012,Bugnara,https://it.wikipedia.org/wiki/Bugnara
066013,Cagnano Amiterno,https://it.wikipedia.org/wiki/Cagnano_Amiterno
025071,Longarone,https://it.wikipedia.org/wiki/Longarone
108035,Nova Milanese,https://it.wikipedia.org/wiki/Nova_Milanese
066014,Calascio,https://it.wikipedia.org/wiki/Calascio
066015,Campo di Giove,https://it.wikipedia.org/wiki/Campo_di_Giove
061068,Riardo,https://it.wikipedia.org/wiki/Riardo
061069,Rocca d'Evandro,https://it.wikipedia.org/wiki/Rocca_d%27Evandro
066010,Barrea,https://it.wikipedia.org/wiki/Barrea
066011,Bisegna,https://it.wikipedia.org/wiki/Bisegna
061070,Roccamonfina,https://it.wikipedia.org/wiki/Roccamonfina_(Italia)
061071,Roccaromana,https://it.wikipedia.org/wiki/Roccaromana
025022,Fonzaso,https://it.wikipedia.org/wiki/Fonzaso
014060,Sondalo,https://it.wikipedia.org/wiki/Sondalo
061073,Ruviano,https://it.wikipedia.org/wiki/Ruviano
061074,San Cipriano d'Aversa,https://it.wikipedia.org/wiki/San_Cipriano_d%27Aversa
069092,Tornareccio,https://it.wikipedia.org/wiki/Tornareccio
069093,Torrebruna,https://it.wikipedia.org/wiki/Torrebruna
037039,Molinella,https://it.wikipedia.org/wiki/Molinella
037040,Monghidoro,https://it.wikipedia.org/wiki/Monghidoro
012025,Buguggiate,https://it.wikipedia.org/wiki/Buguggiate
012072,Gavirate,https://it.wikipedia.org/wiki/Gavirate
066016,Campotosto,https://it.wikipedia.org/wiki/Campotosto
066017,Canistro,https://it.wikipedia.org/wiki/Canistro
069094,Torrevecchia Teatina,https://it.wikipedia.org/wiki/Torrevecchia_Teatina
069095,Torricella Peligna,https://it.wikipedia.org/wiki/Torricella_Peligna
061075,San Felice a Cancello,https://it.wikipedia.org/wiki/San_Felice_a_Cancello
061076,San Gregorio Matese,https://it.wikipedia.org/wiki/San_Gregorio_Matese
014046,Novate Mezzola,https://it.wikipedia.org/wiki/Novate_Mezzola
025066,Vodo di Cadore,https://it.wikipedia.org/wiki/Vodo_di_Cadore
069096,Treglio,https://it.wikipedia.org/wiki/Treglio
069097,Tufillo,https://it.wikipedia.org/wiki/Tufillo
066018,Cansano,https://it.wikipedia.org/wiki/Cansano
066019,Capestrano,https://it.wikipedia.org/wiki/Capestrano
012006,Azzate,https://it.wikipedia.org/wiki/Azzate
025057,Soverzene,https://it.wikipedia.org/wiki/Soverzene
066020,Capistrello,https://it.wikipedia.org/wiki/Capistrello
066021,Capitignano,https://it.wikipedia.org/wiki/Capitignano
069098,Vacri,https://it.wikipedia.org/wiki/Vacri
069099,Vasto,https://it.wikipedia.org/wiki/Vasto
066022,Caporciano,https://it.wikipedia.org/wiki/Caporciano
066023,Cappadocia,https://it.wikipedia.org/wiki/Cappadocia_(Italia)
061077,San Marcellino,https://it.wikipedia.org/wiki/San_Marcellino_(Italia)
061104,San Marco Evangelista,https://it.wikipedia.org/wiki/San_Marco_Evangelista_(Italia)
012049,Cazzago Brabbia,https://it.wikipedia.org/wiki/Cazzago_Brabbia
025058,Sovramonte,https://it.wikipedia.org/wiki/Sovramonte
061078,San Nicola la Strada,https://it.wikipedia.org/wiki/San_Nicola_la_Strada
061079,San Pietro Infine,https://it.wikipedia.org/wiki/San_Pietro_Infine
069100,Villalfonsina,https://it.wikipedia.org/wiki/Villalfonsina
069101,Villamagna,https://it.wikipedia.org/wiki/Villamagna
037044,Monzuno,https://it.wikipedia.org/wiki/Monzuno
043050,Sefro,https://it.wikipedia.org/wiki/Sefro
037041,Monterenzio,https://it.wikipedia.org/wiki/Monterenzio
043049,Sarnano,https://it.wikipedia.org/wiki/Sarnano
012040,Cassano Magnago,https://it.wikipedia.org/wiki/Cassano_Magnago
025027,La Valle Agordina,https://it.wikipedia.org/wiki/La_Valle_Agordina
061080,San Potito Sannitico,https://it.wikipedia.org/wiki/San_Potito_Sannitico
061081,San Prisco,https://it.wikipedia.org/wiki/San_Prisco_(Italia)
037045,Mordano,https://it.wikipedia.org/wiki/Mordano
043052,Serravalle di Chienti,https://it.wikipedia.org/wiki/Serravalle_di_Chienti
061085,San Tammaro,https://it.wikipedia.org/wiki/San_Tammaro_(Italia)
061086,Sant'Angelo d'Alife,https://it.wikipedia.org/wiki/Sant%27Angelo_d%27Alife
069102,Villa Santa Maria,https://it.wikipedia.org/wiki/Villa_Santa_Maria
068001,Abbateggio,https://it.wikipedia.org/wiki/Abbateggio
066024,Carapelle Calvisio,https://it.wikipedia.org/wiki/Carapelle_Calvisio
066025,Carsoli,https://it.wikipedia.org/wiki/Carsoli
030189,Sappada,https://it.wikipedia.org/wiki/Sappada
037047,Pianoro,https://it.wikipedia.org/wiki/Pianoro_(Italia)
043053,Tolentino,https://it.wikipedia.org/wiki/Tolentino
066026,Castel del Monte,https://it.wikipedia.org/wiki/Castel_del_Monte_(comune)
066027,Castel di Ieri,https://it.wikipedia.org/wiki/Castel_di_Ieri
061087,Sant'Arpino,https://it.wikipedia.org/wiki/Sant%27Arpino
061083,Santa Maria Capua Vetere,https://it.wikipedia.org/wiki/Santa_Maria_Capua_Vetere
068004,Brittoli,https://it.wikipedia.org/wiki/Brittoli
068005,Bussi sul Tirino,https://it.wikipedia.org/wiki/Bussi_sul_Tirino
043055,Urbisaglia,https://it.wikipedia.org/wiki/Urbisaglia
025023,Canale d'Agordo,https://it.wikipedia.org/wiki/Canale_d%27Agordo
018120,Redavalle,https://it.wikipedia.org/wiki/Redavalle
066028,Castel di Sangro,https://it.wikipedia.org/wiki/Castel_di_Sangro
066029,Castellafiume,https://it.wikipedia.org/wiki/Castellafiume
061082,Santa Maria a Vico,https://it.wikipedia.org/wiki/Santa_Maria_a_Vico
061084,Santa Maria la Fossa,https://it.wikipedia.org/wiki/Santa_Maria_la_Fossa
068002,Alanno,https://it.wikipedia.org/wiki/Alanno
068006,Cappelle sul Tavo,https://it.wikipedia.org/wiki/Cappelle_sul_Tavo
068007,Caramanico Terme,https://it.wikipedia.org/wiki/Caramanico_Terme
037048,Pieve di Cento,https://it.wikipedia.org/wiki/Pieve_di_Cento
043054,Treia,https://it.wikipedia.org/wiki/Treia
066030,Castelvecchio Calvisio,https://it.wikipedia.org/wiki/Castelvecchio_Calvisio
066031,Castelvecchio Subequo,https://it.wikipedia.org/wiki/Castelvecchio_Subequo
012083,Induno Olona,https://it.wikipedia.org/wiki/Induno_Olona
018118,Portalbera,https://it.wikipedia.org/wiki/Portalbera
068008,Carpineto della Nora,https://it.wikipedia.org/wiki/Carpineto_della_Nora
068010,Catignano,https://it.wikipedia.org/wiki/Catignano
061088,Sessa Aurunca,https://it.wikipedia.org/wiki/Sessa_Aurunca
061089,Sparanise,https://it.wikipedia.org/wiki/Sparanise
012046,Castiglione Olona,https://it.wikipedia.org/wiki/Castiglione_Olona
014072,Valdisotto,https://it.wikipedia.org/wiki/Valdisotto
066032,Celano,https://it.wikipedia.org/wiki/Celano
066033,Cerchio,https://it.wikipedia.org/wiki/Cerchio_(Italia)
061090,Succivo,https://it.wikipedia.org/wiki/Succivo
061091,Teano,https://it.wikipedia.org/wiki/Teano
068009,Castiglione a Casauria,https://it.wikipedia.org/wiki/Castiglione_a_Casauria
068011,Cepagatti,https://it.wikipedia.org/wiki/Cepagatti
066034,Civita d'Antino,https://it.wikipedia.org/wiki/Civita_d%27Antino
066035,Civitella Alfedena,https://it.wikipedia.org/wiki/Civitella_Alfedena
014019,Chiesa in Valmalenco,https://it.wikipedia.org/wiki/Chiesa_in_Valmalenco
012136,Venegono Inferiore,https://it.wikipedia.org/wiki/Venegono_Inferiore
068012,Città Sant'Angelo,https://it.wikipedia.org/wiki/Citt%C3%A0_Sant%27Angelo
068013,Civitaquana,https://it.wikipedia.org/wiki/Civitaquana
061092,Teverola,https://it.wikipedia.org/wiki/Teverola
061094,Trentola Ducenta,https://it.wikipedia.org/wiki/Trentola_Ducenta
060074,Sora,https://it.wikipedia.org/wiki/Sora_(Italia)
060075,Strangolagalli,https://it.wikipedia.org/wiki/Strangolagalli
060076,Supino,https://it.wikipedia.org/wiki/Supino_(Italia)
060077,Terelle,https://it.wikipedia.org/wiki/Terelle
066036,Civitella Roveto,https://it.wikipedia.org/wiki/Civitella_Roveto
066037,Cocullo,https://it.wikipedia.org/wiki/Cocullo
108022,Correzzana,https://it.wikipedia.org/wiki/Correzzana
012128,Travedona Monate,https://it.wikipedia.org/wiki/Travedona_Monate
068014,Civitella Casanova,https://it.wikipedia.org/wiki/Civitella_Casanova
068015,Collecorvino,https://it.wikipedia.org/wiki/Collecorvino
060078,Torre Cajetani,https://it.wikipedia.org/wiki/Torre_Cajetani
060079,Torrice,https://it.wikipedia.org/wiki/Torrice
066038,Collarmele,https://it.wikipedia.org/wiki/Collarmele
066039,Collelongo,https://it.wikipedia.org/wiki/Collelongo
014013,Caspoggio,https://it.wikipedia.org/wiki/Caspoggio
012132,Varano Borghi,https://it.wikipedia.org/wiki/Varano_Borghi
061097,Valle di Maddaloni,https://it.wikipedia.org/wiki/Valle_di_Maddaloni
061098,Villa di Briano,https://it.wikipedia.org/wiki/Villa_di_Briano
061095,Vairano Patenora,https://it.wikipedia.org/wiki/Vairano_Patenora
061096,Valle Agricola,https://it.wikipedia.org/wiki/Valle_Agricola
012084,Ispra,https://it.wikipedia.org/wiki/Ispra
012138,Vergiate,https://it.wikipedia.org/wiki/Vergiate
068018,Elice,https://it.wikipedia.org/wiki/Elice_(Italia)
068019,Farindola,https://it.wikipedia.org/wiki/Farindola
060080,Trevi nel Lazio,https://it.wikipedia.org/wiki/Trevi_nel_Lazio
060081,Trivigliano,https://it.wikipedia.org/wiki/Trivigliano
061100,Vitulazio,https://it.wikipedia.org/wiki/Vitulazio
109002,Amandola,https://it.wikipedia.org/wiki/Amandola
025053,Sedico,https://it.wikipedia.org/wiki/Sedico
018034,Casorate Primo,https://it.wikipedia.org/wiki/Casorate_Primo
018036,Castana,https://it.wikipedia.org/wiki/Castana
012035,Caronno Varesino,https://it.wikipedia.org/wiki/Caronno_Varesino
068016,Corvara,https://it.wikipedia.org/wiki/Corvara_(Abruzzo)
068017,Cugnoli,https://it.wikipedia.org/wiki/Cugnoli
068020,Lettomanoppello,https://it.wikipedia.org/wiki/Lettomanoppello
068021,Loreto Aprutino,https://it.wikipedia.org/wiki/Loreto_Aprutino
109001,Altidona,https://it.wikipedia.org/wiki/Altidona
109003,Belmonte Piceno,https://it.wikipedia.org/wiki/Belmonte_Piceno
025029,Limana,https://it.wikipedia.org/wiki/Limana
018060,Cura Carpignano,https://it.wikipedia.org/wiki/Cura_Carpignano
018075,Gravellona Lomellina,https://it.wikipedia.org/wiki/Gravellona_Lomellina
018115,Pinarolo Po,https://it.wikipedia.org/wiki/Pinarolo_Po
109004,Campofilone,https://it.wikipedia.org/wiki/Campofilone
109005,Falerone,https://it.wikipedia.org/wiki/Falerone
060082,Vallecorsa,https://it.wikipedia.org/wiki/Vallecorsa
066040,Collepietro,https://it.wikipedia.org/wiki/Collepietro
066041,Corfinio,https://it.wikipedia.org/wiki/Corfinio
018041,Cava Manara,https://it.wikipedia.org/wiki/Cava_Manara
018072,Giussago,https://it.wikipedia.org/wiki/Giussago
068022,Manoppello,https://it.wikipedia.org/wiki/Manoppello
068023,Montebello di Bertona,https://it.wikipedia.org/wiki/Montebello_di_Bertona
060083,Vallemaio,https://it.wikipedia.org/wiki/Vallemaio
060084,Vallerotonda,https://it.wikipedia.org/wiki/Vallerotonda
109007,Francavilla d'Ete,https://it.wikipedia.org/wiki/Francavilla_d%27Ete
109008,Grottazzolina,https://it.wikipedia.org/wiki/Grottazzolina
066042,Fagnano Alto,https://it.wikipedia.org/wiki/Fagnano_Alto
066043,Fontecchio,https://it.wikipedia.org/wiki/Fontecchio
068026,Nocciano,https://it.wikipedia.org/wiki/Nocciano
068027,Penne,https://it.wikipedia.org/wiki/Penne_(Italia)
109009,Lapedona,https://it.wikipedia.org/wiki/Lapedona
109010,Magliano di Tenna,https://it.wikipedia.org/wiki/Magliano_di_Tenna
018173,Vellezzo Bellini,https://it.wikipedia.org/wiki/Vellezzo_Bellini
018176,Vidigulfo,https://it.wikipedia.org/wiki/Vidigulfo
066044,Fossa,https://it.wikipedia.org/wiki/Fossa_(comune)
066045,Gagliano Aterno,https://it.wikipedia.org/wiki/Gagliano_Aterno
060086,Vicalvi,https://it.wikipedia.org/wiki/Vicalvi
060087,Vico nel Lazio,https://it.wikipedia.org/wiki/Vico_nel_Lazio
018052,Confienza,https://it.wikipedia.org/wiki/Confienza
012109,Origgio,https://it.wikipedia.org/wiki/Origgio
109012,Monsampietro Morico,https://it.wikipedia.org/wiki/Monsampietro_Morico
109013,Montappone,https://it.wikipedia.org/wiki/Montappone
066046,Gioia dei Marsi,https://it.wikipedia.org/wiki/Gioia_dei_Marsi
066047,Goriano Sicoli,https://it.wikipedia.org/wiki/Goriano_Sicoli
068024,Montesilvano,https://it.wikipedia.org/wiki/Montesilvano
068025,Moscufo,https://it.wikipedia.org/wiki/Moscufo
060088,Villa Latina,https://it.wikipedia.org/wiki/Villa_Latina
060089,Villa Santa Lucia,https://it.wikipedia.org/wiki/Villa_Santa_Lucia
068031,Picciano,https://it.wikipedia.org/wiki/Picciano
068032,Pietranico,https://it.wikipedia.org/wiki/Pietranico
068029,Pescosansonesco,https://it.wikipedia.org/wiki/Pescosansonesco
068030,Pianella,https://it.wikipedia.org/wiki/Pianella
018150,Siziano,https://it.wikipedia.org/wiki/Siziano
018008,Barbianello,https://it.wikipedia.org/wiki/Barbianello
066048,Introdacqua,https://it.wikipedia.org/wiki/Introdacqua
066050,Lecce nei Marsi,https://it.wikipedia.org/wiki/Lecce_nei_Marsi
109016,Monte Giberto,https://it.wikipedia.org/wiki/Monte_Giberto
109021,Monte Rinaldo,https://it.wikipedia.org/wiki/Monte_Rinaldo
060090,Villa Santo Stefano,https://it.wikipedia.org/wiki/Villa_Santo_Stefano
060091,Viticuso,https://it.wikipedia.org/wiki/Viticuso
109011,Massa Fermana,https://it.wikipedia.org/wiki/Massa_Fermana
109023,Monte San Pietrangeli,https://it.wikipedia.org/wiki/Monte_San_Pietrangeli
068033,Popoli Terme,https://it.wikipedia.org/wiki/Popoli_Terme
068034,Roccamorice,https://it.wikipedia.org/wiki/Roccamorice
066051,Luco dei Marsi,https://it.wikipedia.org/wiki/Luco_dei_Marsi
066052,Lucoli,https://it.wikipedia.org/wiki/Lucoli
108027,Limbiate,https://it.wikipedia.org/wiki/Limbiate
018151,Sommo,https://it.wikipedia.org/wiki/Sommo
068035,Rosciano,https://it.wikipedia.org/wiki/Rosciano
068036,Salle,https://it.wikipedia.org/wiki/Salle_(Italia)
109015,Montefortino,https://it.wikipedia.org/wiki/Montefortino
109017,Montegiorgio,https://it.wikipedia.org/wiki/Montegiorgio
057022,Colli sul Velino,https://it.wikipedia.org/wiki/Colli_sul_Velino
070078,Termoli,https://it.wikipedia.org/wiki/Termoli
068038,San Valentino in Abruzzo Citeriore,https://it.wikipedia.org/wiki/San_Valentino_in_Abruzzo_Citeriore
068037,Sant'Eufemia a Maiella,https://it.wikipedia.org/wiki/Sant%27Eufemia_a_Maiella
109024,Monte Urano,https://it.wikipedia.org/wiki/Monte_Urano
109022,Monterubbiano,https://it.wikipedia.org/wiki/Monterubbiano
056032,Latera,https://it.wikipedia.org/wiki/Latera
022109,Luserna,https://it.wikipedia.org/wiki/Luserna
025032,Lorenzago di Cadore,https://it.wikipedia.org/wiki/Lorenzago_di_Cadore
109025,Monte Vidon Combatte,https://it.wikipedia.org/wiki/Monte_Vidon_Combatte
109026,Monte Vidon Corrado,https://it.wikipedia.org/wiki/Monte_Vidon_Corrado
108023,Desio,https://it.wikipedia.org/wiki/Desio
025045,San Gregorio nelle Alpi,https://it.wikipedia.org/wiki/San_Gregorio_nelle_Alpi
111010,Carloforte,https://it.wikipedia.org/wiki/Carloforte
066053,Magliano de' Marsi,https://it.wikipedia.org/wiki/Magliano_de%27_Marsi
066054,Massa d'Albe,https://it.wikipedia.org/wiki/Massa_d%27Albe
109014,Montefalcone Appennino,https://it.wikipedia.org/wiki/Montefalcone_Appennino
109019,Monteleone di Fermo,https://it.wikipedia.org/wiki/Monteleone_di_Fermo
012126,Ternate,https://it.wikipedia.org/wiki/Ternate_(Italia)
018190,Zinasco,https://it.wikipedia.org/wiki/Zinasco
018141,Sant'Alessio con Vialone,https://it.wikipedia.org/wiki/Sant%27Alessio_con_Vialone
014039,Mantello,https://it.wikipedia.org/wiki/Mantello_(Italia)
068039,Scafa,https://it.wikipedia.org/wiki/Scafa
068040,Serramonacesca,https://it.wikipedia.org/wiki/Serramonacesca
066055,Molina Aterno,https://it.wikipedia.org/wiki/Molina_Aterno
066056,Montereale,https://it.wikipedia.org/wiki/Montereale
109020,Montelparo,https://it.wikipedia.org/wiki/Montelparo
109027,Montottone,https://it.wikipedia.org/wiki/Montottone
068041,Spoltore,https://it.wikipedia.org/wiki/Spoltore
068042,Tocco da Casauria,https://it.wikipedia.org/wiki/Tocco_da_Casauria
008028,Diano San Pietro,https://it.wikipedia.org/wiki/Diano_San_Pietro
070053,Pietracatella,https://it.wikipedia.org/wiki/Pietracatella
025046,San Nicolò di Comelico,https://it.wikipedia.org/wiki/San_Nicol%C3%B2_di_Comelico
018171,Varzi,https://it.wikipedia.org/wiki/Varzi
066057,Morino,https://it.wikipedia.org/wiki/Morino
066058,Navelli,https://it.wikipedia.org/wiki/Navelli
068043,Torre de' Passeri,https://it.wikipedia.org/wiki/Torre_de%27_Passeri
068044,Turrivalignani,https://it.wikipedia.org/wiki/Turrivalignani
066059,Ocre,https://it.wikipedia.org/wiki/Ocre
066060,Ofena,https://it.wikipedia.org/wiki/Ofena
109028,Moresco,https://it.wikipedia.org/wiki/Moresco_(Italia)
109029,Ortezzano,https://it.wikipedia.org/wiki/Ortezzano
109030,Pedaso,https://it.wikipedia.org/wiki/Pedaso
109031,Petritoli,https://it.wikipedia.org/wiki/Petritoli
018140,Santa Giuletta,https://it.wikipedia.org/wiki/Santa_Giuletta
012069,Ferrera di Varese,https://it.wikipedia.org/wiki/Ferrera_di_Varese
068045,Vicoli,https://it.wikipedia.org/wiki/Vicoli
068046,Villa Celiera,https://it.wikipedia.org/wiki/Villa_Celiera
042001,Agugliano,https://it.wikipedia.org/wiki/Agugliano
042003,Arcevia,https://it.wikipedia.org/wiki/Arcevia
018013,Belgioioso,https://it.wikipedia.org/wiki/Belgioioso
108016,Carnate,https://it.wikipedia.org/wiki/Carnate
067001,Alba Adriatica,https://it.wikipedia.org/wiki/Alba_Adriatica
067002,Ancarano,https://it.wikipedia.org/wiki/Ancarano_(Italia)
066061,Opi,https://it.wikipedia.org/wiki/Opi_(comune)
066062,Oricola,https://it.wikipedia.org/wiki/Oricola
109032,Ponzano di Fermo,https://it.wikipedia.org/wiki/Ponzano_di_Fermo
109035,Rapagnano,https://it.wikipedia.org/wiki/Rapagnano
066063,Ortona dei Marsi,https://it.wikipedia.org/wiki/Ortona_dei_Marsi
066064,Ortucchio,https://it.wikipedia.org/wiki/Ortucchio
067003,Arsita,https://it.wikipedia.org/wiki/Arsita
067004,Atri,https://it.wikipedia.org/wiki/Atri
042004,Barbara,https://it.wikipedia.org/wiki/Barbara_(Italia)
042005,Belvedere Ostrense,https://it.wikipedia.org/wiki/Belvedere_Ostrense
108008,Besana in Brianza,https://it.wikipedia.org/wiki/Besana_in_Brianza
018152,Spessa,https://it.wikipedia.org/wiki/Spessa
109033,Porto San Giorgio,https://it.wikipedia.org/wiki/Porto_San_Giorgio
109034,Porto Sant'Elpidio,https://it.wikipedia.org/wiki/Porto_Sant%27Elpidio
066065,Ovindoli,https://it.wikipedia.org/wiki/Ovindoli
066066,Pacentro,https://it.wikipedia.org/wiki/Pacentro
014009,Bormio,https://it.wikipedia.org/wiki/Bormio
014057,Samolaco,https://it.wikipedia.org/wiki/Samolaco
067005,Basciano,https://it.wikipedia.org/wiki/Basciano
066067,Pereto,https://it.wikipedia.org/wiki/Pereto
066068,Pescasseroli,https://it.wikipedia.org/wiki/Pescasseroli
066069,Pescina,https://it.wikipedia.org/wiki/Pescina
066070,Pescocostanzo,https://it.wikipedia.org/wiki/Pescocostanzo
018093,Miradolo Terme,https://it.wikipedia.org/wiki/Miradolo_Terme
012115,Rancio Valcuvia,https://it.wikipedia.org/wiki/Rancio_Valcuvia
042006,Camerano,https://it.wikipedia.org/wiki/Camerano
042007,Camerata Picena,https://it.wikipedia.org/wiki/Camerata_Picena
067006,Bellante,https://it.wikipedia.org/wiki/Bellante
067007,Bisenti,https://it.wikipedia.org/wiki/Bisenti
067008,Campli,https://it.wikipedia.org/wiki/Campli
067009,Canzano,https://it.wikipedia.org/wiki/Canzano
109037,Sant'Elpidio a Mare,https://it.wikipedia.org/wiki/Sant%27Elpidio_a_Mare
109036,Santa Vittoria in Matenano,https://it.wikipedia.org/wiki/Santa_Vittoria_in_Matenano
077022,Pomarico,https://it.wikipedia.org/wiki/Pomarico
109038,Servigliano,https://it.wikipedia.org/wiki/Servigliano
077023,Rotondella,https://it.wikipedia.org/wiki/Rotondella
077024,Salandra,https://it.wikipedia.org/wiki/Salandra
077025,San Giorgio Lucano,https://it.wikipedia.org/wiki/San_Giorgio_Lucano
067012,Castelli,https://it.wikipedia.org/wiki/Castelli_(comune_italiano)
067013,Castiglione Messer Raimondo,https://it.wikipedia.org/wiki/Castiglione_Messer_Raimondo
042011,Castelleone di Suasa,https://it.wikipedia.org/wiki/Castelleone_di_Suasa
042012,Castelplanio,https://it.wikipedia.org/wiki/Castelplanio
066075,Pratola Peligna,https://it.wikipedia.org/wiki/Pratola_Peligna
066076,Prezza,https://it.wikipedia.org/wiki/Prezza
066071,Pettorano sul Gizio,https://it.wikipedia.org/wiki/Pettorano_sul_Gizio
066072,Pizzoli,https://it.wikipedia.org/wiki/Pizzoli
067014,Castilenti,https://it.wikipedia.org/wiki/Castilenti
067015,Cellino Attanasio,https://it.wikipedia.org/wiki/Cellino_Attanasio
077026,San Mauro Forte,https://it.wikipedia.org/wiki/San_Mauro_Forte
077031,Scanzano Jonico,https://it.wikipedia.org/wiki/Scanzano_Jonico
042008,Castelbellino,https://it.wikipedia.org/wiki/Castelbellino
042010,Castelfidardo,https://it.wikipedia.org/wiki/Castelfidardo
066077,Raiano,https://it.wikipedia.org/wiki/Raiano
066078,Rivisondoli,https://it.wikipedia.org/wiki/Rivisondoli
067010,Castel Castagna,https://it.wikipedia.org/wiki/Castel_Castagna
067011,Castellalto,https://it.wikipedia.org/wiki/Castellalto
066073,Poggio Picenze,https://it.wikipedia.org/wiki/Poggio_Picenze
066074,Prata d'Ansidonia,https://it.wikipedia.org/wiki/Prata_d%27Ansidonia
018114,Pieve Porto Morone,https://it.wikipedia.org/wiki/Pieve_Porto_Morone
108055,Roncello,https://it.wikipedia.org/wiki/Roncello
042013,Cerreto d'Esi,https://it.wikipedia.org/wiki/Cerreto_d%27Esi
042014,Chiaravalle,https://it.wikipedia.org/wiki/Chiaravalle
108001,Agrate Brianza,https://it.wikipedia.org/wiki/Agrate_Brianza
018100,Montù Beccaria,https://it.wikipedia.org/wiki/Mont%C3%B9_Beccaria
066081,Rocca di Cambio,https://it.wikipedia.org/wiki/Rocca_di_Cambio
066082,Rocca di Mezzo,https://it.wikipedia.org/wiki/Rocca_di_Mezzo
066079,Roccacasale,https://it.wikipedia.org/wiki/Roccacasale
066084,Roccaraso,https://it.wikipedia.org/wiki/Roccaraso
077027,Stigliano,https://it.wikipedia.org/wiki/Stigliano
077028,Tricarico,https://it.wikipedia.org/wiki/Tricarico
076005,Armento,https://it.wikipedia.org/wiki/Armento
076006,Atella,https://it.wikipedia.org/wiki/Atella_(comune)
067016,Cermignano,https://it.wikipedia.org/wiki/Cermignano
067017,Civitella del Tronto,https://it.wikipedia.org/wiki/Civitella_del_Tronto
042018,Falconara Marittima,https://it.wikipedia.org/wiki/Falconara_Marittima
042019,Filottrano,https://it.wikipedia.org/wiki/Filottrano
066085,San Benedetto dei Marsi,https://it.wikipedia.org/wiki/San_Benedetto_dei_Marsi
066086,San Benedetto in Perillis,https://it.wikipedia.org/wiki/San_Benedetto_in_Perillis
066080,Rocca di Botte,https://it.wikipedia.org/wiki/Rocca_di_Botte
066083,Rocca Pia,https://it.wikipedia.org/wiki/Rocca_Pia
067020,Controguerra,https://it.wikipedia.org/wiki/Controguerra
067021,Corropoli,https://it.wikipedia.org/wiki/Corropoli
042020,Genga,https://it.wikipedia.org/wiki/Genga
066087,San Demetrio ne' Vestini,https://it.wikipedia.org/wiki/San_Demetrio_ne%27_Vestini
066088,San Pio delle Camere,https://it.wikipedia.org/wiki/San_Pio_delle_Camere
076003,Albano di Lucania,https://it.wikipedia.org/wiki/Albano_di_Lucania
076004,Anzi,https://it.wikipedia.org/wiki/Anzi_(Italia)
077029,Tursi,https://it.wikipedia.org/wiki/Tursi
077030,Valsinni,https://it.wikipedia.org/wiki/Valsinni
067024,Fano Adriano,https://it.wikipedia.org/wiki/Fano_Adriano
067025,Giulianova,https://it.wikipedia.org/wiki/Giulianova
066092,San Vincenzo Valle Roveto,https://it.wikipedia.org/wiki/San_Vincenzo_Valle_Roveto
066090,Sant'Eusanio Forconese,https://it.wikipedia.org/wiki/Sant%27Eusanio_Forconese
012024,Brusimpiano,https://it.wikipedia.org/wiki/Brusimpiano
018106,Ottobiano,https://it.wikipedia.org/wiki/Ottobiano
076011,Barile,https://it.wikipedia.org/wiki/Barile_(Italia)
076012,Bella,https://it.wikipedia.org/wiki/Bella_(comune)
076007,Avigliano,https://it.wikipedia.org/wiki/Avigliano
076008,Balvano,https://it.wikipedia.org/wiki/Balvano
042024,Mergo,https://it.wikipedia.org/wiki/Mergo
042025,Monsano,https://it.wikipedia.org/wiki/Monsano
042015,Corinaldo,https://it.wikipedia.org/wiki/Corinaldo
042016,Cupramontana,https://it.wikipedia.org/wiki/Cupramontana
066089,Sante Marie,https://it.wikipedia.org/wiki/Sante_Marie
066091,Santo Stefano di Sessanio,https://it.wikipedia.org/wiki/Santo_Stefano_di_Sessanio
067027,Montefino,https://it.wikipedia.org/wiki/Montefino
067028,Montorio al Vomano,https://it.wikipedia.org/wiki/Montorio_al_Vomano
067018,Colledara,https://it.wikipedia.org/wiki/Colledara
067019,Colonnella,https://it.wikipedia.org/wiki/Colonnella
076001,Abriola,https://it.wikipedia.org/wiki/Abriola
076002,Acerenza,https://it.wikipedia.org/wiki/Acerenza
076013,Brienza,https://it.wikipedia.org/wiki/Brienza
076014,Brindisi Montagna,https://it.wikipedia.org/wiki/Brindisi_Montagna
067031,Nereto,https://it.wikipedia.org/wiki/Nereto
067032,Notaresco,https://it.wikipedia.org/wiki/Notaresco
067029,Morro d'Oro,https://it.wikipedia.org/wiki/Morro_d%27Oro
067030,Mosciano Sant'Angelo,https://it.wikipedia.org/wiki/Mosciano_Sant%27Angelo
018037,Casteggio,https://it.wikipedia.org/wiki/Casteggio
012123,Somma Lombardo,https://it.wikipedia.org/wiki/Somma_Lombardo
076017,Campomaggiore,https://it.wikipedia.org/wiki/Campomaggiore
076018,Cancellara,https://it.wikipedia.org/wiki/Cancellara
076019,Carbone,https://it.wikipedia.org/wiki/Carbone_(Italia)
066093,Scanno,https://it.wikipedia.org/wiki/Scanno
066094,Scontrone,https://it.wikipedia.org/wiki/Scontrone
042029,Monte Roberto,https://it.wikipedia.org/wiki/Monte_Roberto
042030,Monte San Vito,https://it.wikipedia.org/wiki/Monte_San_Vito_(Italia)
076021,Castelgrande,https://it.wikipedia.org/wiki/Castelgrande
076022,Castelluccio Inferiore,https://it.wikipedia.org/wiki/Castelluccio_Inferiore
067026,Isola del Gran Sasso d'Italia,https://it.wikipedia.org/wiki/Isola_del_Gran_Sasso_d%27Italia
067047,Martinsicuro,https://it.wikipedia.org/wiki/Martinsicuro
067022,Cortino,https://it.wikipedia.org/wiki/Cortino
067023,Crognaleto,https://it.wikipedia.org/wiki/Crognaleto
076015,Calvello,https://it.wikipedia.org/wiki/Calvello
076016,Calvera,https://it.wikipedia.org/wiki/Calvera
108002,Aicurzio,https://it.wikipedia.org/wiki/Aicurzio
108003,Albiate,https://it.wikipedia.org/wiki/Albiate
076009,Banzi,https://it.wikipedia.org/wiki/Banzi
076010,Baragiano,https://it.wikipedia.org/wiki/Baragiano
067033,Penna Sant'Andrea,https://it.wikipedia.org/wiki/Penna_Sant%27Andrea
067034,Pietracamela,https://it.wikipedia.org/wiki/Pietracamela
067035,Pineto,https://it.wikipedia.org/wiki/Pineto
042026,Montecarotto,https://it.wikipedia.org/wiki/Montecarotto
042027,Montemarciano,https://it.wikipedia.org/wiki/Montemarciano
014027,Dubino,https://it.wikipedia.org/wiki/Dubino
108049,Villasanta,https://it.wikipedia.org/wiki/Villasanta
042022,Loreto,https://it.wikipedia.org/wiki/Loreto
042023,Maiolati Spontini,https://it.wikipedia.org/wiki/Maiolati_Spontini
108029,Macherio,https://it.wikipedia.org/wiki/Macherio
012105,Morazzone,https://it.wikipedia.org/wiki/Morazzone
042032,Numana,https://it.wikipedia.org/wiki/Numana
042033,Offagna,https://it.wikipedia.org/wiki/Offagna
066095,Scoppito,https://it.wikipedia.org/wiki/Scoppito
066096,Scurcola Marsicana,https://it.wikipedia.org/wiki/Scurcola_Marsicana
076025,Castelsaraceno,https://it.wikipedia.org/wiki/Castelsaraceno
076026,Castronuovo di Sant'Andrea,https://it.wikipedia.org/wiki/Castronuovo_di_Sant%27Andrea
076023,Castelluccio Superiore,https://it.wikipedia.org/wiki/Castelluccio_Superiore
076024,Castelmezzano,https://it.wikipedia.org/wiki/Castelmezzano
108028,Lissone,https://it.wikipedia.org/wiki/Lissone
067039,Sant'Omero,https://it.wikipedia.org/wiki/Sant%27Omero_(Italia)
067040,Silvi,https://it.wikipedia.org/wiki/Silvi
022071,Dambel,https://it.wikipedia.org/wiki/Dambel
042031,Morro d'Alba,https://it.wikipedia.org/wiki/Morro_d%27Alba
018095,Montebello della Battaglia,https://it.wikipedia.org/wiki/Montebello_della_Battaglia
012124,Sumirago,https://it.wikipedia.org/wiki/Sumirago
066097,Secinaro,https://it.wikipedia.org/wiki/Secinaro
043056,Ussita,https://it.wikipedia.org/wiki/Ussita
067042,Torano Nuovo,https://it.wikipedia.org/wiki/Torano_Nuovo
067043,Torricella Sicura,https://it.wikipedia.org/wiki/Torricella_Sicura
076027,Cersosimo,https://it.wikipedia.org/wiki/Cersosimo
076028,Chiaromonte,https://it.wikipedia.org/wiki/Chiaromonte
076029,Corleto Perticara,https://it.wikipedia.org/wiki/Corleto_Perticara
014033,Grosio,https://it.wikipedia.org/wiki/Grosio
012088,Leggiuno,https://it.wikipedia.org/wiki/Leggiuno
067044,Tortoreto,https://it.wikipedia.org/wiki/Tortoreto
067045,Tossicia,https://it.wikipedia.org/wiki/Tossicia
042035,Ostra,https://it.wikipedia.org/wiki/Ostra_(Italia)
042034,Osimo,https://it.wikipedia.org/wiki/Osimo
076030,Episcopia,https://it.wikipedia.org/wiki/Episcopia
076031,Fardella,https://it.wikipedia.org/wiki/Fardella
042036,Ostra Vetere,https://it.wikipedia.org/wiki/Ostra_Vetere
042037,Poggio San Marcello,https://it.wikipedia.org/wiki/Poggio_San_Marcello
067036,Rocca Santa Maria,https://it.wikipedia.org/wiki/Rocca_Santa_Maria
067038,Sant'Egidio alla Vibrata,https://it.wikipedia.org/wiki/Sant%27Egidio_alla_Vibrata
037050,Sala Bolognese,https://it.wikipedia.org/wiki/Sala_Bolognese
043057,Visso,https://it.wikipedia.org/wiki/Visso
018092,Mezzanino,https://it.wikipedia.org/wiki/Mezzanino_(Italia)
012130,Uboldo,https://it.wikipedia.org/wiki/Uboldo
076034,Francavilla in Sinni,https://it.wikipedia.org/wiki/Francavilla_in_Sinni
076035,Gallicchio,https://it.wikipedia.org/wiki/Gallicchio
076032,Filiano,https://it.wikipedia.org/wiki/Filiano
076033,Forenza,https://it.wikipedia.org/wiki/Forenza
037051,San Benedetto Val di Sambro,https://it.wikipedia.org/wiki/San_Benedetto_Val_di_Sambro
037052,San Giorgio di Piano,https://it.wikipedia.org/wiki/San_Giorgio_di_Piano
030007,Attimis,https://it.wikipedia.org/wiki/Attimis
030008,Bagnaria Arsa,https://it.wikipedia.org/wiki/Bagnaria_Arsa
076036,Genzano di Lucania,https://it.wikipedia.org/wiki/Genzano_di_Lucania
076099,Ginestra,https://it.wikipedia.org/wiki/Ginestra_(Italia)
037053,San Giovanni in Persiceto,https://it.wikipedia.org/wiki/San_Giovanni_in_Persiceto
037054,San Lazzaro di Savena,https://it.wikipedia.org/wiki/San_Lazzaro_di_Savena
037055,San Pietro in Casale,https://it.wikipedia.org/wiki/San_Pietro_in_Casale
037056,Sant'Agata Bolognese,https://it.wikipedia.org/wiki/Sant%27Agata_Bolognese
030009,Basiliano,https://it.wikipedia.org/wiki/Basiliano
030010,Bertiolo,https://it.wikipedia.org/wiki/Bertiolo
016167,Pognano,https://it.wikipedia.org/wiki/Pognano
067046,Valle Castellana,https://it.wikipedia.org/wiki/Valle_Castellana
042038,Polverigi,https://it.wikipedia.org/wiki/Polverigi
042040,Rosora,https://it.wikipedia.org/wiki/Rosora
042041,San Marcello,https://it.wikipedia.org/wiki/San_Marcello_(Italia)
042042,San Paolo di Jesi,https://it.wikipedia.org/wiki/San_Paolo_di_Jesi
037057,Sasso Marconi,https://it.wikipedia.org/wiki/Sasso_Marconi
030011,Bicinicco,https://it.wikipedia.org/wiki/Bicinicco
030012,Bordano,https://it.wikipedia.org/wiki/Bordano
042043,Santa Maria Nuova,https://it.wikipedia.org/wiki/Santa_Maria_Nuova
042044,Sassoferrato,https://it.wikipedia.org/wiki/Sassoferrato
016168,Ponte Nossa,https://it.wikipedia.org/wiki/Ponte_Nossa
016170,Ponte San Pietro,https://it.wikipedia.org/wiki/Ponte_San_Pietro
076037,Grumento Nova,https://it.wikipedia.org/wiki/Grumento_Nova
076038,Guardia Perticara,https://it.wikipedia.org/wiki/Guardia_Perticara
030013,Buja,https://it.wikipedia.org/wiki/Buja
030014,Buttrio,https://it.wikipedia.org/wiki/Buttrio
016169,Ponteranica,https://it.wikipedia.org/wiki/Ponteranica
016171,Pontida,https://it.wikipedia.org/wiki/Pontida
037060,Zola Predosa,https://it.wikipedia.org/wiki/Zola_Predosa
043051,Serrapetrona,https://it.wikipedia.org/wiki/Serrapetrona
076041,Laurenzana,https://it.wikipedia.org/wiki/Laurenzana
076042,Lauria,https://it.wikipedia.org/wiki/Lauria
016172,Pontirolo Nuovo,https://it.wikipedia.org/wiki/Pontirolo_Nuovo
016173,Pradalunga,https://it.wikipedia.org/wiki/Pradalunga
076039,Lagonegro,https://it.wikipedia.org/wiki/Lagonegro
076040,Latronico,https://it.wikipedia.org/wiki/Latronico
016001,Adrara San Martino,https://it.wikipedia.org/wiki/Adrara_San_Martino
016002,Adrara San Rocco,https://it.wikipedia.org/wiki/Adrara_San_Rocco
030015,Camino al Tagliamento,https://it.wikipedia.org/wiki/Camino_al_Tagliamento
030016,Campoformido,https://it.wikipedia.org/wiki/Campoformido
042046,Serra de' Conti,https://it.wikipedia.org/wiki/Serra_de%27_Conti
042047,Serra San Quirico,https://it.wikipedia.org/wiki/Serra_San_Quirico
076043,Lavello,https://it.wikipedia.org/wiki/Lavello_(comune)
076044,Maratea,https://it.wikipedia.org/wiki/Maratea
016003,Albano Sant'Alessandro,https://it.wikipedia.org/wiki/Albano_Sant%27Alessandro
016248,Algua,https://it.wikipedia.org/wiki/Algua
016174,Predore,https://it.wikipedia.org/wiki/Predore
016175,Premolo,https://it.wikipedia.org/wiki/Premolo
016176,Presezzo,https://it.wikipedia.org/wiki/Presezzo
016177,Pumenengo,https://it.wikipedia.org/wiki/Pumenengo
030138,Campolongo Tapogliano,https://it.wikipedia.org/wiki/Campolongo_Tapogliano
030018,Carlino,https://it.wikipedia.org/wiki/Carlino_(Italia)
016006,Almenno San Bartolomeo,https://it.wikipedia.org/wiki/Almenno_San_Bartolomeo
016007,Almenno San Salvatore,https://it.wikipedia.org/wiki/Almenno_San_Salvatore
076045,Marsico Nuovo,https://it.wikipedia.org/wiki/Marsico_Nuovo
076046,Marsicovetere,https://it.wikipedia.org/wiki/Marsicovetere
016005,Almè,https://it.wikipedia.org/wiki/Alm%C3%A8
016008,Alzano Lombardo,https://it.wikipedia.org/wiki/Alzano_Lombardo
111004,Barrali,https://it.wikipedia.org/wiki/Barrali
059001,Aprilia,https://it.wikipedia.org/wiki/Aprilia_(Italia)
076047,Maschito,https://it.wikipedia.org/wiki/Maschito
076049,Missanello,https://it.wikipedia.org/wiki/Missanello
030019,Cassacco,https://it.wikipedia.org/wiki/Cassacco
030020,Castions di Strada,https://it.wikipedia.org/wiki/Castions_di_Strada
076050,Moliterno,https://it.wikipedia.org/wiki/Moliterno
076051,Montemilone,https://it.wikipedia.org/wiki/Montemilone
076052,Montemurro,https://it.wikipedia.org/wiki/Montemurro
042045,Senigallia,https://it.wikipedia.org/wiki/Senigallia
076053,Muro Lucano,https://it.wikipedia.org/wiki/Muro_Lucano
076054,Nemoli,https://it.wikipedia.org/wiki/Nemoli
076055,Noepoli,https://it.wikipedia.org/wiki/Noepoli
076056,Oppido Lucano,https://it.wikipedia.org/wiki/Oppido_Lucano
042048,Sirolo,https://it.wikipedia.org/wiki/Sirolo
042049,Staffolo,https://it.wikipedia.org/wiki/Staffolo
059007,Fondi,https://it.wikipedia.org/wiki/Fondi
059008,Formia,https://it.wikipedia.org/wiki/Formia
076057,Palazzo San Gervasio,https://it.wikipedia.org/wiki/Palazzo_San_Gervasio
076100,Paterno,https://it.wikipedia.org/wiki/Paterno_(Basilicata)
016009,Ambivere,https://it.wikipedia.org/wiki/Ambivere
016010,Antegnate,https://it.wikipedia.org/wiki/Antegnate
059002,Bassiano,https://it.wikipedia.org/wiki/Bassiano
076058,Pescopagano,https://it.wikipedia.org/wiki/Pescopagano
076059,Picerno,https://it.wikipedia.org/wiki/Picerno
016178,Ranica,https://it.wikipedia.org/wiki/Ranica
016179,Ranzanico,https://it.wikipedia.org/wiki/Ranzanico
016011,Arcene,https://it.wikipedia.org/wiki/Arcene
016012,Ardesio,https://it.wikipedia.org/wiki/Ardesio
059003,Campodimele,https://it.wikipedia.org/wiki/Campodimele
059004,Castelforte,https://it.wikipedia.org/wiki/Castelforte
059005,Cisterna di Latina,https://it.wikipedia.org/wiki/Cisterna_di_Latina
059006,Cori,https://it.wikipedia.org/wiki/Cori
016013,Arzago d'Adda,https://it.wikipedia.org/wiki/Arzago_d%27Adda
016014,Averara,https://it.wikipedia.org/wiki/Averara
076060,Pietragalla,https://it.wikipedia.org/wiki/Pietragalla
076061,Pietrapertosa,https://it.wikipedia.org/wiki/Pietrapertosa
030021,Cavazzo Carnico,https://it.wikipedia.org/wiki/Cavazzo_Carnico
030022,Cercivento,https://it.wikipedia.org/wiki/Cercivento
016180,Riva di Solto,https://it.wikipedia.org/wiki/Riva_di_Solto
016182,Rogno,https://it.wikipedia.org/wiki/Rogno
016015,Aviatico,https://it.wikipedia.org/wiki/Aviatico
016016,Azzano San Paolo,https://it.wikipedia.org/wiki/Azzano_San_Paolo
059009,Gaeta,https://it.wikipedia.org/wiki/Gaeta
076062,Pignola,https://it.wikipedia.org/wiki/Pignola
076064,Rapolla,https://it.wikipedia.org/wiki/Rapolla
030023,Cervignano del Friuli,https://it.wikipedia.org/wiki/Cervignano_del_Friuli
030024,Chiopris-Viscone,https://it.wikipedia.org/wiki/Chiopris-Viscone
016183,Romano di Lombardia,https://it.wikipedia.org/wiki/Romano_di_Lombardia
016184,Roncobello,https://it.wikipedia.org/wiki/Roncobello
076065,Rapone,https://it.wikipedia.org/wiki/Rapone
076066,Rionero in Vulture,https://it.wikipedia.org/wiki/Rionero_in_Vulture
030025,Chiusaforte,https://it.wikipedia.org/wiki/Chiusaforte
059010,Itri,https://it.wikipedia.org/wiki/Itri
059012,Lenola,https://it.wikipedia.org/wiki/Lenola
016185,Roncola,https://it.wikipedia.org/wiki/Roncola_(Italia)
016186,Rota d'Imagna,https://it.wikipedia.org/wiki/Rota_d%27Imagna
030026,Cividale del Friuli,https://it.wikipedia.org/wiki/Cividale_del_Friuli
030027,Codroipo,https://it.wikipedia.org/wiki/Codroipo
016017,Azzone,https://it.wikipedia.org/wiki/Azzone
038001,Argenta,https://it.wikipedia.org/wiki/Argenta
059013,Maenza,https://it.wikipedia.org/wiki/Maenza
059014,Minturno,https://it.wikipedia.org/wiki/Minturno
038003,Bondeno,https://it.wikipedia.org/wiki/Bondeno
038004,Cento,https://it.wikipedia.org/wiki/Cento_(comune)
030028,Colloredo di Monte Albano,https://it.wikipedia.org/wiki/Colloredo_di_Monte_Albano
030029,Comeglians,https://it.wikipedia.org/wiki/Comeglians
016187,Rovetta,https://it.wikipedia.org/wiki/Rovetta
016188,San Giovanni Bianco,https://it.wikipedia.org/wiki/San_Giovanni_Bianco
059015,Monte San Biagio,https://it.wikipedia.org/wiki/Monte_San_Biagio
059016,Norma,https://it.wikipedia.org/wiki/Norma_(Italia)
030030,Corno di Rosazzo,https://it.wikipedia.org/wiki/Corno_di_Rosazzo
030031,Coseano,https://it.wikipedia.org/wiki/Coseano
030032,Dignano,https://it.wikipedia.org/wiki/Dignano_(Italia)
030033,Dogna,https://it.wikipedia.org/wiki/Dogna
076067,Ripacandida,https://it.wikipedia.org/wiki/Ripacandida
076068,Rivello,https://it.wikipedia.org/wiki/Rivello
016189,San Paolo d'Argon,https://it.wikipedia.org/wiki/San_Paolo_d%27Argon
016190,San Pellegrino Terme,https://it.wikipedia.org/wiki/San_Pellegrino_Terme
030034,Drenchia,https://it.wikipedia.org/wiki/Drenchia
030035,Enemonzo,https://it.wikipedia.org/wiki/Enemonzo
059017,Pontinia,https://it.wikipedia.org/wiki/Pontinia
038005,Codigoro,https://it.wikipedia.org/wiki/Codigoro
059019,Priverno,https://it.wikipedia.org/wiki/Priverno
059020,Prossedi,https://it.wikipedia.org/wiki/Prossedi
059018,Ponza,https://it.wikipedia.org/wiki/Ponza_(comune)
076069,Roccanova,https://it.wikipedia.org/wiki/Roccanova
076070,Rotonda,https://it.wikipedia.org/wiki/Rotonda_(Italia)
038006,Comacchio,https://it.wikipedia.org/wiki/Comacchio
038007,Copparo,https://it.wikipedia.org/wiki/Copparo
076071,Ruoti,https://it.wikipedia.org/wiki/Ruoti
076072,Ruvo del Monte,https://it.wikipedia.org/wiki/Ruvo_del_Monte
076073,San Chirico Nuovo,https://it.wikipedia.org/wiki/San_Chirico_Nuovo
016252,Sant'Omobono Terme,https://it.wikipedia.org/wiki/Sant%27Omobono_Terme
016191,Santa Brigida,https://it.wikipedia.org/wiki/Santa_Brigida_(Italia)
059022,Rocca Massima,https://it.wikipedia.org/wiki/Rocca_Massima
059021,Roccagorga,https://it.wikipedia.org/wiki/Roccagorga
016193,Sarnico,https://it.wikipedia.org/wiki/Sarnico
016194,Scanzorosciate,https://it.wikipedia.org/wiki/Scanzorosciate
038025,Goro,https://it.wikipedia.org/wiki/Goro
038010,Jolanda di Savoia,https://it.wikipedia.org/wiki/Jolanda_di_Savoia_(Italia)
059023,Roccasecca dei Volsci,https://it.wikipedia.org/wiki/Roccasecca_dei_Volsci
059024,Sabaudia,https://it.wikipedia.org/wiki/Sabaudia
076074,San Chirico Raparo,https://it.wikipedia.org/wiki/San_Chirico_Raparo
076075,San Costantino Albanese,https://it.wikipedia.org/wiki/San_Costantino_Albanese
038011,Lagosanto,https://it.wikipedia.org/wiki/Lagosanto
038012,Masi Torello,https://it.wikipedia.org/wiki/Masi_Torello
016197,Selvino,https://it.wikipedia.org/wiki/Selvino
016198,Seriate,https://it.wikipedia.org/wiki/Seriate
076076,San Fele,https://it.wikipedia.org/wiki/San_Fele
076077,San Martino d'Agri,https://it.wikipedia.org/wiki/San_Martino_d%27Agri
059025,San Felice Circeo,https://it.wikipedia.org/wiki/San_Felice_Circeo
076020,San Paolo Albanese,https://it.wikipedia.org/wiki/San_Paolo_Albanese
076078,San Severino Lucano,https://it.wikipedia.org/wiki/San_Severino_Lucano
016199,Serina,https://it.wikipedia.org/wiki/Serina_(Italia)
016200,Solto Collina,https://it.wikipedia.org/wiki/Solto_Collina
038014,Mesola,https://it.wikipedia.org/wiki/Mesola
038017,Ostellato,https://it.wikipedia.org/wiki/Ostellato
016251,Solza,https://it.wikipedia.org/wiki/Solza
016201,Songavazzo,https://it.wikipedia.org/wiki/Songavazzo
059026,Santi Cosma e Damiano,https://it.wikipedia.org/wiki/Santi_Cosma_e_Damiano_(Italia)
059027,Sermoneta,https://it.wikipedia.org/wiki/Sermoneta
059028,Sezze,https://it.wikipedia.org/wiki/Sezze
059029,Sonnino,https://it.wikipedia.org/wiki/Sonnino
016202,Sorisole,https://it.wikipedia.org/wiki/Sorisole
016203,Sotto il Monte Giovanni XXIII,https://it.wikipedia.org/wiki/Sotto_il_Monte_Giovanni_XXIII
076079,Sant'Angelo Le Fratte,https://it.wikipedia.org/wiki/Sant%27Angelo_Le_Fratte
076080,Sant'Arcangelo,https://it.wikipedia.org/wiki/Sant%27Arcangelo
030036,Faedis,https://it.wikipedia.org/wiki/Faedis
030037,Fagagna,https://it.wikipedia.org/wiki/Fagagna
076081,Sarconi,https://it.wikipedia.org/wiki/Sarconi
076082,Sasso di Castalda,https://it.wikipedia.org/wiki/Sasso_di_Castalda
016204,Sovere,https://it.wikipedia.org/wiki/Sovere
016205,Spinone al Lago,https://it.wikipedia.org/wiki/Spinone_al_Lago
016206,Spirano,https://it.wikipedia.org/wiki/Spirano
016207,Stezzano,https://it.wikipedia.org/wiki/Stezzano
076083,Satriano di Lucania,https://it.wikipedia.org/wiki/Satriano_di_Lucania
076084,Savoia di Lucania,https://it.wikipedia.org/wiki/Savoia_di_Lucania
016208,Strozza,https://it.wikipedia.org/wiki/Strozza
016209,Suisio,https://it.wikipedia.org/wiki/Suisio
016195,Schilpario,https://it.wikipedia.org/wiki/Schilpario
016196,Sedrina,https://it.wikipedia.org/wiki/Sedrina
016212,Telgate,https://it.wikipedia.org/wiki/Telgate
016213,Terno d'Isola,https://it.wikipedia.org/wiki/Terno_d%27Isola
038018,Poggio Renatico,https://it.wikipedia.org/wiki/Poggio_Renatico
038019,Portomaggiore,https://it.wikipedia.org/wiki/Portomaggiore
059030,Sperlonga,https://it.wikipedia.org/wiki/Sperlonga
059031,Spigno Saturnia,https://it.wikipedia.org/wiki/Spigno_Saturnia
016210,Taleggio,https://it.wikipedia.org/wiki/Taleggio_(Italia)
016211,Tavernola Bergamasca,https://it.wikipedia.org/wiki/Tavernola_Bergamasca
030039,Flaibano,https://it.wikipedia.org/wiki/Flaibano
030137,Forgaria nel Friuli,https://it.wikipedia.org/wiki/Forgaria_nel_Friuli
076085,Senise,https://it.wikipedia.org/wiki/Senise
076086,Spinoso,https://it.wikipedia.org/wiki/Spinoso
016214,Torre Boldone,https://it.wikipedia.org/wiki/Torre_Boldone
016216,Torre de' Roveri,https://it.wikipedia.org/wiki/Torre_de%27_Roveri
030040,Forni Avoltri,https://it.wikipedia.org/wiki/Forni_Avoltri
030041,Forni di Sopra,https://it.wikipedia.org/wiki/Forni_di_Sopra
076087,Teana,https://it.wikipedia.org/wiki/Teana
076088,Terranova di Pollino,https://it.wikipedia.org/wiki/Terranova_di_Pollino
076089,Tito,https://it.wikipedia.org/wiki/Tito_(Italia)
030042,Forni di Sotto,https://it.wikipedia.org/wiki/Forni_di_Sotto
030043,Gemona del Friuli,https://it.wikipedia.org/wiki/Gemona_del_Friuli
059032,Terracina,https://it.wikipedia.org/wiki/Terracina
083040,Limina,https://it.wikipedia.org/wiki/Limina
030044,Gonars,https://it.wikipedia.org/wiki/Gonars
030045,Grimacco,https://it.wikipedia.org/wiki/Grimacco
004026,Bosia,https://it.wikipedia.org/wiki/Bosia
076090,Tolve,https://it.wikipedia.org/wiki/Tolve
083078,San Fratello,https://it.wikipedia.org/wiki/San_Fratello
083102,Ucria,https://it.wikipedia.org/wiki/Ucria
083106,Terme Vigliatore,https://it.wikipedia.org/wiki/Terme_Vigliatore
083103,Valdina,https://it.wikipedia.org/wiki/Valdina
004027,Bossolasco,https://it.wikipedia.org/wiki/Bossolasco
030046,Latisana,https://it.wikipedia.org/wiki/Latisana
030047,Lauco,https://it.wikipedia.org/wiki/Lauco
030048,Lestizza,https://it.wikipedia.org/wiki/Lestizza
004028,Boves,https://it.wikipedia.org/wiki/Boves
004029,Bra,https://it.wikipedia.org/wiki/Bra
083073,Roccavaldina,https://it.wikipedia.org/wiki/Roccavaldina
005047,Cortazzone,https://it.wikipedia.org/wiki/Cortazzone
030049,Lignano Sabbiadoro,https://it.wikipedia.org/wiki/Lignano_Sabbiadoro
030051,Lusevera,https://it.wikipedia.org/wiki/Lusevera
004030,Briaglia,https://it.wikipedia.org/wiki/Briaglia
004031,Briga Alta,https://it.wikipedia.org/wiki/Briga_Alta
038022,Vigarano Mainarda,https://it.wikipedia.org/wiki/Vigarano_Mainarda
038023,Voghiera,https://it.wikipedia.org/wiki/Voghiera
083015,Castelmola,https://it.wikipedia.org/wiki/Castelmola
083035,Gualtieri Sicaminò,https://it.wikipedia.org/wiki/Gualtieri_Sicamin%C3%B2
016218,Trescore Balneario,https://it.wikipedia.org/wiki/Trescore_Balneario
016219,Treviglio,https://it.wikipedia.org/wiki/Treviglio
016220,Treviolo,https://it.wikipedia.org/wiki/Treviolo
016221,Ubiale Clanezzo,https://it.wikipedia.org/wiki/Ubiale_Clanezzo
040003,Bertinoro,https://it.wikipedia.org/wiki/Bertinoro
040004,Borghi,https://it.wikipedia.org/wiki/Borghi
040005,Castrocaro Terme e Terra del Sole,https://it.wikipedia.org/wiki/Castrocaro_Terme_e_Terra_del_Sole
030052,Magnano in Riviera,https://it.wikipedia.org/wiki/Magnano_in_Riviera
030053,Majano,https://it.wikipedia.org/wiki/Majano
004032,Brondello,https://it.wikipedia.org/wiki/Brondello
004033,Brossasco,https://it.wikipedia.org/wiki/Brossasco
016222,Urgnano,https://it.wikipedia.org/wiki/Urgnano
016223,Valbondione,https://it.wikipedia.org/wiki/Valbondione
083004,Antillo,https://it.wikipedia.org/wiki/Antillo
083065,Pagliara,https://it.wikipedia.org/wiki/Pagliara
016226,Valleve,https://it.wikipedia.org/wiki/Valleve
016227,Valnegra,https://it.wikipedia.org/wiki/Valnegra
004034,Busca,https://it.wikipedia.org/wiki/Busca
004035,Camerana,https://it.wikipedia.org/wiki/Camerana
030054,Malborghetto-Valbruna,https://it.wikipedia.org/wiki/Malborghetto-Valbruna
030055,Manzano,https://it.wikipedia.org/wiki/Manzano_(Friuli-Venezia_Giulia)
083006,Basicò,https://it.wikipedia.org/wiki/Basic%C3%B2
083057,Montalbano Elicona,https://it.wikipedia.org/wiki/Montalbano_Elicona
016224,Valbrembo,https://it.wikipedia.org/wiki/Valbrembo
016225,Valgoglio,https://it.wikipedia.org/wiki/Valgoglio
040014,Galeata,https://it.wikipedia.org/wiki/Galeata
040015,Gambettola,https://it.wikipedia.org/wiki/Gambettola
016236,Vigano San Martino,https://it.wikipedia.org/wiki/Vigano_San_Martino
016237,Vigolo,https://it.wikipedia.org/wiki/Vigolo
004037,Canale,https://it.wikipedia.org/wiki/Canale_(Italia)
016229,Valtorta,https://it.wikipedia.org/wiki/Valtorta
016230,Vedeseta,https://it.wikipedia.org/wiki/Vedeseta
016232,Verdellino,https://it.wikipedia.org/wiki/Verdellino
016233,Verdello,https://it.wikipedia.org/wiki/Verdello
004042,Cardè,https://it.wikipedia.org/wiki/Card%C3%A8
040008,Cesenatico,https://it.wikipedia.org/wiki/Cesenatico
040009,Civitella di Romagna,https://it.wikipedia.org/wiki/Civitella_di_Romagna
004038,Canosio,https://it.wikipedia.org/wiki/Canosio
004039,Caprauna,https://it.wikipedia.org/wiki/Caprauna
083017,Cesarò,https://it.wikipedia.org/wiki/Cesar%C3%B2
083075,Rodì Milici,https://it.wikipedia.org/wiki/Rod%C3%AC_Milici
040011,Dovadola,https://it.wikipedia.org/wiki/Dovadola
040013,Forlimpopoli,https://it.wikipedia.org/wiki/Forlimpopoli
040016,Gatteo,https://it.wikipedia.org/wiki/Gatteo
040018,Longiano,https://it.wikipedia.org/wiki/Longiano
083018,Condrò,https://it.wikipedia.org/wiki/Condr%C3%B2
083086,Santa Lucia del Mela,https://it.wikipedia.org/wiki/Santa_Lucia_del_Mela
030058,Mereto di Tomba,https://it.wikipedia.org/wiki/Mereto_di_Tomba
030059,Moggio Udinese,https://it.wikipedia.org/wiki/Moggio_Udinese
060003,Alatri,https://it.wikipedia.org/wiki/Alatri
030117,Tarvisio,https://it.wikipedia.org/wiki/Tarvisio
004040,Caraglio,https://it.wikipedia.org/wiki/Caraglio
004041,Caramagna Piemonte,https://it.wikipedia.org/wiki/Caramagna_Piemonte
071020,Cerignola,https://it.wikipedia.org/wiki/Cerignola
040022,Modigliana,https://it.wikipedia.org/wiki/Modigliana
040028,Montiano,https://it.wikipedia.org/wiki/Montiano
016238,Villa d'Adda,https://it.wikipedia.org/wiki/Villa_d%27Adda
016239,Villa d'Almè,https://it.wikipedia.org/wiki/Villa_d%27Alm%C3%A8
040031,Portico e San Benedetto,https://it.wikipedia.org/wiki/Portico_e_San_Benedetto
040032,Predappio,https://it.wikipedia.org/wiki/Predappio
016234,Vertova,https://it.wikipedia.org/wiki/Vertova
016235,Viadanica,https://it.wikipedia.org/wiki/Viadanica
083021,Fiumedinisi,https://it.wikipedia.org/wiki/Fiumedinisi
083033,Gioiosa Marea,https://it.wikipedia.org/wiki/Gioiosa_Marea
040019,Meldola,https://it.wikipedia.org/wiki/Meldola
040020,Mercato Saraceno,https://it.wikipedia.org/wiki/Mercato_Saraceno
065037,Cava de' Tirreni,https://it.wikipedia.org/wiki/Cava_de%27_Tirreni
071051,San Severo,https://it.wikipedia.org/wiki/San_Severo
061005,Aversa,https://it.wikipedia.org/wiki/Aversa
072011,Bitonto,https://it.wikipedia.org/wiki/Bitonto
040033,Premilcuore,https://it.wikipedia.org/wiki/Premilcuore
040036,Rocca San Casciano,https://it.wikipedia.org/wiki/Rocca_San_Casciano
030056,Marano Lagunare,https://it.wikipedia.org/wiki/Marano_Lagunare
030057,Martignacco,https://it.wikipedia.org/wiki/Martignacco
083029,Gaggi,https://it.wikipedia.org/wiki/Gaggi
083081,San Piero Patti,https://it.wikipedia.org/wiki/San_Piero_Patti
040037,Roncofreddo,https://it.wikipedia.org/wiki/Roncofreddo
040041,San Mauro Pascoli,https://it.wikipedia.org/wiki/San_Mauro_Pascoli
071029,Manfredonia,https://it.wikipedia.org/wiki/Manfredonia
030060,Moimacco,https://it.wikipedia.org/wiki/Moimacco
030061,Montenars,https://it.wikipedia.org/wiki/Montenars
083052,Mistretta,https://it.wikipedia.org/wiki/Mistretta
083099,Tortorici,https://it.wikipedia.org/wiki/Tortorici
072029,Molfetta,https://it.wikipedia.org/wiki/Molfetta
030062,Mortegliano,https://it.wikipedia.org/wiki/Mortegliano
030063,Moruzzo,https://it.wikipedia.org/wiki/Moruzzo
083022,Floresta,https://it.wikipedia.org/wiki/Floresta_(Italia)
083108,Torrenova,https://it.wikipedia.org/wiki/Torrenova
040044,Sarsina,https://it.wikipedia.org/wiki/Sarsina
040043,Santa Sofia,https://it.wikipedia.org/wiki/Santa_Sofia_(comune_italiano)
030064,Muzzana del Turgnano,https://it.wikipedia.org/wiki/Muzzana_del_Turgnano
030065,Nimis,https://it.wikipedia.org/wiki/Nimis
083094,Scaletta Zanclea,https://it.wikipedia.org/wiki/Scaletta_Zanclea
083096,Spadafora,https://it.wikipedia.org/wiki/Spadafora
030066,Osoppo,https://it.wikipedia.org/wiki/Osoppo
030067,Ovaro,https://it.wikipedia.org/wiki/Ovaro
040045,Savignano sul Rubicone,https://it.wikipedia.org/wiki/Savignano_sul_Rubicone
083008,Capizzi,https://it.wikipedia.org/wiki/Capizzi
083082,San Salvatore di Fitalia,https://it.wikipedia.org/wiki/San_Salvatore_di_Fitalia
030068,Pagnacco,https://it.wikipedia.org/wiki/Pagnacco
030069,Palazzolo dello Stella,https://it.wikipedia.org/wiki/Palazzolo_dello_Stella
040046,Sogliano al Rubicone,https://it.wikipedia.org/wiki/Sogliano_al_Rubicone
040049,Tredozio,https://it.wikipedia.org/wiki/Tredozio
030070,Palmanova,https://it.wikipedia.org/wiki/Palmanova
072004,Altamura,https://it.wikipedia.org/wiki/Altamura
087004,Acireale,https://it.wikipedia.org/wiki/Acireale
016018,Bagnatica,https://it.wikipedia.org/wiki/Bagnatica
040050,Verghereto,https://it.wikipedia.org/wiki/Verghereto
083028,Furnari,https://it.wikipedia.org/wiki/Furnari
083034,Graniti,https://it.wikipedia.org/wiki/Graniti
058120,Fiumicino,https://it.wikipedia.org/wiki/Fiumicino
030071,Paluzza,https://it.wikipedia.org/wiki/Paluzza
030072,Pasian di Prato,https://it.wikipedia.org/wiki/Pasian_di_Prato
083039,Librizzi,https://it.wikipedia.org/wiki/Librizzi
083101,Tusa,https://it.wikipedia.org/wiki/Tusa
030073,Paularo,https://it.wikipedia.org/wiki/Paularo
030074,Pavia di Udine,https://it.wikipedia.org/wiki/Pavia_di_Udine
016019,Barbata,https://it.wikipedia.org/wiki/Barbata
016020,Bariano,https://it.wikipedia.org/wiki/Bariano
016021,Barzana,https://it.wikipedia.org/wiki/Barzana
030075,Pocenia,https://it.wikipedia.org/wiki/Pocenia
030076,Pontebba,https://it.wikipedia.org/wiki/Pontebba
016241,Villa d'Ogna,https://it.wikipedia.org/wiki/Villa_d%27Ogna
016240,Villa di Serio,https://it.wikipedia.org/wiki/Villa_di_Serio
083013,Castel di Lucio,https://it.wikipedia.org/wiki/Castel_di_Lucio
021094,Sluderno,https://it.wikipedia.org/wiki/Sluderno
016022,Bedulita,https://it.wikipedia.org/wiki/Bedulita
016023,Berbenno,https://it.wikipedia.org/wiki/Berbenno
041057,Sant'Angelo in Vado,https://it.wikipedia.org/wiki/Sant%27Angelo_in_Vado
021106,Valdaora,https://it.wikipedia.org/wiki/Valdaora
016025,Berzo San Fermo,https://it.wikipedia.org/wiki/Berzo_San_Fermo
016242,Villongo,https://it.wikipedia.org/wiki/Villongo
016243,Vilminore di Scalve,https://it.wikipedia.org/wiki/Vilminore_di_Scalve
004043,Carrù,https://it.wikipedia.org/wiki/Carr%C3%B9
004044,Cartignano,https://it.wikipedia.org/wiki/Cartignano
021118,Senale-San Felice,https://it.wikipedia.org/wiki/Senale-San_Felice
021095,Stelvio,https://it.wikipedia.org/wiki/Stelvio
016026,Bianzano,https://it.wikipedia.org/wiki/Bianzano
016027,Blello,https://it.wikipedia.org/wiki/Blello
030077,Porpetto,https://it.wikipedia.org/wiki/Porpetto
030078,Povoletto,https://it.wikipedia.org/wiki/Povoletto
016244,Zandobbio,https://it.wikipedia.org/wiki/Zandobbio
016245,Zanica,https://it.wikipedia.org/wiki/Zanica
016028,Bolgare,https://it.wikipedia.org/wiki/Bolgare
016029,Boltiere,https://it.wikipedia.org/wiki/Boltiere
004045,Casalgrasso,https://it.wikipedia.org/wiki/Casalgrasso
004046,Castagnito,https://it.wikipedia.org/wiki/Castagnito
016030,Bonate Sopra,https://it.wikipedia.org/wiki/Bonate_Sopra
016031,Bonate Sotto,https://it.wikipedia.org/wiki/Bonate_Sotto
083045,Mandanici,https://it.wikipedia.org/wiki/Mandanici
021104,Ultimo,https://it.wikipedia.org/wiki/Ultimo_(Italia)
004047,Casteldelfino,https://it.wikipedia.org/wiki/Casteldelfino
004049,Castelletto Stura,https://it.wikipedia.org/wiki/Castelletto_Stura
030079,Pozzuolo del Friuli,https://it.wikipedia.org/wiki/Pozzuolo_del_Friuli
030080,Pradamano,https://it.wikipedia.org/wiki/Pradamano
016246,Zogno,https://it.wikipedia.org/wiki/Zogno
047002,Agliana,https://it.wikipedia.org/wiki/Agliana
021093,Silandro,https://it.wikipedia.org/wiki/Silandro
083030,Galati Mamertino,https://it.wikipedia.org/wiki/Galati_Mamertino
016032,Borgo di Terzo,https://it.wikipedia.org/wiki/Borgo_di_Terzo
016033,Bossico,https://it.wikipedia.org/wiki/Bossico
030081,Prato Carnico,https://it.wikipedia.org/wiki/Prato_Carnico
030082,Precenicco,https://it.wikipedia.org/wiki/Precenicco
004050,Castelletto Uzzone,https://it.wikipedia.org/wiki/Castelletto_Uzzone
004051,Castellinaldo d'Alba,https://it.wikipedia.org/wiki/Castellinaldo_d%27Alba
016034,Bottanuco,https://it.wikipedia.org/wiki/Bottanuco
016035,Bracca,https://it.wikipedia.org/wiki/Bracca
004052,Castellino Tanaro,https://it.wikipedia.org/wiki/Castellino_Tanaro
004054,Castelnuovo di Ceva,https://it.wikipedia.org/wiki/Castelnuovo_di_Ceva
021082,San Martino in Badia,https://it.wikipedia.org/wiki/San_Martino_in_Badia
083098,Torregrotta,https://it.wikipedia.org/wiki/Torregrotta
030083,Premariacco,https://it.wikipedia.org/wiki/Premariacco
030084,Preone,https://it.wikipedia.org/wiki/Preone
016036,Branzi,https://it.wikipedia.org/wiki/Branzi
016037,Brembate,https://it.wikipedia.org/wiki/Brembate
004055,Castiglione Falletto,https://it.wikipedia.org/wiki/Castiglione_Falletto
004056,Castiglione Tinella,https://it.wikipedia.org/wiki/Castiglione_Tinella
083061,Nizza di Sicilia,https://it.wikipedia.org/wiki/Nizza_di_Sicilia
033003,Besenzone,https://it.wikipedia.org/wiki/Besenzone
047003,Buggiano,https://it.wikipedia.org/wiki/Buggiano
030085,Prepotto,https://it.wikipedia.org/wiki/Prepotto
030086,Pulfero,https://it.wikipedia.org/wiki/Pulfero
016041,Brumano,https://it.wikipedia.org/wiki/Brumano
016042,Brusaporto,https://it.wikipedia.org/wiki/Brusaporto
004057,Castino,https://it.wikipedia.org/wiki/Castino
004058,Cavallerleone,https://it.wikipedia.org/wiki/Cavallerleone
016040,Brignano Gera d'Adda,https://it.wikipedia.org/wiki/Brignano_Gera_d%27Adda
016038,Brembate di Sopra,https://it.wikipedia.org/wiki/Brembate_di_Sopra
030087,Ragogna,https://it.wikipedia.org/wiki/Ragogna
030088,Ravascletto,https://it.wikipedia.org/wiki/Ravascletto
004059,Cavallermaggiore,https://it.wikipedia.org/wiki/Cavallermaggiore
004060,Celle di Macra,https://it.wikipedia.org/wiki/Celle_di_Macra
033001,Agazzano,https://it.wikipedia.org/wiki/Agazzano
033002,Alseno,https://it.wikipedia.org/wiki/Alseno
033007,Cadeo,https://it.wikipedia.org/wiki/Cadeo
047022,Chiesina Uzzanese,https://it.wikipedia.org/wiki/Chiesina_Uzzanese
036001,Bastiglia,https://it.wikipedia.org/wiki/Bastiglia_(Italia)
036002,Bomporto,https://it.wikipedia.org/wiki/Bomporto
004061,Centallo,https://it.wikipedia.org/wiki/Centallo
030089,Raveo,https://it.wikipedia.org/wiki/Raveo
030090,Reana del Rojale,https://it.wikipedia.org/wiki/Reana_del_Rojale
004062,Ceresole d'Alba,https://it.wikipedia.org/wiki/Ceresole_d%27Alba
004063,Cerretto Langhe,https://it.wikipedia.org/wiki/Cerretto_Langhe
030091,Remanzacco,https://it.wikipedia.org/wiki/Remanzacco
030092,Resia,https://it.wikipedia.org/wiki/Resia
033004,Bettola,https://it.wikipedia.org/wiki/Bettola
033006,Borgonovo Val Tidone,https://it.wikipedia.org/wiki/Borgonovo_Val_Tidone
021097,Terlano,https://it.wikipedia.org/wiki/Terlano
083001,Alcara Li Fusi,https://it.wikipedia.org/wiki/Alcara_Li_Fusi
083091,Santo Stefano di Camastra,https://it.wikipedia.org/wiki/Santo_Stefano_di_Camastra
083105,Villafranca Tirrena,https://it.wikipedia.org/wiki/Villafranca_Tirrena
004064,Cervasca,https://it.wikipedia.org/wiki/Cervasca
004065,Cervere,https://it.wikipedia.org/wiki/Cervere
036003,Campogalliano,https://it.wikipedia.org/wiki/Campogalliano
030095,Rive d'Arcano,https://it.wikipedia.org/wiki/Rive_d%27Arcano
030097,Ronchis,https://it.wikipedia.org/wiki/Ronchis
036005,Carpi,https://it.wikipedia.org/wiki/Carpi
036004,Camposanto,https://it.wikipedia.org/wiki/Camposanto_(comune)
030093,Resiutta,https://it.wikipedia.org/wiki/Resiutta
030094,Rigolato,https://it.wikipedia.org/wiki/Rigolato
002088,Olcenengo,https://it.wikipedia.org/wiki/Olcenengo
002089,Oldenico,https://it.wikipedia.org/wiki/Oldenico
083007,Brolo,https://it.wikipedia.org/wiki/Brolo
083010,Capri Leone,https://it.wikipedia.org/wiki/Capri_Leone
004068,Chiusa di Pesio,https://it.wikipedia.org/wiki/Chiusa_di_Pesio
004069,Cigliè,https://it.wikipedia.org/wiki/Cigli%C3%A8
004070,Cissone,https://it.wikipedia.org/wiki/Cissone
004071,Clavesana,https://it.wikipedia.org/wiki/Clavesana
030098,Ruda,https://it.wikipedia.org/wiki/Ruda_(Italia)
030099,San Daniele del Friuli,https://it.wikipedia.org/wiki/San_Daniele_del_Friuli
004066,Ceva,https://it.wikipedia.org/wiki/Ceva
004067,Cherasco,https://it.wikipedia.org/wiki/Cherasco
033011,Carpaneto Piacentino,https://it.wikipedia.org/wiki/Carpaneto_Piacentino
047007,Marliana,https://it.wikipedia.org/wiki/Marliana
002090,Palazzolo Vercellese,https://it.wikipedia.org/wiki/Palazzolo_Vercellese
002091,Pertengo,https://it.wikipedia.org/wiki/Pertengo
083019,Falcone,https://it.wikipedia.org/wiki/Falcone_(Italia)
083020,Ficarra,https://it.wikipedia.org/wiki/Ficarra
004074,Cossano Belbo,https://it.wikipedia.org/wiki/Cossano_Belbo
004075,Costigliole Saluzzo,https://it.wikipedia.org/wiki/Costigliole_Saluzzo
002097,Piode,https://it.wikipedia.org/wiki/Piode
002102,Postua,https://it.wikipedia.org/wiki/Postua
002096,Pila,https://it.wikipedia.org/wiki/Pila_(comune_italiano)
004072,Corneliano d'Alba,https://it.wikipedia.org/wiki/Corneliano_d%27Alba
004073,Cortemilia,https://it.wikipedia.org/wiki/Cortemilia
002104,Prarolo,https://it.wikipedia.org/wiki/Prarolo
002107,Quarona,https://it.wikipedia.org/wiki/Quarona
047005,Lamporecchio,https://it.wikipedia.org/wiki/Lamporecchio
047006,Larciano,https://it.wikipedia.org/wiki/Larciano
004076,Cravanzana,https://it.wikipedia.org/wiki/Cravanzana
004077,Crissolo,https://it.wikipedia.org/wiki/Crissolo
030102,San Leonardo,https://it.wikipedia.org/wiki/San_Leonardo_(Italia)
030103,San Pietro al Natisone,https://it.wikipedia.org/wiki/San_Pietro_al_Natisone
030105,San Vito al Torre,https://it.wikipedia.org/wiki/San_Vito_al_Torre
030106,San Vito di Fagagna,https://it.wikipedia.org/wiki/San_Vito_di_Fagagna
002108,Quinto Vercellese,https://it.wikipedia.org/wiki/Quinto_Vercellese
002093,Pezzana,https://it.wikipedia.org/wiki/Pezzana
004079,Demonte,https://it.wikipedia.org/wiki/Demonte
004080,Diano d'Alba,https://it.wikipedia.org/wiki/Diano_d%27Alba
083024,Forza d'Agrò,https://it.wikipedia.org/wiki/Forza_d%27Agr%C3%B2
083025,Francavilla di Sicilia,https://it.wikipedia.org/wiki/Francavilla_di_Sicilia
083011,Caronia,https://it.wikipedia.org/wiki/Caronia
083016,Castroreale,https://it.wikipedia.org/wiki/Castroreale
002110,Rassa,https://it.wikipedia.org/wiki/Rassa
002113,Rimella,https://it.wikipedia.org/wiki/Rimella
033013,Castel San Giovanni,https://it.wikipedia.org/wiki/Castel_San_Giovanni
047008,Massa e Cozzile,https://it.wikipedia.org/wiki/Massa_e_Cozzile
083027,Furci Siculo,https://it.wikipedia.org/wiki/Furci_Siculo
083036,Itala,https://it.wikipedia.org/wiki/Itala_(Italia)
030108,Savogna,https://it.wikipedia.org/wiki/Savogna
065095,Piaggine,https://it.wikipedia.org/wiki/Piaggine
030104,Santa Maria la Longa,https://it.wikipedia.org/wiki/Santa_Maria_la_Longa
030107,Sauris,https://it.wikipedia.org/wiki/Sauris
030100,San Giorgio di Nogaro,https://it.wikipedia.org/wiki/San_Giorgio_di_Nogaro
030101,San Giovanni al Natisone,https://it.wikipedia.org/wiki/San_Giovanni_al_Natisone
033008,Calendasco,https://it.wikipedia.org/wiki/Calendasco
033010,Caorso,https://it.wikipedia.org/wiki/Caorso
033012,Castell'Arquato,https://it.wikipedia.org/wiki/Castell%27Arquato
083037,Leni,https://it.wikipedia.org/wiki/Leni
083038,Letojanni,https://it.wikipedia.org/wiki/Letojanni
065096,Pisciotta,https://it.wikipedia.org/wiki/Pisciotta
065097,Polla,https://it.wikipedia.org/wiki/Polla
004081,Dogliani,https://it.wikipedia.org/wiki/Dogliani
004082,Dronero,https://it.wikipedia.org/wiki/Dronero
002115,Rive,https://it.wikipedia.org/wiki/Rive
002116,Roasio,https://it.wikipedia.org/wiki/Roasio
033015,Cerignale,https://it.wikipedia.org/wiki/Cerignale
033016,Coli,https://it.wikipedia.org/wiki/Coli
004088,Feisoglio,https://it.wikipedia.org/wiki/Feisoglio
004089,Fossano,https://it.wikipedia.org/wiki/Fossano
033014,Castelvetro Piacentino,https://it.wikipedia.org/wiki/Castelvetro_Piacentino
047009,Monsummano Terme,https://it.wikipedia.org/wiki/Monsummano_Terme
004086,Farigliano,https://it.wikipedia.org/wiki/Farigliano
004087,Faule,https://it.wikipedia.org/wiki/Faule
033017,Corte Brugnatella,https://it.wikipedia.org/wiki/Corte_Brugnatella
047010,Montale,https://it.wikipedia.org/wiki/Montale_(Italia)
004084,Entracque,https://it.wikipedia.org/wiki/Entracque
004085,Envie,https://it.wikipedia.org/wiki/Envie
065098,Pollica,https://it.wikipedia.org/wiki/Pollica
065099,Pontecagnano Faiano,https://it.wikipedia.org/wiki/Pontecagnano_Faiano
002118,Ronsecco,https://it.wikipedia.org/wiki/Ronsecco
002121,Rossa,https://it.wikipedia.org/wiki/Rossa_(Italia)
065100,Positano,https://it.wikipedia.org/wiki/Positano
072018,Cellamare,https://it.wikipedia.org/wiki/Cellamare
083041,Lipari,https://it.wikipedia.org/wiki/Lipari_(comune)
004090,Frabosa Soprana,https://it.wikipedia.org/wiki/Frabosa_Soprana
065101,Postiglione,https://it.wikipedia.org/wiki/Postiglione_(Italia)
065102,Praiano,https://it.wikipedia.org/wiki/Praiano
020042,Poggio Rusco,https://it.wikipedia.org/wiki/Poggio_Rusco
020044,Ponti sul Mincio,https://it.wikipedia.org/wiki/Ponti_sul_Mincio
004091,Frabosa Sottana,https://it.wikipedia.org/wiki/Frabosa_Sottana
004092,Frassino,https://it.wikipedia.org/wiki/Frassino_(Italia)
098041,Mulazzano,https://it.wikipedia.org/wiki/Mulazzano
098060,Villanova del Sillaro,https://it.wikipedia.org/wiki/Villanova_del_Sillaro
065103,Prignano Cilento,https://it.wikipedia.org/wiki/Prignano_Cilento
065104,Ravello,https://it.wikipedia.org/wiki/Ravello
098024,Corte Palasio,https://it.wikipedia.org/wiki/Corte_Palasio
097053,Montevecchia,https://it.wikipedia.org/wiki/Montevecchia
002126,Salasco,https://it.wikipedia.org/wiki/Salasco
002127,Sali Vercellese,https://it.wikipedia.org/wiki/Sali_Vercellese
012108,Olgiate Olona,https://it.wikipedia.org/wiki/Olgiate_Olona
002122,Rovasenda,https://it.wikipedia.org/wiki/Rovasenda
065105,Ricigliano,https://it.wikipedia.org/wiki/Ricigliano
065106,Roccadaspide,https://it.wikipedia.org/wiki/Roccadaspide
002128,Saluggia,https://it.wikipedia.org/wiki/Saluggia
002131,San Germano Vercellese,https://it.wikipedia.org/wiki/San_Germano_Vercellese
097001,Abbadia Lariana,https://it.wikipedia.org/wiki/Abbadia_Lariana
020016,Castellucchio,https://it.wikipedia.org/wiki/Castellucchio
004093,Gaiola,https://it.wikipedia.org/wiki/Gaiola
004094,Gambasca,https://it.wikipedia.org/wiki/Gambasca
065107,Roccagloriosa,https://it.wikipedia.org/wiki/Roccagloriosa
065108,Roccapiemonte,https://it.wikipedia.org/wiki/Roccapiemonte
098018,Cervignano d’Adda,https://it.wikipedia.org/wiki/Cervignano_d%27Adda
015219,Trezzano Rosa,https://it.wikipedia.org/wiki/Trezzano_Rosa
002035,San Giacomo Vercellese,https://it.wikipedia.org/wiki/San_Giacomo_Vercellese
065109,Rofrano,https://it.wikipedia.org/wiki/Rofrano
065110,Romagnano al Monte,https://it.wikipedia.org/wiki/Romagnano_al_Monte
002133,Santhià,https://it.wikipedia.org/wiki/Santhi%C3%A0
002134,Scopa,https://it.wikipedia.org/wiki/Scopa_(Italia)
015097,Cusago,https://it.wikipedia.org/wiki/Cusago
015248,Villa Cortese,https://it.wikipedia.org/wiki/Villa_Cortese
004095,Garessio,https://it.wikipedia.org/wiki/Garessio
004096,Genola,https://it.wikipedia.org/wiki/Genola
065111,Roscigno,https://it.wikipedia.org/wiki/Roscigno
065112,Rutino,https://it.wikipedia.org/wiki/Rutino
002135,Scopello,https://it.wikipedia.org/wiki/Scopello
002137,Serravalle Sesia,https://it.wikipedia.org/wiki/Serravalle_Sesia
004097,Gorzegno,https://it.wikipedia.org/wiki/Gorzegno
004098,Gottasecca,https://it.wikipedia.org/wiki/Gottasecca
019058,Monte Cremasco,https://it.wikipedia.org/wiki/Monte_Cremasco
015213,Solaro,https://it.wikipedia.org/wiki/Solaro_(Italia)
065113,Sacco,https://it.wikipedia.org/wiki/Sacco_(comune)
065114,Sala Consilina,https://it.wikipedia.org/wiki/Sala_Consilina
012008,Barasso,https://it.wikipedia.org/wiki/Barasso
004099,Govone,https://it.wikipedia.org/wiki/Govone
002142,Stroppiana,https://it.wikipedia.org/wiki/Stroppiana
002147,Tricerro,https://it.wikipedia.org/wiki/Tricerro
097011,Bulciago,https://it.wikipedia.org/wiki/Bulciago
019104,Ticengo,https://it.wikipedia.org/wiki/Ticengo
065115,Salento,https://it.wikipedia.org/wiki/Salento_(comune_italiano)
065117,Salvitelle,https://it.wikipedia.org/wiki/Salvitelle
002148,Trino,https://it.wikipedia.org/wiki/Trino
002150,Tronzano Vercellese,https://it.wikipedia.org/wiki/Tronzano_Vercellese
083042,Longi,https://it.wikipedia.org/wiki/Longi
082072,Torretta,https://it.wikipedia.org/wiki/Torretta_(comune)
097054,Monticello Brianza,https://it.wikipedia.org/wiki/Monticello_Brianza
015202,San Zenone al Lambro,https://it.wikipedia.org/wiki/San_Zenone_al_Lambro
065118,San Cipriano Picentino,https://it.wikipedia.org/wiki/San_Cipriano_Picentino
065119,San Giovanni a Piro,https://it.wikipedia.org/wiki/San_Giovanni_a_Piro
002152,Valduggia,https://it.wikipedia.org/wiki/Valduggia
002156,Varallo,https://it.wikipedia.org/wiki/Varallo
054001,Assisi,https://it.wikipedia.org/wiki/Assisi
004101,Guarene,https://it.wikipedia.org/wiki/Guarene
082017,Campofelice di Roccella,https://it.wikipedia.org/wiki/Campofelice_di_Roccella
083051,Mirto,https://it.wikipedia.org/wiki/Mirto_(Italia)
004100,Grinzane Cavour,https://it.wikipedia.org/wiki/Grinzane_Cavour
002163,Villarboit,https://it.wikipedia.org/wiki/Villarboit
002164,Villata,https://it.wikipedia.org/wiki/Villata
065120,San Gregorio Magno,https://it.wikipedia.org/wiki/San_Gregorio_Magno_(Italia)
065121,San Mango Piemonte,https://it.wikipedia.org/wiki/San_Mango_Piemonte
082013,Borgetto,https://it.wikipedia.org/wiki/Borgetto
082023,Casteldaccia,https://it.wikipedia.org/wiki/Casteldaccia
098043,Ospedaletto Lodigiano,https://it.wikipedia.org/wiki/Ospedaletto_Lodigiano
098010,Casalpusterlengo,https://it.wikipedia.org/wiki/Casalpusterlengo
020002,Asola,https://it.wikipedia.org/wiki/Asola_(Italia)
015105,Garbagnate Milanese,https://it.wikipedia.org/wiki/Garbagnate_Milanese
004102,Igliano,https://it.wikipedia.org/wiki/Igliano
004103,Isasca,https://it.wikipedia.org/wiki/Isasca
065122,San Marzano sul Sarno,https://it.wikipedia.org/wiki/San_Marzano_sul_Sarno
065123,San Mauro Cilento,https://it.wikipedia.org/wiki/San_Mauro_Cilento
002166,Vocca,https://it.wikipedia.org/wiki/Vocca
004105,La Morra,https://it.wikipedia.org/wiki/La_Morra
004104,Lagnasco,https://it.wikipedia.org/wiki/Lagnasco
082020,Capaci,https://it.wikipedia.org/wiki/Capaci
082042,Isnello,https://it.wikipedia.org/wiki/Isnello
098032,Lodi Vecchio,https://it.wikipedia.org/wiki/Lodi_Vecchio
065124,San Mauro La Bruca,https://it.wikipedia.org/wiki/San_Mauro_La_Bruca
065125,San Pietro al Tanagro,https://it.wikipedia.org/wiki/San_Pietro_al_Tanagro
004106,Lequio Berria,https://it.wikipedia.org/wiki/Lequio_Berria
004107,Lequio Tanaro,https://it.wikipedia.org/wiki/Lequio_Tanaro
082006,Bagheria,https://it.wikipedia.org/wiki/Bagheria
037046,Ozzano dell'Emilia,https://it.wikipedia.org/wiki/Ozzano_dell%27Emilia
082007,Balestrate,https://it.wikipedia.org/wiki/Balestrate
082078,Vicari,https://it.wikipedia.org/wiki/Vicari
065126,San Rufo,https://it.wikipedia.org/wiki/San_Rufo_(Italia)
065132,San Valentino Torio,https://it.wikipedia.org/wiki/San_Valentino_Torio
098019,Codogno,https://it.wikipedia.org/wiki/Codogno
098020,Comazzo,https://it.wikipedia.org/wiki/Comazzo
004108,Lesegno,https://it.wikipedia.org/wiki/Lesegno
004109,Levice,https://it.wikipedia.org/wiki/Levice_(Italia)
082010,Bisacquino,https://it.wikipedia.org/wiki/Bisacquino
082011,Bolognetta,https://it.wikipedia.org/wiki/Bolognetta
004110,Limone Piemonte,https://it.wikipedia.org/wiki/Limone_Piemonte
026012,Castelfranco Veneto,https://it.wikipedia.org/wiki/Castelfranco_Veneto
026016,Chiarano,https://it.wikipedia.org/wiki/Chiarano
026001,Altivole,https://it.wikipedia.org/wiki/Altivole
026005,Breda di Piave,https://it.wikipedia.org/wiki/Breda_di_Piave
098001,Abbadia Cerreto,https://it.wikipedia.org/wiki/Abbadia_Cerreto
020008,Canneto sull'Oglio,https://it.wikipedia.org/wiki/Canneto_sull%27Oglio
083054,Monforte San Giorgio,https://it.wikipedia.org/wiki/Monforte_San_Giorgio
082059,Pollina,https://it.wikipedia.org/wiki/Pollina
065128,Sant'Angelo a Fasanella,https://it.wikipedia.org/wiki/Sant%27Angelo_a_Fasanella
065129,Sant'Arsenio,https://it.wikipedia.org/wiki/Sant%27Arsenio_(Italia)
019009,Calvatone,https://it.wikipedia.org/wiki/Calvatone
065130,Sant'Egidio del Monte Albino,https://it.wikipedia.org/wiki/Sant%27Egidio_del_Monte_Albino
065127,Santa Marina,https://it.wikipedia.org/wiki/Santa_Marina_(Italia)
026006,Caerano di San Marco,https://it.wikipedia.org/wiki/Caerano_di_San_Marco
026007,Cappella Maggiore,https://it.wikipedia.org/wiki/Cappella_Maggiore
004111,Lisio,https://it.wikipedia.org/wiki/Lisio
004112,Macra,https://it.wikipedia.org/wiki/Macra
054002,Bastia Umbra,https://it.wikipedia.org/wiki/Bastia_Umbra
004113,Magliano Alfieri,https://it.wikipedia.org/wiki/Magliano_Alfieri
082029,Chiusa Sclafani,https://it.wikipedia.org/wiki/Chiusa_Sclafani
082061,Roccamena,https://it.wikipedia.org/wiki/Roccamena
065131,Santomenna,https://it.wikipedia.org/wiki/Santomenna
065133,Sanza,https://it.wikipedia.org/wiki/Sanza
004114,Magliano Alpi,https://it.wikipedia.org/wiki/Magliano_Alpi
004115,Mango,https://it.wikipedia.org/wiki/Mango_(Italia)
082028,Cerda,https://it.wikipedia.org/wiki/Cerda
082068,Sciara,https://it.wikipedia.org/wiki/Sciara
065134,Sapri,https://it.wikipedia.org/wiki/Sapri
065135,Sarno,https://it.wikipedia.org/wiki/Sarno
098003,Boffalora d’Adda,https://it.wikipedia.org/wiki/Boffalora_d%27Adda
098022,Corno Giovine,https://it.wikipedia.org/wiki/Corno_Giovine
098002,Bertonico,https://it.wikipedia.org/wiki/Bertonico
098034,Mairago,https://it.wikipedia.org/wiki/Mairago
082050,Montelepre,https://it.wikipedia.org/wiki/Montelepre
082062,Roccapalumba,https://it.wikipedia.org/wiki/Roccapalumba
109039,Smerillo,https://it.wikipedia.org/wiki/Smerillo
109040,Torre San Patrizio,https://it.wikipedia.org/wiki/Torre_San_Patrizio
098013,Castelnuovo Bocca d’Adda,https://it.wikipedia.org/wiki/Castelnuovo_Bocca_d%27Adda
098023,Cornovecchio,https://it.wikipedia.org/wiki/Cornovecchio
065136,Sassano,https://it.wikipedia.org/wiki/Sassano
065138,Scala,https://it.wikipedia.org/wiki/Scala_(comune)
022118,Moena,https://it.wikipedia.org/wiki/Moena
017198,Vezza d'Oglio,https://it.wikipedia.org/wiki/Vezza_d%27Oglio
082080,Villafrati,https://it.wikipedia.org/wiki/Villafrati
083060,Naso,https://it.wikipedia.org/wiki/Naso_(Italia)
098044,Ossago Lodigiano,https://it.wikipedia.org/wiki/Ossago_Lodigiano
098045,Pieve Fissiraga,https://it.wikipedia.org/wiki/Pieve_Fissiraga
026003,Asolo,https://it.wikipedia.org/wiki/Asolo
026013,Castello di Godego,https://it.wikipedia.org/wiki/Castello_di_Godego
065139,Serramezzana,https://it.wikipedia.org/wiki/Serramezzana
065140,Serre,https://it.wikipedia.org/wiki/Serre_(Italia)
063001,Acerra,https://it.wikipedia.org/wiki/Acerra
026009,Casale sul Sile,https://it.wikipedia.org/wiki/Casale_sul_Sile
026061,Possagno,https://it.wikipedia.org/wiki/Possagno
063002,Afragola,https://it.wikipedia.org/wiki/Afragola
063004,Anacapri,https://it.wikipedia.org/wiki/Anacapri
026004,Borso del Grappa,https://it.wikipedia.org/wiki/Borso_del_Grappa
026010,Casier,https://it.wikipedia.org/wiki/Casier
020053,Roverbella,https://it.wikipedia.org/wiki/Roverbella
098057,Terranova dei Passerini,https://it.wikipedia.org/wiki/Terranova_dei_Passerini
063005,Arzano,https://it.wikipedia.org/wiki/Arzano
063006,Bacoli,https://it.wikipedia.org/wiki/Bacoli
082035,Ficarazzi,https://it.wikipedia.org/wiki/Ficarazzi
083063,Oliveri,https://it.wikipedia.org/wiki/Oliveri
065141,Sessa Cilento,https://it.wikipedia.org/wiki/Sessa_Cilento
065142,Siano,https://it.wikipedia.org/wiki/Siano
065143,Sicignano degli Alburni,https://it.wikipedia.org/wiki/Sicignano_degli_Alburni
065144,Stella Cilento,https://it.wikipedia.org/wiki/Stella_Cilento
020018,Cavriana,https://it.wikipedia.org/wiki/Cavriana
020050,Rivarolo Mantovano,https://it.wikipedia.org/wiki/Rivarolo_Mantovano
026011,Castelcucco,https://it.wikipedia.org/wiki/Castelcucco
026014,Cavaso del Tomba,https://it.wikipedia.org/wiki/Cavaso_del_Tomba
026002,Arcade,https://it.wikipedia.org/wiki/Arcade_(Italia)
026015,Cessalto,https://it.wikipedia.org/wiki/Cessalto
063007,Barano d'Ischia,https://it.wikipedia.org/wiki/Barano_d%27Ischia
026017,Cimadolmo,https://it.wikipedia.org/wiki/Cimadolmo
026018,Cison di Valmarino,https://it.wikipedia.org/wiki/Cison_di_Valmarino
083064,Pace del Mela,https://it.wikipedia.org/wiki/Pace_del_Mela
083067,Pettineo,https://it.wikipedia.org/wiki/Pettineo_(Italia)
020036,Monzambano,https://it.wikipedia.org/wiki/Monzambano
020051,Rodigo,https://it.wikipedia.org/wiki/Rodigo
063008,Boscoreale,https://it.wikipedia.org/wiki/Boscoreale
063009,Boscotrecase,https://it.wikipedia.org/wiki/Boscotrecase
083068,Piraino,https://it.wikipedia.org/wiki/Piraino
083079,San Marco d'Alunzio,https://it.wikipedia.org/wiki/San_Marco_d%27Alunzio
026008,Carbonera,https://it.wikipedia.org/wiki/Carbonera
076048,Melfi,https://it.wikipedia.org/wiki/Melfi
020046,Quingentole,https://it.wikipedia.org/wiki/Quingentole
063010,Brusciano,https://it.wikipedia.org/wiki/Brusciano
063011,Caivano,https://it.wikipedia.org/wiki/Caivano
065147,Torchiara,https://it.wikipedia.org/wiki/Torchiara
065148,Torraca,https://it.wikipedia.org/wiki/Torraca
083090,San Teodoro,https://it.wikipedia.org/wiki/San_Teodoro_(Sicilia)
083089,Santa Teresa di Riva,https://it.wikipedia.org/wiki/Santa_Teresa_di_Riva
065145,Stio,https://it.wikipedia.org/wiki/Stio
065146,Teggiano,https://it.wikipedia.org/wiki/Teggiano
063012,Calvizzano,https://it.wikipedia.org/wiki/Calvizzano
063013,Camposano,https://it.wikipedia.org/wiki/Camposano
008055,Sanremo,https://it.wikipedia.org/wiki/Sanremo
020039,Pegognaga,https://it.wikipedia.org/wiki/Pegognaga
020041,Piubega,https://it.wikipedia.org/wiki/Piubega
065149,Torre Orsaia,https://it.wikipedia.org/wiki/Torre_Orsaia
065150,Tortorella,https://it.wikipedia.org/wiki/Tortorella
063015,Carbonara di Nola,https://it.wikipedia.org/wiki/Carbonara_di_Nola
063014,Capri,https://it.wikipedia.org/wiki/Capri_(comune)
020052,Roncoferraro,https://it.wikipedia.org/wiki/Roncoferraro
020066,Viadana,https://it.wikipedia.org/wiki/Viadana
088001,Acate,https://it.wikipedia.org/wiki/Acate
088002,Chiaramonte Gulfi,https://it.wikipedia.org/wiki/Chiaramonte_Gulfi
083093,Savoca,https://it.wikipedia.org/wiki/Savoca
083095,Sinagra,https://it.wikipedia.org/wiki/Sinagra
020014,Castel d'Ario,https://it.wikipedia.org/wiki/Castel_d%27Ario
020020,Commessaggio,https://it.wikipedia.org/wiki/Commessaggio
063016,Cardito,https://it.wikipedia.org/wiki/Cardito
063017,Casalnuovo di Napoli,https://it.wikipedia.org/wiki/Casalnuovo_di_Napoli
065153,Valle dell'Angelo,https://it.wikipedia.org/wiki/Valle_dell%27Angelo
065154,Vallo della Lucania,https://it.wikipedia.org/wiki/Vallo_della_Lucania
021089,Selva di Val Gardena,https://it.wikipedia.org/wiki/Selva_di_Val_Gardena
021098,Termeno sulla Strada del Vino,https://it.wikipedia.org/wiki/Termeno_sulla_Strada_del_Vino
063018,Casamarciano,https://it.wikipedia.org/wiki/Casamarciano
065155,Valva,https://it.wikipedia.org/wiki/Valva_(Italia)
065156,Vibonati,https://it.wikipedia.org/wiki/Vibonati
088004,Giarratana,https://it.wikipedia.org/wiki/Giarratana
088005,Ispica,https://it.wikipedia.org/wiki/Ispica
063019,Casamicciola Terme,https://it.wikipedia.org/wiki/Casamicciola_Terme
063020,Casandrino,https://it.wikipedia.org/wiki/Casandrino
088006,Modica,https://it.wikipedia.org/wiki/Modica
088007,Monterosso Almo,https://it.wikipedia.org/wiki/Monterosso_Almo
061099,Villa Literno,https://it.wikipedia.org/wiki/Villa_Literno
083104,Venetico,https://it.wikipedia.org/wiki/Venetico
065157,Vietri sul Mare,https://it.wikipedia.org/wiki/Vietri_sul_Mare
048001,Bagno a Ripoli,https://it.wikipedia.org/wiki/Bagno_a_Ripoli
063021,Casavatore,https://it.wikipedia.org/wiki/Casavatore
063022,Casola di Napoli,https://it.wikipedia.org/wiki/Casola_di_Napoli
048002,Barberino di Mugello,https://it.wikipedia.org/wiki/Barberino_di_Mugello
088008,Pozzallo,https://it.wikipedia.org/wiki/Pozzallo
088010,Santa Croce Camerina,https://it.wikipedia.org/wiki/Santa_Croce_Camerina
063023,Casoria,https://it.wikipedia.org/wiki/Casoria
063025,Castello di Cisterna,https://it.wikipedia.org/wiki/Castello_di_Cisterna
102034,San Gregorio d'Ippona,https://it.wikipedia.org/wiki/San_Gregorio_d%27Ippona
102035,San Nicola da Crissa,https://it.wikipedia.org/wiki/San_Nicola_da_Crissa
048004,Borgo San Lorenzo,https://it.wikipedia.org/wiki/Borgo_San_Lorenzo
048005,Calenzano,https://it.wikipedia.org/wiki/Calenzano
063026,Cercola,https://it.wikipedia.org/wiki/Cercola
063027,Cicciano,https://it.wikipedia.org/wiki/Cicciano
048006,Campi Bisenzio,https://it.wikipedia.org/wiki/Campi_Bisenzio
048008,Capraia e Limite,https://it.wikipedia.org/wiki/Capraia_e_Limite
088011,Scicli,https://it.wikipedia.org/wiki/Scicli
102036,Sant'Onofrio,https://it.wikipedia.org/wiki/Sant%27Onofrio_(Italia)
102037,Serra San Bruno,https://it.wikipedia.org/wiki/Serra_San_Bruno
063028,Cimitile,https://it.wikipedia.org/wiki/Cimitile
063029,Comiziano,https://it.wikipedia.org/wiki/Comiziano
065151,Tramonti,https://it.wikipedia.org/wiki/Tramonti
065152,Trentinara,https://it.wikipedia.org/wiki/Trentinara
088003,Comiso,https://it.wikipedia.org/wiki/Comiso
020019,Ceresara,https://it.wikipedia.org/wiki/Ceresara
020028,Guidizzolo,https://it.wikipedia.org/wiki/Guidizzolo
102038,Simbario,https://it.wikipedia.org/wiki/Simbario
102039,Sorianello,https://it.wikipedia.org/wiki/Sorianello
028052,Megliadino San Vitale,https://it.wikipedia.org/wiki/Megliadino_San_Vitale
029039,Porto Tolle,https://it.wikipedia.org/wiki/Porto_Tolle
063064,Ercolano,https://it.wikipedia.org/wiki/Ercolano_(comune)
063031,Forio,https://it.wikipedia.org/wiki/Forio
048010,Castelfiorentino,https://it.wikipedia.org/wiki/Castelfiorentino
088012,Vittoria,https://it.wikipedia.org/wiki/Vittoria_(Italia)
028061,Pernumia,https://it.wikipedia.org/wiki/Pernumia
028066,Polverara,https://it.wikipedia.org/wiki/Polverara
028067,Ponso,https://it.wikipedia.org/wiki/Ponso
063030,Crispano,https://it.wikipedia.org/wiki/Crispano
102042,Spilinga,https://it.wikipedia.org/wiki/Spilinga
102043,Stefanaconi,https://it.wikipedia.org/wiki/Stefanaconi
028059,Ospedaletto Euganeo,https://it.wikipedia.org/wiki/Ospedaletto_Euganeo
028065,Piove di Sacco,https://it.wikipedia.org/wiki/Piove_di_Sacco
048011,Cerreto Guidi,https://it.wikipedia.org/wiki/Cerreto_Guidi
048012,Certaldo,https://it.wikipedia.org/wiki/Certaldo
048018,Firenzuola,https://it.wikipedia.org/wiki/Firenzuola
020034,Medole,https://it.wikipedia.org/wiki/Medole
020060,Schivenoglia,https://it.wikipedia.org/wiki/Schivenoglia
020024,Gazoldo degli Ippoliti,https://it.wikipedia.org/wiki/Gazoldo_degli_Ippoliti
020033,Marmirolo,https://it.wikipedia.org/wiki/Marmirolo
102044,Tropea,https://it.wikipedia.org/wiki/Tropea
102045,Vallelonga,https://it.wikipedia.org/wiki/Vallelonga
102040,Soriano Calabro,https://it.wikipedia.org/wiki/Soriano_Calabro
102041,Spadola,https://it.wikipedia.org/wiki/Spadola
063032,Frattamaggiore,https://it.wikipedia.org/wiki/Frattamaggiore
063033,Frattaminore,https://it.wikipedia.org/wiki/Frattaminore
048013,Dicomano,https://it.wikipedia.org/wiki/Dicomano
048015,Fiesole,https://it.wikipedia.org/wiki/Fiesole
020048,Redondesco,https://it.wikipedia.org/wiki/Redondesco
063034,Giugliano in Campania,https://it.wikipedia.org/wiki/Giugliano_in_Campania
028058,Noventa Padovana,https://it.wikipedia.org/wiki/Noventa_Padovana
028070,Pozzonovo,https://it.wikipedia.org/wiki/Pozzonovo
028053,Merlara,https://it.wikipedia.org/wiki/Merlara
029038,Pontecchio Polesine,https://it.wikipedia.org/wiki/Pontecchio_Polesine
102046,Vazzano,https://it.wikipedia.org/wiki/Vazzano
048021,Greve in Chianti,https://it.wikipedia.org/wiki/Greve_in_Chianti
048022,Impruneta,https://it.wikipedia.org/wiki/Impruneta
020003,Bagnolo San Vito,https://it.wikipedia.org/wiki/Bagnolo_San_Vito
020058,San Giovanni del Dosso,https://it.wikipedia.org/wiki/San_Giovanni_del_Dosso
063035,Gragnano,https://it.wikipedia.org/wiki/Gragnano
063036,Grumo Nevano,https://it.wikipedia.org/wiki/Grumo_Nevano
048019,Fucecchio,https://it.wikipedia.org/wiki/Fucecchio
048020,Gambassi Terme,https://it.wikipedia.org/wiki/Gambassi_Terme
048024,Lastra a Signa,https://it.wikipedia.org/wiki/Lastra_a_Signa
102048,Zaccanopoli,https://it.wikipedia.org/wiki/Zaccanopoli
102049,Zambrone,https://it.wikipedia.org/wiki/Zambrone
063038,Lacco Ameno,https://it.wikipedia.org/wiki/Lacco_Ameno
063037,Ischia,https://it.wikipedia.org/wiki/Ischia_(comune)
029035,Pettorazza Grimani,https://it.wikipedia.org/wiki/Pettorazza_Grimani
029046,Taglio di Po,https://it.wikipedia.org/wiki/Taglio_di_Po
102050,Zungri,https://it.wikipedia.org/wiki/Zungri
061050,Marzano Appio,https://it.wikipedia.org/wiki/Marzano_Appio
020013,Castelbelforte,https://it.wikipedia.org/wiki/Castelbelforte
020031,Marcaria,https://it.wikipedia.org/wiki/Marcaria
020057,San Giorgio Bigarello,https://it.wikipedia.org/wiki/San_Giorgio_Bigarello
048025,Londa,https://it.wikipedia.org/wiki/Londa
048026,Marradi,https://it.wikipedia.org/wiki/Marradi
064001,Aiello del Sabato,https://it.wikipedia.org/wiki/Aiello_del_Sabato
064002,Altavilla Irpina,https://it.wikipedia.org/wiki/Altavilla_Irpina
028038,Fontaniva,https://it.wikipedia.org/wiki/Fontaniva
028104,Villanova di Camposampiero,https://it.wikipedia.org/wiki/Villanova_di_Camposampiero
015055,Casarile,https://it.wikipedia.org/wiki/Casarile
097029,Cremeno,https://it.wikipedia.org/wiki/Cremeno
063039,Lettere,https://it.wikipedia.org/wiki/Lettere_(Italia)
063040,Liveri,https://it.wikipedia.org/wiki/Liveri
048027,Montaione,https://it.wikipedia.org/wiki/Montaione
048028,Montelupo Fiorentino,https://it.wikipedia.org/wiki/Montelupo_Fiorentino
064003,Andretta,https://it.wikipedia.org/wiki/Andretta
064004,Aquilonia,https://it.wikipedia.org/wiki/Aquilonia_(Italia)
098005,Borgo San Giovanni,https://it.wikipedia.org/wiki/Borgo_San_Giovanni
098030,Livraga,https://it.wikipedia.org/wiki/Livraga
063041,Marano di Napoli,https://it.wikipedia.org/wiki/Marano_di_Napoli
048030,Montespertoli,https://it.wikipedia.org/wiki/Montespertoli
048031,Palazzuolo sul Senio,https://it.wikipedia.org/wiki/Palazzuolo_sul_Senio
064005,Ariano Irpino,https://it.wikipedia.org/wiki/Ariano_Irpino
064006,Atripalda,https://it.wikipedia.org/wiki/Atripalda
028021,Candiana,https://it.wikipedia.org/wiki/Candiana
028027,Casale di Scodosia,https://it.wikipedia.org/wiki/Casale_di_Scodosia
063042,Mariglianella,https://it.wikipedia.org/wiki/Mariglianella
063043,Marigliano,https://it.wikipedia.org/wiki/Marigliano
028010,Barbona,https://it.wikipedia.org/wiki/Barbona
028026,Cartura,https://it.wikipedia.org/wiki/Cartura
048032,Pelago,https://it.wikipedia.org/wiki/Pelago
048033,Pontassieve,https://it.wikipedia.org/wiki/Pontassieve
064007,Avella,https://it.wikipedia.org/wiki/Avella
064009,Bagnoli Irpino,https://it.wikipedia.org/wiki/Bagnoli_Irpino
063044,Massa Lubrense,https://it.wikipedia.org/wiki/Massa_Lubrense
063092,Massa di Somma,https://it.wikipedia.org/wiki/Massa_di_Somma
028012,Boara Pisani,https://it.wikipedia.org/wiki/Boara_Pisani
028102,Villa Estense,https://it.wikipedia.org/wiki/Villa_Estense
020022,Dosolo,https://it.wikipedia.org/wiki/Dosolo
098059,Valera Fratta,https://it.wikipedia.org/wiki/Valera_Fratta
048035,Reggello,https://it.wikipedia.org/wiki/Reggello
064010,Baiano,https://it.wikipedia.org/wiki/Baiano
064011,Bisaccia,https://it.wikipedia.org/wiki/Bisaccia_(Italia)
028035,Correzzola,https://it.wikipedia.org/wiki/Correzzola
028077,San Martino di Lupari,https://it.wikipedia.org/wiki/San_Martino_di_Lupari
028088,Stanghella,https://it.wikipedia.org/wiki/Stanghella
063045,Melito di Napoli,https://it.wikipedia.org/wiki/Melito_di_Napoli
063046,Meta,https://it.wikipedia.org/wiki/Meta_(Italia)
064012,Bonito,https://it.wikipedia.org/wiki/Bonito_(Italia)
064013,Cairano,https://it.wikipedia.org/wiki/Cairano
048036,Rignano sull'Arno,https://it.wikipedia.org/wiki/Rignano_sull%27Arno
048037,Rufina,https://it.wikipedia.org/wiki/Rufina
020029,Magnacavallo,https://it.wikipedia.org/wiki/Magnacavallo
098047,San Fiorano,https://it.wikipedia.org/wiki/San_Fiorano
028028,Casalserugo,https://it.wikipedia.org/wiki/Casalserugo
028079,San Pietro Viminario,https://it.wikipedia.org/wiki/San_Pietro_Viminario
063047,Monte di Procida,https://it.wikipedia.org/wiki/Monte_di_Procida
063048,Mugnano di Napoli,https://it.wikipedia.org/wiki/Mugnano_di_Napoli
064014,Calabritto,https://it.wikipedia.org/wiki/Calabritto
064015,Calitri,https://it.wikipedia.org/wiki/Calitri
048038,San Casciano in Val di Pesa,https://it.wikipedia.org/wiki/San_Casciano_in_Val_di_Pesa
048039,San Godenzo,https://it.wikipedia.org/wiki/San_Godenzo
028013,Borgoricco,https://it.wikipedia.org/wiki/Borgoricco
028046,Loreggia,https://it.wikipedia.org/wiki/Loreggia
098004,Borghetto Lodigiano,https://it.wikipedia.org/wiki/Borghetto_Lodigiano
098025,Crespiatica,https://it.wikipedia.org/wiki/Crespiatica
063050,Nola,https://it.wikipedia.org/wiki/Nola
064016,Candida,https://it.wikipedia.org/wiki/Candida_(Italia)
048041,Scandicci,https://it.wikipedia.org/wiki/Scandicci
098021,Cornegliano Laudense,https://it.wikipedia.org/wiki/Cornegliano_Laudense
098036,Marudo,https://it.wikipedia.org/wiki/Marudo
063051,Ottaviano,https://it.wikipedia.org/wiki/Ottaviano_(Italia)
063052,Palma Campania,https://it.wikipedia.org/wiki/Palma_Campania
029050,Villanova del Ghebbo,https://it.wikipedia.org/wiki/Villanova_del_Ghebbo
018168,Valle Lomellina,https://it.wikipedia.org/wiki/Valle_Lomellina
064017,Caposele,https://it.wikipedia.org/wiki/Caposele
064018,Capriglia Irpina,https://it.wikipedia.org/wiki/Capriglia_Irpina
048043,Sesto Fiorentino,https://it.wikipedia.org/wiki/Sesto_Fiorentino
048044,Signa,https://it.wikipedia.org/wiki/Signa
064019,Carife,https://it.wikipedia.org/wiki/Carife
064020,Casalbore,https://it.wikipedia.org/wiki/Casalbore
048046,Vaglia,https://it.wikipedia.org/wiki/Vaglia_(Italia)
048049,Vicchio,https://it.wikipedia.org/wiki/Vicchio
020059,San Martino dall'Argine,https://it.wikipedia.org/wiki/San_Martino_dall%27Argine
014006,Bema,https://it.wikipedia.org/wiki/Bema
012023,Brunello,https://it.wikipedia.org/wiki/Brunello_(Italia)
063053,Piano di Sorrento,https://it.wikipedia.org/wiki/Piano_di_Sorrento
063054,Pimonte,https://it.wikipedia.org/wiki/Pimonte
098008,Casaletto Lodigiano,https://it.wikipedia.org/wiki/Casaletto_Lodigiano
098012,Caselle Lurani,https://it.wikipedia.org/wiki/Caselle_Lurani
108026,Lesmo,https://it.wikipedia.org/wiki/Lesmo
018058,Costa de' Nobili,https://it.wikipedia.org/wiki/Costa_de%27_Nobili
048050,Vinci,https://it.wikipedia.org/wiki/Vinci
064021,Cassano Irpino,https://it.wikipedia.org/wiki/Cassano_Irpino
064022,Castel Baronia,https://it.wikipedia.org/wiki/Castel_Baronia
098006,Brembio,https://it.wikipedia.org/wiki/Brembio
020062,Serravalle a Po,https://it.wikipedia.org/wiki/Serravalle_a_Po
014001,Albaredo per San Marco,https://it.wikipedia.org/wiki/Albaredo_per_San_Marco
018024,Broni,https://it.wikipedia.org/wiki/Broni
064023,Castelfranci,https://it.wikipedia.org/wiki/Castelfranci
064024,Castelvetere sul Calore,https://it.wikipedia.org/wiki/Castelvetere_sul_Calore
043024,Matelica,https://it.wikipedia.org/wiki/Matelica
043025,Mogliano,https://it.wikipedia.org/wiki/Mogliano
063055,Poggiomarino,https://it.wikipedia.org/wiki/Poggiomarino
063056,Pollena Trocchia,https://it.wikipedia.org/wiki/Pollena_Trocchia
012002,Albizzate,https://it.wikipedia.org/wiki/Albizzate
014056,Rogolo,https://it.wikipedia.org/wiki/Rogolo
001303,Villar Dora,https://it.wikipedia.org/wiki/Villar_Dora
016088,Credaro,https://it.wikipedia.org/wiki/Credaro
097002,Airuno,https://it.wikipedia.org/wiki/Airuno
015086,Cormano,https://it.wikipedia.org/wiki/Cormano
064025,Cervinara,https://it.wikipedia.org/wiki/Cervinara
064026,Cesinali,https://it.wikipedia.org/wiki/Cesinali
014022,Civo,https://it.wikipedia.org/wiki/Civo
018128,Romagnese,https://it.wikipedia.org/wiki/Romagnese
015071,Cerro al Lambro,https://it.wikipedia.org/wiki/Cerro_al_Lambro
020043,Pomponesco,https://it.wikipedia.org/wiki/Pomponesco
098037,Massalengo,https://it.wikipedia.org/wiki/Massalengo
015157,Novate Milanese,https://it.wikipedia.org/wiki/Novate_Milanese
063057,Pomigliano d'Arco,https://it.wikipedia.org/wiki/Pomigliano_d%27Arco
063059,Portici,https://it.wikipedia.org/wiki/Portici
064029,Contrada,https://it.wikipedia.org/wiki/Contrada_(Italia)
064030,Conza della Campania,https://it.wikipedia.org/wiki/Conza_della_Campania
064027,Chianche,https://it.wikipedia.org/wiki/Chianche
064028,Chiusano di San Domenico,https://it.wikipedia.org/wiki/Chiusano_di_San_Domenico
018001,Alagna,https://it.wikipedia.org/wiki/Alagna
108037,Renate,https://it.wikipedia.org/wiki/Renate
063060,Pozzuoli,https://it.wikipedia.org/wiki/Pozzuoli
064031,Domicella,https://it.wikipedia.org/wiki/Domicella
064032,Flumeri,https://it.wikipedia.org/wiki/Flumeri
014054,Prata Camportaccio,https://it.wikipedia.org/wiki/Prata_Camportaccio
025044,Rocca Pietore,https://it.wikipedia.org/wiki/Rocca_Pietore
063061,Procida,https://it.wikipedia.org/wiki/Procida
019001,Acquanegra Cremonese,https://it.wikipedia.org/wiki/Acquanegra_Cremonese
098046,Salerano sul Lambro,https://it.wikipedia.org/wiki/Salerano_sul_Lambro
064033,Fontanarosa,https://it.wikipedia.org/wiki/Fontanarosa
064034,Forino,https://it.wikipedia.org/wiki/Forino
018086,Marcignago,https://it.wikipedia.org/wiki/Marcignago
012127,Tradate,https://it.wikipedia.org/wiki/Tradate
009013,Borgio Verezzi,https://it.wikipedia.org/wiki/Borgio_Verezzi
009014,Bormida,https://it.wikipedia.org/wiki/Bormida
063062,Qualiano,https://it.wikipedia.org/wiki/Qualiano
063063,Quarto,https://it.wikipedia.org/wiki/Quarto_(Italia)
019063,Olmeneta,https://it.wikipedia.org/wiki/Olmeneta
015191,San Colombano al Lambro,https://it.wikipedia.org/wiki/San_Colombano_al_Lambro
064035,Frigento,https://it.wikipedia.org/wiki/Frigento
064036,Gesualdo,https://it.wikipedia.org/wiki/Gesualdo_(Italia)
018089,Menconico,https://it.wikipedia.org/wiki/Menconico
018126,Rocca Susella,https://it.wikipedia.org/wiki/Rocca_Susella
064037,Greci,https://it.wikipedia.org/wiki/Greci_(Italia)
064038,Grottaminarda,https://it.wikipedia.org/wiki/Grottaminarda
098042,Orio Litta,https://it.wikipedia.org/wiki/Orio_Litta
015178,Pozzuolo Martesana,https://it.wikipedia.org/wiki/Pozzuolo_Martesana
009015,Cairo Montenotte,https://it.wikipedia.org/wiki/Cairo_Montenotte
009016,Calice Ligure,https://it.wikipedia.org/wiki/Calice_Ligure
063065,Roccarainola,https://it.wikipedia.org/wiki/Roccarainola
063066,San Gennaro Vesuviano,https://it.wikipedia.org/wiki/San_Gennaro_Vesuviano
064039,Grottolella,https://it.wikipedia.org/wiki/Grottolella
064040,Guardia Lombardi,https://it.wikipedia.org/wiki/Guardia_Lombardi
015158,Noviglio,https://it.wikipedia.org/wiki/Noviglio
015167,Pantigliate,https://it.wikipedia.org/wiki/Pantigliate
014051,Poggiridenti,https://it.wikipedia.org/wiki/Poggiridenti
018129,Roncaro,https://it.wikipedia.org/wiki/Roncaro
009017,Calizzano,https://it.wikipedia.org/wiki/Calizzano
009018,Carcare,https://it.wikipedia.org/wiki/Carcare
012107,Oggiona con Santo Stefano,https://it.wikipedia.org/wiki/Oggiona_con_Santo_Stefano
014049,Piateda,https://it.wikipedia.org/wiki/Piateda
015044,Cambiago,https://it.wikipedia.org/wiki/Cambiago
015082,Colturano,https://it.wikipedia.org/wiki/Colturano
064041,Lacedonia,https://it.wikipedia.org/wiki/Lacedonia
064042,Lapio,https://it.wikipedia.org/wiki/Lapio
108004,Arcore,https://it.wikipedia.org/wiki/Arcore
018107,Palestro,https://it.wikipedia.org/wiki/Palestro
009019,Casanova Lerrone,https://it.wikipedia.org/wiki/Casanova_Lerrone
022074,Denno,https://it.wikipedia.org/wiki/Denno
063067,San Giorgio a Cremano,https://it.wikipedia.org/wiki/San_Giorgio_a_Cremano
063068,San Giuseppe Vesuviano,https://it.wikipedia.org/wiki/San_Giuseppe_Vesuviano
063069,San Paolo Bel Sito,https://it.wikipedia.org/wiki/San_Paolo_Bel_Sito
063070,San Sebastiano al Vesuvio,https://it.wikipedia.org/wiki/San_Sebastiano_al_Vesuvio
015101,Dresano,https://it.wikipedia.org/wiki/Dresano
015242,Vimodrone,https://it.wikipedia.org/wiki/Vimodrone
064043,Lauro,https://it.wikipedia.org/wiki/Lauro_(Italia)
064044,Lioni,https://it.wikipedia.org/wiki/Lioni
009021,Castelvecchio di Rocca Barbena,https://it.wikipedia.org/wiki/Castelvecchio_di_Rocca_Barbena
009022,Celle Ligure,https://it.wikipedia.org/wiki/Celle_Ligure
108036,Ornago,https://it.wikipedia.org/wiki/Ornago
018131,Rovescala,https://it.wikipedia.org/wiki/Rovescala
063075,San Vitaliano,https://it.wikipedia.org/wiki/San_Vitaliano_(Italia)
063071,Sant'Agnello,https://it.wikipedia.org/wiki/Sant%27Agnello
064045,Luogosano,https://it.wikipedia.org/wiki/Luogosano
015115,Lacchiarella,https://it.wikipedia.org/wiki/Lacchiarella
015139,Mediglia,https://it.wikipedia.org/wiki/Mediglia
018113,Pieve del Cairo,https://it.wikipedia.org/wiki/Pieve_del_Cairo
025040,Ponte nelle Alpi,https://it.wikipedia.org/wiki/Ponte_nelle_Alpi
009023,Cengio,https://it.wikipedia.org/wiki/Cengio
009024,Ceriale,https://it.wikipedia.org/wiki/Ceriale
064046,Manocalzati,https://it.wikipedia.org/wiki/Manocalzati
064047,Marzano di Nola,https://it.wikipedia.org/wiki/Marzano_di_Nola
015093,Corsico,https://it.wikipedia.org/wiki/Corsico
020065,Suzzara,https://it.wikipedia.org/wiki/Suzzara
063072,Sant'Anastasia,https://it.wikipedia.org/wiki/Sant%27Anastasia_(Italia)
025047,San Pietro di Cadore,https://it.wikipedia.org/wiki/San_Pietro_di_Cadore
025059,Taibon Agordino,https://it.wikipedia.org/wiki/Taibon_Agordino
009025,Cisano sul Neva,https://it.wikipedia.org/wiki/Cisano_sul_Neva
009026,Cosseria,https://it.wikipedia.org/wiki/Cosseria
064048,Melito Irpino,https://it.wikipedia.org/wiki/Melito_Irpino
064049,Mercogliano,https://it.wikipedia.org/wiki/Mercogliano
063073,Sant'Antimo,https://it.wikipedia.org/wiki/Sant%27Antimo_(Italia)
063074,Sant'Antonio Abate,https://it.wikipedia.org/wiki/Sant%27Antonio_Abate_(comune)
025004,Arsiè,https://it.wikipedia.org/wiki/Arsi%C3%A8
025008,Calalzo di Cadore,https://it.wikipedia.org/wiki/Calalzo_di_Cadore
009027,Dego,https://it.wikipedia.org/wiki/Dego
009028,Erli,https://it.wikipedia.org/wiki/Erli
064050,Mirabella Eclano,https://it.wikipedia.org/wiki/Mirabella_Eclano
064051,Montaguto,https://it.wikipedia.org/wiki/Montaguto
025048,Santa Giustina,https://it.wikipedia.org/wiki/Santa_Giustina_(Italia)
025051,San Vito di Cadore,https://it.wikipedia.org/wiki/San_Vito_di_Cadore
009029,Finale Ligure,https://it.wikipedia.org/wiki/Finale_Ligure
009030,Garlenda,https://it.wikipedia.org/wiki/Garlenda
078106,Rose,https://it.wikipedia.org/wiki/Rose_(Italia)
078107,Roseto Capo Spulico,https://it.wikipedia.org/wiki/Roseto_Capo_Spulico
064052,Montecalvo Irpino,https://it.wikipedia.org/wiki/Montecalvo_Irpino
064053,Montefalcione,https://it.wikipedia.org/wiki/Montefalcione
078109,Rota Greca,https://it.wikipedia.org/wiki/Rota_Greca
078110,Rovito,https://it.wikipedia.org/wiki/Rovito
064054,Monteforte Irpino,https://it.wikipedia.org/wiki/Monteforte_Irpino
064055,Montefredane,https://it.wikipedia.org/wiki/Montefredane
018135,San Genesio ed Uniti,https://it.wikipedia.org/wiki/San_Genesio_ed_Uniti
018137,San Martino Siccomario,https://it.wikipedia.org/wiki/San_Martino_Siccomario
078111,San Basile,https://it.wikipedia.org/wiki/San_Basile
078112,San Benedetto Ullano,https://it.wikipedia.org/wiki/San_Benedetto_Ullano
063077,Scisciano,https://it.wikipedia.org/wiki/Scisciano
063079,Somma Vesuviana,https://it.wikipedia.org/wiki/Somma_Vesuviana
009031,Giustenice,https://it.wikipedia.org/wiki/Giustenice
009032,Giusvalla,https://it.wikipedia.org/wiki/Giusvalla
018143,Santa Maria della Versa,https://it.wikipedia.org/wiki/Santa_Maria_della_Versa
018153,Stradella,https://it.wikipedia.org/wiki/Stradella
064056,Montefusco,https://it.wikipedia.org/wiki/Montefusco
064057,Montella,https://it.wikipedia.org/wiki/Montella
063090,Santa Maria la Carità,https://it.wikipedia.org/wiki/Santa_Maria_la_Carit%C3%A0
063076,Saviano,https://it.wikipedia.org/wiki/Saviano_(Italia)
063080,Sorrento,https://it.wikipedia.org/wiki/Sorrento
064058,Montemarano,https://it.wikipedia.org/wiki/Montemarano
064059,Montemiletto,https://it.wikipedia.org/wiki/Montemiletto
078113,San Cosmo Albanese,https://it.wikipedia.org/wiki/San_Cosmo_Albanese
078114,San Demetrio Corone,https://it.wikipedia.org/wiki/San_Demetrio_Corone
009033,Laigueglia,https://it.wikipedia.org/wiki/Laigueglia
009034,Loano,https://it.wikipedia.org/wiki/Loano
014004,Aprica,https://it.wikipedia.org/wiki/Aprica
009035,Magliolo,https://it.wikipedia.org/wiki/Magliolo
009036,Mallare,https://it.wikipedia.org/wiki/Mallare
063081,Striano,https://it.wikipedia.org/wiki/Striano
063082,Terzigno,https://it.wikipedia.org/wiki/Terzigno
078115,San Donato di Ninea,https://it.wikipedia.org/wiki/San_Donato_di_Ninea
078116,San Fili,https://it.wikipedia.org/wiki/San_Fili
063083,Torre Annunziata,https://it.wikipedia.org/wiki/Torre_Annunziata
063084,Torre del Greco,https://it.wikipedia.org/wiki/Torre_del_Greco
064060,Monteverde,https://it.wikipedia.org/wiki/Monteverde_(Italia)
064063,Morra De Sanctis,https://it.wikipedia.org/wiki/Morra_De_Sanctis
018088,Mede,https://it.wikipedia.org/wiki/Mede
012139,Viggiù,https://it.wikipedia.org/wiki/Viggi%C3%B9
078118,San Giorgio Albanese,https://it.wikipedia.org/wiki/San_Giorgio_Albanese
078119,San Giovanni in Fiore,https://it.wikipedia.org/wiki/San_Giovanni_in_Fiore
064064,Moschiano,https://it.wikipedia.org/wiki/Moschiano
064065,Mugnano del Cardinale,https://it.wikipedia.org/wiki/Mugnano_del_Cardinale
009038,Millesimo,https://it.wikipedia.org/wiki/Millesimo_(Italia)
009039,Mioglia,https://it.wikipedia.org/wiki/Mioglia
063091,Trecase,https://it.wikipedia.org/wiki/Trecase
078120,San Lorenzo Bellizzi,https://it.wikipedia.org/wiki/San_Lorenzo_Bellizzi
078121,San Lorenzo del Vallo,https://it.wikipedia.org/wiki/San_Lorenzo_del_Vallo
063085,Tufino,https://it.wikipedia.org/wiki/Tufino
063086,Vico Equense,https://it.wikipedia.org/wiki/Vico_Equense
078122,San Lucido,https://it.wikipedia.org/wiki/San_Lucido
078123,San Marco Argentano,https://it.wikipedia.org/wiki/San_Marco_Argentano
064068,Pago del Vallo di Lauro,https://it.wikipedia.org/wiki/Pago_del_Vallo_di_Lauro
064069,Parolise,https://it.wikipedia.org/wiki/Parolise
018042,Cecima,https://it.wikipedia.org/wiki/Cecima
018148,Semiana,https://it.wikipedia.org/wiki/Semiana
064066,Nusco,https://it.wikipedia.org/wiki/Nusco
064067,Ospedaletto d'Alpinolo,https://it.wikipedia.org/wiki/Ospedaletto_d%27Alpinolo
018017,Borgoratto Mormorolo,https://it.wikipedia.org/wiki/Borgoratto_Mormorolo
012065,Dumenza,https://it.wikipedia.org/wiki/Dumenza
063087,Villaricca,https://it.wikipedia.org/wiki/Villaricca
063088,Visciano,https://it.wikipedia.org/wiki/Visciano
078124,San Martino di Finita,https://it.wikipedia.org/wiki/San_Martino_di_Finita
078125,San Nicola Arcella,https://it.wikipedia.org/wiki/San_Nicola_Arcella
012051,Cittiglio,https://it.wikipedia.org/wiki/Cittiglio
018066,Galliavola,https://it.wikipedia.org/wiki/Galliavola
014024,Cosio Valtellino,https://it.wikipedia.org/wiki/Cosio_Valtellino
108018,Ceriano Laghetto,https://it.wikipedia.org/wiki/Ceriano_Laghetto
064070,Paternopoli,https://it.wikipedia.org/wiki/Paternopoli
064071,Petruro Irpino,https://it.wikipedia.org/wiki/Petruro_Irpino
009042,Noli,https://it.wikipedia.org/wiki/Noli
009043,Onzo,https://it.wikipedia.org/wiki/Onzo
064072,Pietradefusi,https://it.wikipedia.org/wiki/Pietradefusi
064073,Pietrastornina,https://it.wikipedia.org/wiki/Pietrastornina
063089,Volla,https://it.wikipedia.org/wiki/Volla
043004,Belforte del Chienti,https://it.wikipedia.org/wiki/Belforte_del_Chienti
009040,Murialdo,https://it.wikipedia.org/wiki/Murialdo
009041,Nasino,https://it.wikipedia.org/wiki/Nasino
012096,Malnate,https://it.wikipedia.org/wiki/Malnate
025039,Pieve di Cadore,https://it.wikipedia.org/wiki/Pieve_di_Cadore
078126,San Pietro in Amantea,https://it.wikipedia.org/wiki/San_Pietro_in_Amantea
078127,San Pietro in Guarano,https://it.wikipedia.org/wiki/San_Pietro_in_Guarano
064074,Prata di Principato Ultra,https://it.wikipedia.org/wiki/Prata_di_Principato_Ultra
064075,Pratola Serra,https://it.wikipedia.org/wiki/Pratola_Serra
009044,Orco Feglino,https://it.wikipedia.org/wiki/Orco_Feglino
009045,Ortovero,https://it.wikipedia.org/wiki/Ortovero
078128,San Sosti,https://it.wikipedia.org/wiki/San_Sosti
078135,San Vincenzo La Costa,https://it.wikipedia.org/wiki/San_Vincenzo_La_Costa
043002,Apiro,https://it.wikipedia.org/wiki/Apiro
043005,Bolognola,https://it.wikipedia.org/wiki/Bolognola
064076,Quadrelle,https://it.wikipedia.org/wiki/Quadrelle
108025,Lazzate,https://it.wikipedia.org/wiki/Lazzate
014070,Tresivio,https://it.wikipedia.org/wiki/Tresivio
009046,Osiglia,https://it.wikipedia.org/wiki/Osiglia
009047,Pallare,https://it.wikipedia.org/wiki/Pallare
078117,Sangineto,https://it.wikipedia.org/wiki/Sangineto
078131,Sant'Agata di Esaro,https://it.wikipedia.org/wiki/Sant%27Agata_di_Esaro
064077,Quindici,https://it.wikipedia.org/wiki/Quindici_(Italia)
064079,Rocca San Felice,https://it.wikipedia.org/wiki/Rocca_San_Felice
012086,Lavena Ponte Tresa,https://it.wikipedia.org/wiki/Lavena_Ponte_Tresa
018117,Ponte Nizza,https://it.wikipedia.org/wiki/Ponte_Nizza
043006,Caldarola,https://it.wikipedia.org/wiki/Caldarola
009048,Piana Crixia,https://it.wikipedia.org/wiki/Piana_Crixia
022078,Drena,https://it.wikipedia.org/wiki/Drena
078129,Santa Caterina Albanese,https://it.wikipedia.org/wiki/Santa_Caterina_Albanese
078130,Santa Domenica Talao,https://it.wikipedia.org/wiki/Santa_Domenica_Talao
018035,Cassolnovo,https://it.wikipedia.org/wiki/Cassolnovo
018097,Montescano,https://it.wikipedia.org/wiki/Montescano
009049,Pietra Ligure,https://it.wikipedia.org/wiki/Pietra_Ligure
009050,Plodio,https://it.wikipedia.org/wiki/Plodio
064078,Roccabascerana,https://it.wikipedia.org/wiki/Roccabascerana
064080,Rotondi,https://it.wikipedia.org/wiki/Rotondi
078132,Santa Maria del Cedro,https://it.wikipedia.org/wiki/Santa_Maria_del_Cedro
078133,Santa Sofia d'Epiro,https://it.wikipedia.org/wiki/Santa_Sofia_d%27Epiro
043008,Camporotondo di Fiastrone,https://it.wikipedia.org/wiki/Camporotondo_di_Fiastrone
043009,Castelraimondo,https://it.wikipedia.org/wiki/Castelraimondo
043007,Camerino,https://it.wikipedia.org/wiki/Camerino_(Italia)
064081,Salza Irpina,https://it.wikipedia.org/wiki/Salza_Irpina
064082,San Mango sul Calore,https://it.wikipedia.org/wiki/San_Mango_sul_Calore
009051,Pontinvrea,https://it.wikipedia.org/wiki/Pontinvrea
009052,Quiliano,https://it.wikipedia.org/wiki/Quiliano
014021,Cino,https://it.wikipedia.org/wiki/Cino_(Italia)
018063,Filighera,https://it.wikipedia.org/wiki/Filighera
078134,Santo Stefano di Rogliano,https://it.wikipedia.org/wiki/Santo_Stefano_di_Rogliano
078136,Saracena,https://it.wikipedia.org/wiki/Saracena
064083,San Martino Valle Caudina,https://it.wikipedia.org/wiki/San_Martino_Valle_Caudina
064084,San Michele di Serino,https://it.wikipedia.org/wiki/San_Michele_di_Serino
018175,Verrua Po,https://it.wikipedia.org/wiki/Verrua_Po
018180,Villanterio,https://it.wikipedia.org/wiki/Villanterio
043010,Castelsantangelo sul Nera,https://it.wikipedia.org/wiki/Castelsantangelo_sul_Nera
043011,Cessapalombo,https://it.wikipedia.org/wiki/Cessapalombo
078137,Scala Coeli,https://it.wikipedia.org/wiki/Scala_Coeli
078138,Scalea,https://it.wikipedia.org/wiki/Scalea
009053,Rialto,https://it.wikipedia.org/wiki/Rialto_(Italia)
009054,Roccavignale,https://it.wikipedia.org/wiki/Roccavignale
018154,Suardi,https://it.wikipedia.org/wiki/Suardi_(Italia)
018162,Travacò Siccomario,https://it.wikipedia.org/wiki/Travac%C3%B2_Siccomario
078140,Serra d'Aiello,https://it.wikipedia.org/wiki/Serra_d%27Aiello
078142,Spezzano Albanese,https://it.wikipedia.org/wiki/Spezzano_Albanese
012044,Castelseprio,https://it.wikipedia.org/wiki/Castelseprio
018144,Sant'Angelo Lomellina,https://it.wikipedia.org/wiki/Sant%27Angelo_Lomellina
064085,San Nicola Baronia,https://it.wikipedia.org/wiki/San_Nicola_Baronia
064086,San Potito Ultra,https://it.wikipedia.org/wiki/San_Potito_Ultra
009055,Sassello,https://it.wikipedia.org/wiki/Sassello
009057,Spotorno,https://it.wikipedia.org/wiki/Spotorno
078143,Spezzano della Sila,https://it.wikipedia.org/wiki/Spezzano_della_Sila
078145,Tarsia,https://it.wikipedia.org/wiki/Tarsia_(Italia)
009058,Stella,https://it.wikipedia.org/wiki/Stella_(Italia)
009059,Stellanello,https://it.wikipedia.org/wiki/Stellanello
012005,Arsago Seprio,https://it.wikipedia.org/wiki/Arsago_Seprio
108034,Muggiò,https://it.wikipedia.org/wiki/Muggi%C3%B2
078146,Terranova da Sibari,https://it.wikipedia.org/wiki/Terranova_da_Sibari
078147,Terravecchia,https://it.wikipedia.org/wiki/Terravecchia
078148,Torano Castello,https://it.wikipedia.org/wiki/Torano_Castello
008003,Aquila d'Arroscia,https://it.wikipedia.org/wiki/Aquila_d%27Arroscia
022059,Cinte Tesino,https://it.wikipedia.org/wiki/Cinte_Tesino
009060,Testico,https://it.wikipedia.org/wiki/Testico
009061,Toirano,https://it.wikipedia.org/wiki/Toirano
018050,Cilavegna,https://it.wikipedia.org/wiki/Cilavegna
018145,San Zenone al Po,https://it.wikipedia.org/wiki/San_Zenone_al_Po
078149,Tortora,https://it.wikipedia.org/wiki/Tortora_(Italia)
078150,Trebisacce,https://it.wikipedia.org/wiki/Trebisacce
008004,Armo,https://it.wikipedia.org/wiki/Armo_(Italia)
008005,Aurigo,https://it.wikipedia.org/wiki/Aurigo
025016,Cortina d'Ampezzo,https://it.wikipedia.org/wiki/Cortina_d%27Ampezzo
078152,Vaccarizzo Albanese,https://it.wikipedia.org/wiki/Vaccarizzo_Albanese
078153,Verbicaro,https://it.wikipedia.org/wiki/Verbicaro
015016,Bellinzago Lombardo,https://it.wikipedia.org/wiki/Bellinzago_Lombardo
015051,Carugate,https://it.wikipedia.org/wiki/Carugate
078154,Villapiana,https://it.wikipedia.org/wiki/Villapiana
078155,Zumpano,https://it.wikipedia.org/wiki/Zumpano
009062,Tovo San Giacomo,https://it.wikipedia.org/wiki/Tovo_San_Giacomo
009063,Urbe,https://it.wikipedia.org/wiki/Urbe_(Italia)
008006,Badalucco,https://it.wikipedia.org/wiki/Badalucco
008007,Bajardo,https://it.wikipedia.org/wiki/Bajardo
018161,Torricella Verzate,https://it.wikipedia.org/wiki/Torricella_Verzate
018187,Zenevredo,https://it.wikipedia.org/wiki/Zenevredo
009064,Vado Ligure,https://it.wikipedia.org/wiki/Vado_Ligure
009065,Varazze,https://it.wikipedia.org/wiki/Varazze
018081,Linarolo,https://it.wikipedia.org/wiki/Linarolo
025065,Vigo di Cadore,https://it.wikipedia.org/wiki/Vigo_di_Cadore
018076,Gropello Cairoli,https://it.wikipedia.org/wiki/Gropello_Cairoli
018142,Santa Margherita di Staffora,https://it.wikipedia.org/wiki/Santa_Margherita_di_Staffora
025063,Valle di Cadore,https://it.wikipedia.org/wiki/Valle_di_Cadore
014078,Villa di Tirano,https://it.wikipedia.org/wiki/Villa_di_Tirano
022058,Cimone,https://it.wikipedia.org/wiki/Cimone_(comune)
008002,Apricale,https://it.wikipedia.org/wiki/Apricale
020012,Casalromano,https://it.wikipedia.org/wiki/Casalromano
015087,Cornaredo,https://it.wikipedia.org/wiki/Cornaredo
012019,Brenta,https://it.wikipedia.org/wiki/Brenta_(comune)
108054,Lentate sul Seveso,https://it.wikipedia.org/wiki/Lentate_sul_Seveso
025049,San Tomaso Agordino,https://it.wikipedia.org/wiki/San_Tomaso_Agordino
025062,Vallada Agordina,https://it.wikipedia.org/wiki/Vallada_Agordina
070003,Bojano,https://it.wikipedia.org/wiki/Bojano
070004,Bonefro,https://it.wikipedia.org/wiki/Bonefro
008008,Bordighera,https://it.wikipedia.org/wiki/Bordighera
008009,Borghetto d'Arroscia,https://it.wikipedia.org/wiki/Borghetto_d%27Arroscia
101003,Carfizzi,https://it.wikipedia.org/wiki/Carfizzi
101004,Casabona,https://it.wikipedia.org/wiki/Casabona
008011,Camporosso,https://it.wikipedia.org/wiki/Camporosso
008012,Caravonica,https://it.wikipedia.org/wiki/Caravonica
070005,Busso,https://it.wikipedia.org/wiki/Busso
070007,Campochiaro,https://it.wikipedia.org/wiki/Campochiaro
009066,Vendone,https://it.wikipedia.org/wiki/Vendone
009068,Villanova d'Albenga,https://it.wikipedia.org/wiki/Villanova_d%27Albenga
008015,Castel Vittorio,https://it.wikipedia.org/wiki/Castel_Vittorio
008016,Ceriana,https://it.wikipedia.org/wiki/Ceriana
012099,Marzio,https://it.wikipedia.org/wiki/Marzio_(Italia)
014043,Mese,https://it.wikipedia.org/wiki/Mese_(Italia)
014025,Dazio,https://it.wikipedia.org/wiki/Dazio_(Italia)
012125,Taino,https://it.wikipedia.org/wiki/Taino_(Italia)
101001,Belvedere di Spinello,https://it.wikipedia.org/wiki/Belvedere_di_Spinello
101002,Caccuri,https://it.wikipedia.org/wiki/Caccuri
101005,Castelsilano,https://it.wikipedia.org/wiki/Castelsilano
101006,Cerenzia,https://it.wikipedia.org/wiki/Cerenzia
020010,Casalmoro,https://it.wikipedia.org/wiki/Casalmoro
020011,Casaloldo,https://it.wikipedia.org/wiki/Casaloldo
070008,Campodipietra,https://it.wikipedia.org/wiki/Campodipietra
070009,Campolieto,https://it.wikipedia.org/wiki/Campolieto
008010,Borgomaro,https://it.wikipedia.org/wiki/Borgomaro
022060,Cis,https://it.wikipedia.org/wiki/Cis_(Italia)
101007,Cirò,https://it.wikipedia.org/wiki/Cir%C3%B2
101008,Cirò Marina,https://it.wikipedia.org/wiki/Cir%C3%B2_Marina
008017,Cervo,https://it.wikipedia.org/wiki/Cervo_(Italia)
022061,Civezzano,https://it.wikipedia.org/wiki/Civezzano
025019,Falcade,https://it.wikipedia.org/wiki/Falcade
025033,Lozzo di Cadore,https://it.wikipedia.org/wiki/Lozzo_di_Cadore
018139,Santa Cristina e Bissone,https://it.wikipedia.org/wiki/Santa_Cristina_e_Bissone
018155,Torrazza Coste,https://it.wikipedia.org/wiki/Torrazza_Coste
019004,Azzanello,https://it.wikipedia.org/wiki/Azzanello
019032,Corte de’ Cortesi con Cignone,https://it.wikipedia.org/wiki/Corte_de%27_Cortesi_con_Cignone
070012,Casalciprano,https://it.wikipedia.org/wiki/Casalciprano
070013,Castelbottaccio,https://it.wikipedia.org/wiki/Castelbottaccio
101009,Cotronei,https://it.wikipedia.org/wiki/Cotronei
101011,Crucoli,https://it.wikipedia.org/wiki/Crucoli
070010,Campomarino,https://it.wikipedia.org/wiki/Campomarino
070011,Casacalenda,https://it.wikipedia.org/wiki/Casacalenda
019021,Casalmaggiore,https://it.wikipedia.org/wiki/Casalmaggiore
008018,Cesio,https://it.wikipedia.org/wiki/Cesio_(Italia)
022062,Cles,https://it.wikipedia.org/wiki/Cles
008019,Chiusanico,https://it.wikipedia.org/wiki/Chiusanico
008020,Chiusavecchia,https://it.wikipedia.org/wiki/Chiusavecchia
019041,Dovera,https://it.wikipedia.org/wiki/Dovera
097076,Sirtori,https://it.wikipedia.org/wiki/Sirtori
070001,Acquaviva Collecroce,https://it.wikipedia.org/wiki/Acquaviva_Collecroce
070002,Baranello,https://it.wikipedia.org/wiki/Baranello
018087,Marzano,https://it.wikipedia.org/wiki/Marzano_(Italia)
012141,Sangiano,https://it.wikipedia.org/wiki/Sangiano
070016,Castropignano,https://it.wikipedia.org/wiki/Castropignano
070017,Cercemaggiore,https://it.wikipedia.org/wiki/Cercemaggiore
008021,Cipressa,https://it.wikipedia.org/wiki/Cipressa
008022,Civezza,https://it.wikipedia.org/wiki/Civezza
015103,Gaggiano,https://it.wikipedia.org/wiki/Gaggiano
015224,Truccazzano,https://it.wikipedia.org/wiki/Truccazzano
101014,Melissa,https://it.wikipedia.org/wiki/Melissa_(Italia)
101015,Mesoraca,https://it.wikipedia.org/wiki/Mesoraca
101012,Cutro,https://it.wikipedia.org/wiki/Cutro
101013,Isola di Capo Rizzuto,https://it.wikipedia.org/wiki/Isola_di_Capo_Rizzuto
070014,Castellino del Biferno,https://it.wikipedia.org/wiki/Castellino_del_Biferno
070015,Castelmauro,https://it.wikipedia.org/wiki/Castelmauro
019056,Malagnino,https://it.wikipedia.org/wiki/Malagnino
019068,Persico Dosimo,https://it.wikipedia.org/wiki/Persico_Dosimo
101016,Pallagorio,https://it.wikipedia.org/wiki/Pallagorio
101017,Petilia Policastro,https://it.wikipedia.org/wiki/Petilia_Policastro
008023,Cosio di Arroscia,https://it.wikipedia.org/wiki/Cosio_d%27Arroscia
008024,Costarainera,https://it.wikipedia.org/wiki/Costarainera
008025,Diano Arentino,https://it.wikipedia.org/wiki/Diano_Arentino
070018,Cercepiccola,https://it.wikipedia.org/wiki/Cercepiccola
070019,Civitacampomarano,https://it.wikipedia.org/wiki/Civitacampomarano
015192,San Donato Milanese,https://it.wikipedia.org/wiki/San_Donato_Milanese
020037,Motteggiana,https://it.wikipedia.org/wiki/Motteggiana
018021,Brallo di Pregola,https://it.wikipedia.org/wiki/Brallo_di_Pregola
022228,Comano Terme,https://it.wikipedia.org/wiki/Comano_Terme
008026,Diano Castello,https://it.wikipedia.org/wiki/Diano_Castello
012081,Grantola,https://it.wikipedia.org/wiki/Grantola
014076,Vervio,https://it.wikipedia.org/wiki/Vervio
070020,Colle d'Anchise,https://it.wikipedia.org/wiki/Colle_d%27Anchise
070021,Colletorto,https://it.wikipedia.org/wiki/Colletorto
018016,Borgo Priolo,https://it.wikipedia.org/wiki/Borgo_Priolo
014065,Teglio,https://it.wikipedia.org/wiki/Teglio
020045,Porto Mantovano,https://it.wikipedia.org/wiki/Porto_Mantovano
020047,Quistello,https://it.wikipedia.org/wiki/Quistello
012037,Casalzuigno,https://it.wikipedia.org/wiki/Casalzuigno
014068,Tovo di Sant'Agata,https://it.wikipedia.org/wiki/Tovo_di_Sant%27Agata
097065,Pasturo,https://it.wikipedia.org/wiki/Pasturo
019079,Ricengo,https://it.wikipedia.org/wiki/Ricengo
101019,Rocca di Neto,https://it.wikipedia.org/wiki/Rocca_di_Neto
101018,Roccabernarda,https://it.wikipedia.org/wiki/Roccabernarda
101020,San Mauro Marchesato,https://it.wikipedia.org/wiki/San_Mauro_Marchesato
101021,San Nicola dell'Alto,https://it.wikipedia.org/wiki/San_Nicola_dell%27Alto
008027,Diano Marina,https://it.wikipedia.org/wiki/Diano_Marina
008029,Dolceacqua,https://it.wikipedia.org/wiki/Dolceacqua
018054,Corana,https://it.wikipedia.org/wiki/Corana
014038,Lovero,https://it.wikipedia.org/wiki/Lovero
070022,Duronia,https://it.wikipedia.org/wiki/Duronia
098014,Castiglione d'Adda,https://it.wikipedia.org/wiki/Castiglione_d%27Adda
098040,Montanaso Lombardo,https://it.wikipedia.org/wiki/Montanaso_Lombardo
018049,Cigognola,https://it.wikipedia.org/wiki/Cigognola
012129,Tronzano Lago Maggiore,https://it.wikipedia.org/wiki/Tronzano_Lago_Maggiore
022064,Commezzadura,https://it.wikipedia.org/wiki/Commezzadura
008030,Dolcedo,https://it.wikipedia.org/wiki/Dolcedo
101022,Santa Severina,https://it.wikipedia.org/wiki/Santa_Severina
101023,Savelli,https://it.wikipedia.org/wiki/Savelli
101024,Scandale,https://it.wikipedia.org/wiki/Scandale
101025,Strongoli,https://it.wikipedia.org/wiki/Strongoli
101026,Umbriatico,https://it.wikipedia.org/wiki/Umbriatico
070023,Ferrazzano,https://it.wikipedia.org/wiki/Ferrazzano
070024,Fossalto,https://it.wikipedia.org/wiki/Fossalto
097060,Oliveto Lario,https://it.wikipedia.org/wiki/Oliveto_Lario
098050,Sant'Angelo Lodigiano,https://it.wikipedia.org/wiki/Sant%27Angelo_Lodigiano
070025,Gambatesa,https://it.wikipedia.org/wiki/Gambatesa
070026,Gildone,https://it.wikipedia.org/wiki/Gildone_(Italia)
018043,Ceranova,https://it.wikipedia.org/wiki/Ceranova
014028,Faedo Valtellino,https://it.wikipedia.org/wiki/Faedo_Valtellino
101027,Verzino,https://it.wikipedia.org/wiki/Verzino
080001,Africo,https://it.wikipedia.org/wiki/Africo
019077,Pozzaglio ed Uniti,https://it.wikipedia.org/wiki/Pozzaglio_ed_Uniti
019107,Torre de’ Picenardi,https://it.wikipedia.org/wiki/Torre_de%27_Picenardi
008032,Isolabona,https://it.wikipedia.org/wiki/Isolabona
008033,Lucinasco,https://it.wikipedia.org/wiki/Lucinasco
018006,Badia Pavese,https://it.wikipedia.org/wiki/Badia_Pavese
018047,Cervesina,https://it.wikipedia.org/wiki/Cervesina
070027,Guardialfiera,https://it.wikipedia.org/wiki/Guardialfiera
070028,Guardiaregia,https://it.wikipedia.org/wiki/Guardiaregia
014008,Bianzone,https://it.wikipedia.org/wiki/Bianzone
018057,Corvino San Quirico,https://it.wikipedia.org/wiki/Corvino_San_Quirico
008034,Mendatica,https://it.wikipedia.org/wiki/Mendatica
008035,Molini di Triora,https://it.wikipedia.org/wiki/Molini_di_Triora
080002,Agnana Calabra,https://it.wikipedia.org/wiki/Agnana_Calabra
080003,Anoia,https://it.wikipedia.org/wiki/Anoia_(Italia)
097077,Sueglio,https://it.wikipedia.org/wiki/Sueglio
015150,Morimondo,https://it.wikipedia.org/wiki/Morimondo
070029,Guglionesi,https://it.wikipedia.org/wiki/Guglionesi
070030,Jelsi,https://it.wikipedia.org/wiki/Jelsi
080004,Antonimina,https://it.wikipedia.org/wiki/Antonimina
080005,Ardore,https://it.wikipedia.org/wiki/Ardore
008046,Pornassio,https://it.wikipedia.org/wiki/Pornassio
008037,Montegrosso Pian Latte,https://it.wikipedia.org/wiki/Montegrosso_Pian_Latte
108014,Camparada,https://it.wikipedia.org/wiki/Camparada
012089,Lonate Ceppino,https://it.wikipedia.org/wiki/Lonate_Ceppino
019085,Robecco d'Oglio,https://it.wikipedia.org/wiki/Robecco_d%27Oglio
020068,Villimpenta,https://it.wikipedia.org/wiki/Villimpenta
015134,Marcallo con Casone,https://it.wikipedia.org/wiki/Marcallo_con_Casone
019074,Pieve d'Olmi,https://it.wikipedia.org/wiki/Pieve_d%27Olmi
012027,Cadegliano Viconago,https://it.wikipedia.org/wiki/Cadegliano_Viconago
018167,Valeggio,https://it.wikipedia.org/wiki/Valeggio
080006,Bagaladi,https://it.wikipedia.org/wiki/Bagaladi
080007,Bagnara Calabra,https://it.wikipedia.org/wiki/Bagnara_Calabra
008038,Olivetta San Michele,https://it.wikipedia.org/wiki/Olivetta_San_Michele
008039,Ospedaletti,https://it.wikipedia.org/wiki/Ospedaletti
070031,Larino,https://it.wikipedia.org/wiki/Larino
070032,Limosano,https://it.wikipedia.org/wiki/Limosano
070035,Macchia Valfortore,https://it.wikipedia.org/wiki/Macchia_Valfortore
070036,Mafalda,https://it.wikipedia.org/wiki/Mafalda_(Italia)
070037,Matrice,https://it.wikipedia.org/wiki/Matrice_(Italia)
070038,Mirabello Sannitico,https://it.wikipedia.org/wiki/Mirabello_Sannitico
066098,Sulmona,https://it.wikipedia.org/wiki/Sulmona
008040,Perinaldo,https://it.wikipedia.org/wiki/Perinaldo
008041,Pietrabruna,https://it.wikipedia.org/wiki/Pietrabruna
012098,Marnate,https://it.wikipedia.org/wiki/Marnate
012116,Ranco,https://it.wikipedia.org/wiki/Ranco
080008,Benestare,https://it.wikipedia.org/wiki/Benestare
080009,Bianco,https://it.wikipedia.org/wiki/Bianco_(Italia)
012097,Marchirolo,https://it.wikipedia.org/wiki/Marchirolo
018123,Robbio,https://it.wikipedia.org/wiki/Robbio
080010,Bivongi,https://it.wikipedia.org/wiki/Bivongi
080011,Bova,https://it.wikipedia.org/wiki/Bova_(Italia)
012031,Caravate,https://it.wikipedia.org/wiki/Caravate
018073,Godiasco Salice Terme,https://it.wikipedia.org/wiki/Godiasco_Salice_Terme
025003,Alleghe,https://it.wikipedia.org/wiki/Alleghe
018105,Oliva Gessi,https://it.wikipedia.org/wiki/Oliva_Gessi
070039,Molise,https://it.wikipedia.org/wiki/Molise_(comune)
070040,Monacilioni,https://it.wikipedia.org/wiki/Monacilioni
066101,Tornimparte,https://it.wikipedia.org/wiki/Tornimparte
066102,Trasacco,https://it.wikipedia.org/wiki/Trasacco
066099,Tagliacozzo,https://it.wikipedia.org/wiki/Tagliacozzo
066100,Tione degli Abruzzi,https://it.wikipedia.org/wiki/Tione_degli_Abruzzi
080013,Bova Marina,https://it.wikipedia.org/wiki/Bova_Marina
080012,Bovalino,https://it.wikipedia.org/wiki/Bovalino
012001,Agra,https://it.wikipedia.org/wiki/Agra_(Italia)
012100,Masciago Primo,https://it.wikipedia.org/wiki/Masciago_Primo
080014,Brancaleone,https://it.wikipedia.org/wiki/Brancaleone_(Italia)
080015,Bruzzano Zeffirio,https://it.wikipedia.org/wiki/Bruzzano_Zeffirio
008044,Pompeiana,https://it.wikipedia.org/wiki/Pompeiana
008045,Pontedassio,https://it.wikipedia.org/wiki/Pontedassio
008042,Pieve di Teco,https://it.wikipedia.org/wiki/Pieve_di_Teco
008043,Pigna,https://it.wikipedia.org/wiki/Pigna_(Italia)
066105,Villa Sant'Angelo,https://it.wikipedia.org/wiki/Villa_Sant%27Angelo
066104,Villa Santa Lucia degli Abruzzi,https://it.wikipedia.org/wiki/Villa_Santa_Lucia_degli_Abruzzi
070041,Montagano,https://it.wikipedia.org/wiki/Montagano
070042,Montecilfone,https://it.wikipedia.org/wiki/Montecilfone
018108,Pancarana,https://it.wikipedia.org/wiki/Pancarana
018119,Rea,https://it.wikipedia.org/wiki/Rea_(Italia)
066103,Villalago,https://it.wikipedia.org/wiki/Villalago
066106,Villavallelonga,https://it.wikipedia.org/wiki/Villavallelonga
012114,Porto Valtravaglia,https://it.wikipedia.org/wiki/Porto_Valtravaglia
018121,Retorbido,https://it.wikipedia.org/wiki/Retorbido
080016,Calanna,https://it.wikipedia.org/wiki/Calanna
080017,Camini,https://it.wikipedia.org/wiki/Camini
080018,Campo Calabro,https://it.wikipedia.org/wiki/Campo_Calabro
080019,Candidoni,https://it.wikipedia.org/wiki/Candidoni
008047,Prelà,https://it.wikipedia.org/wiki/Prel%C3%A0
008048,Ranzo,https://it.wikipedia.org/wiki/Ranzo
008049,Rezzo,https://it.wikipedia.org/wiki/Rezzo
008050,Riva Ligure,https://it.wikipedia.org/wiki/Riva_Ligure
066107,Villetta Barrea,https://it.wikipedia.org/wiki/Villetta_Barrea
066108,Vittorito,https://it.wikipedia.org/wiki/Vittorito
070045,Montemitro,https://it.wikipedia.org/wiki/Montemitro
070046,Montenero di Bisaccia,https://it.wikipedia.org/wiki/Montenero_di_Bisaccia
060033,Ferentino,https://it.wikipedia.org/wiki/Ferentino
037032,Imola,https://it.wikipedia.org/wiki/Imola
070043,Montefalcone nel Sannio,https://it.wikipedia.org/wiki/Montefalcone_nel_Sannio
070044,Montelongo,https://it.wikipedia.org/wiki/Montelongo
108031,Mezzago,https://it.wikipedia.org/wiki/Mezzago
025043,Rivamonte Agordino,https://it.wikipedia.org/wiki/Rivamonte_Agordino
068003,Bolognano,https://it.wikipedia.org/wiki/Bolognano
083009,Capo d'Orlando,https://it.wikipedia.org/wiki/Capo_d%27Orlando
008051,Rocchetta Nervina,https://it.wikipedia.org/wiki/Rocchetta_Nervina
008052,San Bartolomeo al Mare,https://it.wikipedia.org/wiki/San_Bartolomeo_al_Mare
070047,Montorio nei Frentani,https://it.wikipedia.org/wiki/Montorio_nei_Frentani
070048,Morrone del Sannio,https://it.wikipedia.org/wiki/Morrone_del_Sannio
018004,Albuzzano,https://it.wikipedia.org/wiki/Albuzzano
018111,Pietra de' Giorgi,https://it.wikipedia.org/wiki/Pietra_de%27_Giorgi
080020,Canolo,https://it.wikipedia.org/wiki/Canolo
080021,Caraffa del Bianco,https://it.wikipedia.org/wiki/Caraffa_del_Bianco
080022,Cardeto,https://it.wikipedia.org/wiki/Cardeto
080023,Careri,https://it.wikipedia.org/wiki/Careri
012102,Mesenzana,https://it.wikipedia.org/wiki/Mesenzana
018109,Parona,https://it.wikipedia.org/wiki/Parona
069001,Altino,https://it.wikipedia.org/wiki/Altino
069002,Archi,https://it.wikipedia.org/wiki/Archi_(comune)
069003,Ari,https://it.wikipedia.org/wiki/Ari_(Italia)
018003,Albonese,https://it.wikipedia.org/wiki/Albonese
018099,Monticelli Pavese,https://it.wikipedia.org/wiki/Monticelli_Pavese
080024,Casignana,https://it.wikipedia.org/wiki/Casignana
080025,Caulonia,https://it.wikipedia.org/wiki/Caulonia
008054,San Lorenzo al Mare,https://it.wikipedia.org/wiki/San_Lorenzo_al_Mare
008056,Santo Stefano al Mare,https://it.wikipedia.org/wiki/Santo_Stefano_al_Mare
070049,Oratino,https://it.wikipedia.org/wiki/Oratino
064087,San Sossio Baronia,https://it.wikipedia.org/wiki/San_Sossio_Baronia
064089,Sant'Andrea di Conza,https://it.wikipedia.org/wiki/Sant%27Andrea_di_Conza
064091,Sant'Angelo a Scala,https://it.wikipedia.org/wiki/Sant%27Angelo_a_Scala
008057,Seborga,https://it.wikipedia.org/wiki/Seborga
008058,Soldano,https://it.wikipedia.org/wiki/Soldano
012052,Clivio,https://it.wikipedia.org/wiki/Clivio
012104,Monvalle,https://it.wikipedia.org/wiki/Monvalle
080026,Ciminà,https://it.wikipedia.org/wiki/Cimin%C3%A0
080027,Cinquefrondi,https://it.wikipedia.org/wiki/Cinquefrondi
069004,Arielli,https://it.wikipedia.org/wiki/Arielli
069005,Atessa,https://it.wikipedia.org/wiki/Atessa
064090,Sant'Angelo all'Esca,https://it.wikipedia.org/wiki/Sant%27Angelo_all%27Esca
064092,Sant'Angelo dei Lombardi,https://it.wikipedia.org/wiki/Sant%27Angelo_dei_Lombardi
008060,Terzorio,https://it.wikipedia.org/wiki/Terzorio
008061,Triora,https://it.wikipedia.org/wiki/Triora
080028,Cittanova,https://it.wikipedia.org/wiki/Cittanova_(Italia)
080029,Condofuri,https://it.wikipedia.org/wiki/Condofuri
025001,Agordo,https://it.wikipedia.org/wiki/Agordo
014002,Albosaggia,https://it.wikipedia.org/wiki/Albosaggia
069006,Bomba,https://it.wikipedia.org/wiki/Bomba_(Italia)
069007,Borrello,https://it.wikipedia.org/wiki/Borrello
064088,Santa Lucia di Serino,https://it.wikipedia.org/wiki/Santa_Lucia_di_Serino
064093,Santa Paolina,https://it.wikipedia.org/wiki/Santa_Paolina
008062,Vallebona,https://it.wikipedia.org/wiki/Vallebona
018090,Mezzana Bigli,https://it.wikipedia.org/wiki/Mezzana_Bigli
069008,Bucchianico,https://it.wikipedia.org/wiki/Bucchianico
069010,Canosa Sannita,https://it.wikipedia.org/wiki/Canosa_Sannita
064095,Santo Stefano del Sole,https://it.wikipedia.org/wiki/Santo_Stefano_del_Sole
064096,Savignano Irpino,https://it.wikipedia.org/wiki/Savignano_Irpino
035006,Brescello,https://it.wikipedia.org/wiki/Brescello
035008,Cadelbosco di Sopra,https://it.wikipedia.org/wiki/Cadelbosco_di_Sopra
008064,Vasia,https://it.wikipedia.org/wiki/Vasia
008066,Vessalico,https://it.wikipedia.org/wiki/Vessalico
008063,Vallecrosia al mare,https://it.wikipedia.org/wiki/Vallecrosia_al_mare
014005,Ardenno,https://it.wikipedia.org/wiki/Ardenno
018101,Mornico Losana,https://it.wikipedia.org/wiki/Mornico_Losana
014055,Rasura,https://it.wikipedia.org/wiki/Rasura
064097,Scampitella,https://it.wikipedia.org/wiki/Scampitella
064098,Senerchia,https://it.wikipedia.org/wiki/Senerchia
035009,Campagnola Emilia,https://it.wikipedia.org/wiki/Campagnola_Emilia
035010,Campegine,https://it.wikipedia.org/wiki/Campegine
069011,Carpineto Sinello,https://it.wikipedia.org/wiki/Carpineto_Sinello
069012,Carunchio,https://it.wikipedia.org/wiki/Carunchio
022068,Croviana,https://it.wikipedia.org/wiki/Croviana
008067,Villa Faraldi,https://it.wikipedia.org/wiki/Villa_Faraldi
064099,Serino,https://it.wikipedia.org/wiki/Serino
064100,Sirignano,https://it.wikipedia.org/wiki/Sirignano
018127,Rognano,https://it.wikipedia.org/wiki/Rognano
035018,Canossa,https://it.wikipedia.org/wiki/Canossa
035011,Carpineti,https://it.wikipedia.org/wiki/Carpineti
011001,Ameglia,https://it.wikipedia.org/wiki/Ameglia
011002,Arcola,https://it.wikipedia.org/wiki/Arcola
064101,Solofra,https://it.wikipedia.org/wiki/Solofra
069013,Casacanditella,https://it.wikipedia.org/wiki/Casacanditella
069014,Casalanguida,https://it.wikipedia.org/wiki/Casalanguida
012007,Azzio,https://it.wikipedia.org/wiki/Azzio
108044,Usmate Velate,https://it.wikipedia.org/wiki/Usmate_Velate
035012,Casalgrande,https://it.wikipedia.org/wiki/Casalgrande
035013,Casina,https://it.wikipedia.org/wiki/Casina
064102,Sorbo Serpico,https://it.wikipedia.org/wiki/Sorbo_Serpico
064103,Sperone,https://it.wikipedia.org/wiki/Sperone_(Italia)
014020,Chiuro,https://it.wikipedia.org/wiki/Chiuro
018096,Montecalvo Versiggia,https://it.wikipedia.org/wiki/Montecalvo_Versiggia
069015,Casalbordino,https://it.wikipedia.org/wiki/Casalbordino
069016,Casalincontrada,https://it.wikipedia.org/wiki/Casalincontrada
064104,Sturno,https://it.wikipedia.org/wiki/Sturno
064105,Summonte,https://it.wikipedia.org/wiki/Summonte
035014,Castellarano,https://it.wikipedia.org/wiki/Castellarano
035015,Castelnovo di Sotto,https://it.wikipedia.org/wiki/Castelnovo_di_Sotto
069017,Casoli,https://it.wikipedia.org/wiki/Casoli
069018,Castel Frentano,https://it.wikipedia.org/wiki/Castel_Frentano
064106,Taurano,https://it.wikipedia.org/wiki/Taurano
064107,Taurasi,https://it.wikipedia.org/wiki/Taurasi
035016,Castelnovo ne' Monti,https://it.wikipedia.org/wiki/Castelnovo_ne%27_Monti
035017,Cavriago,https://it.wikipedia.org/wiki/Cavriago
012013,Besozzo,https://it.wikipedia.org/wiki/Besozzo
108051,Busnago,https://it.wikipedia.org/wiki/Busnago
069019,Castelguidone,https://it.wikipedia.org/wiki/Castelguidone
069020,Castiglione Messer Marino,https://it.wikipedia.org/wiki/Castiglione_Messer_Marino
064108,Teora,https://it.wikipedia.org/wiki/Teora
064109,Torella dei Lombardi,https://it.wikipedia.org/wiki/Torella_dei_Lombardi
064110,Torre Le Nocelle,https://it.wikipedia.org/wiki/Torre_Le_Nocelle
064111,Torrioni,https://it.wikipedia.org/wiki/Torrioni
069021,Celenza sul Trigno,https://it.wikipedia.org/wiki/Celenza_sul_Trigno
069023,Civitaluparella,https://it.wikipedia.org/wiki/Civitaluparella
012047,Castronno,https://it.wikipedia.org/wiki/Castronno
012134,Vedano Olona,https://it.wikipedia.org/wiki/Vedano_Olona
011003,Beverino,https://it.wikipedia.org/wiki/Beverino
011004,Bolano,https://it.wikipedia.org/wiki/Bolano
035020,Correggio,https://it.wikipedia.org/wiki/Correggio_(Italia)
035021,Fabbrico,https://it.wikipedia.org/wiki/Fabbrico
064112,Trevico,https://it.wikipedia.org/wiki/Trevico
064113,Tufo,https://it.wikipedia.org/wiki/Tufo_(Italia)
108019,Cesano Maderno,https://it.wikipedia.org/wiki/Cesano_Maderno
018182,Voghera,https://it.wikipedia.org/wiki/Voghera
064114,Vallata,https://it.wikipedia.org/wiki/Vallata_(Italia)
064115,Vallesaccarda,https://it.wikipedia.org/wiki/Vallesaccarda
085007,Gela,https://it.wikipedia.org/wiki/Gela
018077,Inverno e Monteleone,https://it.wikipedia.org/wiki/Inverno_e_Monteleone
012117,Saltrio,https://it.wikipedia.org/wiki/Saltrio
011005,Bonassola,https://it.wikipedia.org/wiki/Bonassola
011006,Borghetto di Vara,https://it.wikipedia.org/wiki/Borghetto_di_Vara
069024,Civitella Messer Raimondo,https://it.wikipedia.org/wiki/Civitella_Messer_Raimondo
069025,Colledimacine,https://it.wikipedia.org/wiki/Colledimacine
011007,Brugnato,https://it.wikipedia.org/wiki/Brugnato
011008,Calice al Cornoviglio,https://it.wikipedia.org/wiki/Calice_al_Cornoviglio
064116,Venticano,https://it.wikipedia.org/wiki/Venticano
064117,Villamaina,https://it.wikipedia.org/wiki/Villamaina
069026,Colledimezzo,https://it.wikipedia.org/wiki/Colledimezzo
069027,Crecchio,https://it.wikipedia.org/wiki/Crecchio
108012,Brugherio,https://it.wikipedia.org/wiki/Brugherio
018022,Breme,https://it.wikipedia.org/wiki/Breme
064118,Villanova del Battista,https://it.wikipedia.org/wiki/Villanova_del_Battista
064119,Volturara Irpina,https://it.wikipedia.org/wiki/Volturara_Irpina
069028,Cupello,https://it.wikipedia.org/wiki/Cupello
069029,Dogliola,https://it.wikipedia.org/wiki/Dogliola
011009,Carro,https://it.wikipedia.org/wiki/Carro_(Italia)
011011,Castelnuovo Magra,https://it.wikipedia.org/wiki/Castelnuovo_Magra
025011,Cesiomaggiore,https://it.wikipedia.org/wiki/Cesiomaggiore
018164,Tromello,https://it.wikipedia.org/wiki/Tromello
069030,Fara Filiorum Petri,https://it.wikipedia.org/wiki/Fara_Filiorum_Petri
069031,Fara San Martino,https://it.wikipedia.org/wiki/Fara_San_Martino
064120,Zungoli,https://it.wikipedia.org/wiki/Zungoli
090065,Sedini,https://it.wikipedia.org/wiki/Sedini
069032,Filetto,https://it.wikipedia.org/wiki/Filetto_(Italia)
069033,Fossacesia,https://it.wikipedia.org/wiki/Fossacesia
018083,Lomello,https://it.wikipedia.org/wiki/Lomello
011012,Deiva Marina,https://it.wikipedia.org/wiki/Deiva_Marina
011013,Follo,https://it.wikipedia.org/wiki/Follo
035022,Gattatico,https://it.wikipedia.org/wiki/Gattatico
035023,Gualtieri,https://it.wikipedia.org/wiki/Gualtieri
027008,Chioggia,https://it.wikipedia.org/wiki/Chioggia
018147,Scaldasole,https://it.wikipedia.org/wiki/Scaldasole
018189,Zerbolò,https://it.wikipedia.org/wiki/Zerbol%C3%B2
069034,Fraine,https://it.wikipedia.org/wiki/Fraine
069035,Francavilla al Mare,https://it.wikipedia.org/wiki/Francavilla_al_Mare
011014,Framura,https://it.wikipedia.org/wiki/Framura
011016,Lerici,https://it.wikipedia.org/wiki/Lerici
035024,Guastalla,https://it.wikipedia.org/wiki/Guastalla
035027,Montecchio Emilia,https://it.wikipedia.org/wiki/Montecchio_Emilia
027010,Cona,https://it.wikipedia.org/wiki/Cona
062001,Airola,https://it.wikipedia.org/wiki/Airola
108052,Caponago,https://it.wikipedia.org/wiki/Caponago
018136,San Giorgio di Lomellina,https://it.wikipedia.org/wiki/San_Giorgio_di_Lomellina
069036,Fresagrandinaria,https://it.wikipedia.org/wiki/Fresagrandinaria
069037,Frisa,https://it.wikipedia.org/wiki/Frisa
011018,Maissana,https://it.wikipedia.org/wiki/Maissana
011019,Monterosso al Mare,https://it.wikipedia.org/wiki/Monterosso_al_Mare
035028,Novellara,https://it.wikipedia.org/wiki/Novellara
035029,Poviglio,https://it.wikipedia.org/wiki/Poviglio
062002,Amorosi,https://it.wikipedia.org/wiki/Amorosi
062003,Apice,https://it.wikipedia.org/wiki/Apice_(Italia)
069038,Furci,https://it.wikipedia.org/wiki/Furci
069039,Gamberale,https://it.wikipedia.org/wiki/Gamberale
011021,Pignone,https://it.wikipedia.org/wiki/Pignone_(Italia)
011023,Riccò del Golfo di Spezia,https://it.wikipedia.org/wiki/Ricc%C3%B2_del_Golfo_di_Spezia
035030,Quattro Castella,https://it.wikipedia.org/wiki/Quattro_Castella
035034,Rio Saliceto,https://it.wikipedia.org/wiki/Rio_Saliceto
069040,Gessopalena,https://it.wikipedia.org/wiki/Gessopalena
069041,Gissi,https://it.wikipedia.org/wiki/Gissi
011024,Riomaggiore,https://it.wikipedia.org/wiki/Riomaggiore
062004,Apollosa,https://it.wikipedia.org/wiki/Apollosa
062005,Arpaia,https://it.wikipedia.org/wiki/Arpaia
035035,Rolo,https://it.wikipedia.org/wiki/Rolo
035036,Rubiera,https://it.wikipedia.org/wiki/Rubiera
069042,Giuliano Teatino,https://it.wikipedia.org/wiki/Giuliano_Teatino
069043,Guardiagrele,https://it.wikipedia.org/wiki/Guardiagrele
057057,Posta,https://it.wikipedia.org/wiki/Posta_(comune)
057058,Pozzaglia Sabina,https://it.wikipedia.org/wiki/Pozzaglia_Sabina
035037,San Martino in Rio,https://it.wikipedia.org/wiki/San_Martino_in_Rio
035038,San Polo d'Enza,https://it.wikipedia.org/wiki/San_Polo_d%27Enza
062006,Arpaise,https://it.wikipedia.org/wiki/Arpaise
062007,Baselice,https://it.wikipedia.org/wiki/Baselice
069044,Guilmi,https://it.wikipedia.org/wiki/Guilmi
069045,Lama dei Peligni,https://it.wikipedia.org/wiki/Lama_dei_Peligni
011025,Rocchetta di Vara,https://it.wikipedia.org/wiki/Rocchetta_di_Vara
011026,Santo Stefano di Magra,https://it.wikipedia.org/wiki/Santo_Stefano_di_Magra
035039,Sant'Ilario d'Enza,https://it.wikipedia.org/wiki/Sant%27Ilario_d%27Enza
035040,Scandiano,https://it.wikipedia.org/wiki/Scandiano
011028,Sesta Godano,https://it.wikipedia.org/wiki/Sesta_Godano
011029,Varese Ligure,https://it.wikipedia.org/wiki/Varese_Ligure
062009,Bonea,https://it.wikipedia.org/wiki/Bonea
062010,Bucciano,https://it.wikipedia.org/wiki/Bucciano
062011,Buonalbergo,https://it.wikipedia.org/wiki/Buonalbergo
062012,Calvi,https://it.wikipedia.org/wiki/Calvi_(Italia)
069049,Liscia,https://it.wikipedia.org/wiki/Liscia
069050,Miglianico,https://it.wikipedia.org/wiki/Miglianico
069047,Lentella,https://it.wikipedia.org/wiki/Lentella
069048,Lettopalena,https://it.wikipedia.org/wiki/Lettopalena
057060,Rivodutri,https://it.wikipedia.org/wiki/Rivodutri
057062,Rocca Sinibalda,https://it.wikipedia.org/wiki/Rocca_Sinibalda
057061,Roccantica,https://it.wikipedia.org/wiki/Roccantica
057063,Salisano,https://it.wikipedia.org/wiki/Salisano
062013,Campolattaro,https://it.wikipedia.org/wiki/Campolattaro
062014,Campoli del Monte Taburno,https://it.wikipedia.org/wiki/Campoli_del_Monte_Taburno
069051,Montazzoli,https://it.wikipedia.org/wiki/Montazzoli
069054,Montenerodomo,https://it.wikipedia.org/wiki/Montenerodomo
035041,Toano,https://it.wikipedia.org/wiki/Toano
035042,Vetto,https://it.wikipedia.org/wiki/Vetto
011030,Vernazza,https://it.wikipedia.org/wiki/Vernazza
011031,Vezzano Ligure,https://it.wikipedia.org/wiki/Vezzano_Ligure
062015,Casalduni,https://it.wikipedia.org/wiki/Casalduni
062016,Castelfranco in Miscano,https://it.wikipedia.org/wiki/Castelfranco_in_Miscano
009001,Alassio,https://it.wikipedia.org/wiki/Alassio
009004,Albisola Superiore,https://it.wikipedia.org/wiki/Albisola_Superiore
062017,Castelpagano,https://it.wikipedia.org/wiki/Castelpagano
062018,Castelpoto,https://it.wikipedia.org/wiki/Castelpoto
035043,Vezzano sul Crostolo,https://it.wikipedia.org/wiki/Vezzano_sul_Crostolo
035044,Viano,https://it.wikipedia.org/wiki/Viano
069055,Monteodorisio,https://it.wikipedia.org/wiki/Monteodorisio
069056,Mozzagrogna,https://it.wikipedia.org/wiki/Mozzagrogna
009003,Albissola Marina,https://it.wikipedia.org/wiki/Albissola_Marina
009005,Altare,https://it.wikipedia.org/wiki/Altare_(Italia)
057064,Scandriglia,https://it.wikipedia.org/wiki/Scandriglia
057065,Selci,https://it.wikipedia.org/wiki/Selci
035045,Villa Minozzo,https://it.wikipedia.org/wiki/Villa_Minozzo
017129,Padenghe sul Garda,https://it.wikipedia.org/wiki/Padenghe_sul_Garda
009006,Andora,https://it.wikipedia.org/wiki/Andora
009008,Balestrino,https://it.wikipedia.org/wiki/Balestrino
062019,Castelvenere,https://it.wikipedia.org/wiki/Castelvenere
062020,Castelvetere in Val Fortore,https://it.wikipedia.org/wiki/Castelvetere_in_Val_Fortore
069057,Orsogna,https://it.wikipedia.org/wiki/Orsogna
069058,Ortona,https://it.wikipedia.org/wiki/Ortona
017130,Paderno Franciacorta,https://it.wikipedia.org/wiki/Paderno_Franciacorta
017131,Paisco Loveno,https://it.wikipedia.org/wiki/Paisco_Loveno
009009,Bardineto,https://it.wikipedia.org/wiki/Bardineto
009010,Bergeggi,https://it.wikipedia.org/wiki/Bergeggi
062021,Cautano,https://it.wikipedia.org/wiki/Cautano
062022,Ceppaloni,https://it.wikipedia.org/wiki/Ceppaloni
057066,Stimigliano,https://it.wikipedia.org/wiki/Stimigliano
057067,Tarano,https://it.wikipedia.org/wiki/Tarano
069059,Paglieta,https://it.wikipedia.org/wiki/Paglieta
069060,Palena,https://it.wikipedia.org/wiki/Palena
062023,Cerreto Sannita,https://it.wikipedia.org/wiki/Cerreto_Sannita
062024,Circello,https://it.wikipedia.org/wiki/Circello
017132,Paitone,https://it.wikipedia.org/wiki/Paitone
017133,Palazzolo sull'Oglio,https://it.wikipedia.org/wiki/Palazzolo_sull%27Oglio
069061,Palmoli,https://it.wikipedia.org/wiki/Palmoli
069062,Palombaro,https://it.wikipedia.org/wiki/Palombaro_(Italia)
009011,Boissano,https://it.wikipedia.org/wiki/Boissano
009012,Borghetto Santo Spirito,https://it.wikipedia.org/wiki/Borghetto_Santo_Spirito
017134,Paratico,https://it.wikipedia.org/wiki/Paratico
017135,Paspardo,https://it.wikipedia.org/wiki/Paspardo
062025,Colle Sannita,https://it.wikipedia.org/wiki/Colle_Sannita
062026,Cusano Mutri,https://it.wikipedia.org/wiki/Cusano_Mutri
062027,Dugenta,https://it.wikipedia.org/wiki/Dugenta
062028,Durazzano,https://it.wikipedia.org/wiki/Durazzano
057068,Toffia,https://it.wikipedia.org/wiki/Toffia
069063,Pennadomo,https://it.wikipedia.org/wiki/Pennadomo
069064,Pennapiedimonte,https://it.wikipedia.org/wiki/Pennapiedimonte
017136,Passirano,https://it.wikipedia.org/wiki/Passirano
017137,Pavone del Mella,https://it.wikipedia.org/wiki/Pavone_del_Mella
062029,Faicchio,https://it.wikipedia.org/wiki/Faicchio
062030,Foglianise,https://it.wikipedia.org/wiki/Foglianise
057070,Torri in Sabina,https://it.wikipedia.org/wiki/Torri_in_Sabina
057069,Torricella in Sabina,https://it.wikipedia.org/wiki/Torricella_in_Sabina
069065,Perano,https://it.wikipedia.org/wiki/Perano
069066,Pizzoferrato,https://it.wikipedia.org/wiki/Pizzoferrato
062031,Foiano di Val Fortore,https://it.wikipedia.org/wiki/Foiano_di_Val_Fortore
062032,Forchia,https://it.wikipedia.org/wiki/Forchia
057071,Turania,https://it.wikipedia.org/wiki/Turania
057072,Vacone,https://it.wikipedia.org/wiki/Vacone
017139,Pertica Alta,https://it.wikipedia.org/wiki/Pertica_Alta
017140,Pertica Bassa,https://it.wikipedia.org/wiki/Pertica_Bassa
069067,Poggiofiorito,https://it.wikipedia.org/wiki/Poggiofiorito
069068,Pollutri,https://it.wikipedia.org/wiki/Pollutri
062033,Fragneto l'Abate,https://it.wikipedia.org/wiki/Fragneto_l%27Abate
062034,Fragneto Monforte,https://it.wikipedia.org/wiki/Fragneto_Monforte
017141,Pezzaze,https://it.wikipedia.org/wiki/Pezzaze
017142,Pian Camuno,https://it.wikipedia.org/wiki/Pian_Camuno
062035,Frasso Telesino,https://it.wikipedia.org/wiki/Frasso_Telesino
062036,Ginestra degli Schiavoni,https://it.wikipedia.org/wiki/Ginestra_degli_Schiavoni
069069,Pretoro,https://it.wikipedia.org/wiki/Pretoro
069070,Quadri,https://it.wikipedia.org/wiki/Quadri
057073,Varco Sabino,https://it.wikipedia.org/wiki/Varco_Sabino
084020,Lampedusa e Linosa,https://it.wikipedia.org/wiki/Lampedusa_e_Linosa
062037,Guardia Sanframondi,https://it.wikipedia.org/wiki/Guardia_Sanframondi
062038,Limatola,https://it.wikipedia.org/wiki/Limatola
017206,Piancogno,https://it.wikipedia.org/wiki/Piancogno
017143,Pisogne,https://it.wikipedia.org/wiki/Pisogne
062039,Melizzano,https://it.wikipedia.org/wiki/Melizzano
069074,Rocca San Giovanni,https://it.wikipedia.org/wiki/Rocca_San_Giovanni
069075,Roccascalegna,https://it.wikipedia.org/wiki/Roccascalegna
069071,Rapino,https://it.wikipedia.org/wiki/Rapino_(comune)
069073,Roccamontepiano,https://it.wikipedia.org/wiki/Roccamontepiano
009069,Zuccarello,https://it.wikipedia.org/wiki/Zuccarello
010044,Portofino,https://it.wikipedia.org/wiki/Portofino
017144,Polaveno,https://it.wikipedia.org/wiki/Polaveno
017145,Polpenazze del Garda,https://it.wikipedia.org/wiki/Polpenazze_del_Garda
112016,Castelsardo,https://it.wikipedia.org/wiki/Castelsardo
069076,Roccaspinalveti,https://it.wikipedia.org/wiki/Roccaspinalveti
069078,Rosello,https://it.wikipedia.org/wiki/Rosello
062040,Moiano,https://it.wikipedia.org/wiki/Moiano
062041,Molinara,https://it.wikipedia.org/wiki/Molinara
017146,Pompiano,https://it.wikipedia.org/wiki/Pompiano
017147,Poncarale,https://it.wikipedia.org/wiki/Poncarale
069072,Ripa Teatina,https://it.wikipedia.org/wiki/Ripa_Teatina
062042,Montefalcone di Val Fortore,https://it.wikipedia.org/wiki/Montefalcone_di_Val_Fortore
062043,Montesarchio,https://it.wikipedia.org/wiki/Montesarchio
082027,Cefalù,https://it.wikipedia.org/wiki/Cefal%C3%B9
058001,Affile,https://it.wikipedia.org/wiki/Affile
017148,Ponte di Legno,https://it.wikipedia.org/wiki/Ponte_di_Legno
017149,Pontevico,https://it.wikipedia.org/wiki/Pontevico
069079,San Buono,https://it.wikipedia.org/wiki/San_Buono
069080,San Giovanni Lipioni,https://it.wikipedia.org/wiki/San_Giovanni_Lipioni
069081,San Giovanni Teatino,https://it.wikipedia.org/wiki/San_Giovanni_Teatino
069082,San Martino sulla Marrucina,https://it.wikipedia.org/wiki/San_Martino_sulla_Marrucina
023046,Marano di Valpolicella,https://it.wikipedia.org/wiki/Marano_di_Valpolicella
062044,Morcone,https://it.wikipedia.org/wiki/Morcone
017150,Pontoglio,https://it.wikipedia.org/wiki/Pontoglio
017151,Pozzolengo,https://it.wikipedia.org/wiki/Pozzolengo
062045,Paduli,https://it.wikipedia.org/wiki/Paduli
023057,Pastrengo,https://it.wikipedia.org/wiki/Pastrengo
069083,San Salvo,https://it.wikipedia.org/wiki/San_Salvo
069086,San Vito Chietino,https://it.wikipedia.org/wiki/San_Vito_Chietino
009002,Albenga,https://it.wikipedia.org/wiki/Albenga
062046,Pago Veiano,https://it.wikipedia.org/wiki/Pago_Veiano
062047,Pannarano,https://it.wikipedia.org/wiki/Pannarano
062048,Paolisi,https://it.wikipedia.org/wiki/Paolisi
058002,Agosta,https://it.wikipedia.org/wiki/Agosta
058004,Allumiere,https://it.wikipedia.org/wiki/Allumiere
017152,Pralboino,https://it.wikipedia.org/wiki/Pralboino
017153,Preseglie,https://it.wikipedia.org/wiki/Preseglie
069085,Sant'Eusanio del Sangro,https://it.wikipedia.org/wiki/Sant%27Eusanio_del_Sangro
069084,Santa Maria Imbaro,https://it.wikipedia.org/wiki/Santa_Maria_Imbaro
062049,Paupisi,https://it.wikipedia.org/wiki/Paupisi
062050,Pesco Sannita,https://it.wikipedia.org/wiki/Pesco_Sannita
062051,Pietraroja,https://it.wikipedia.org/wiki/Pietraroja
023072,Sanguinetto,https://it.wikipedia.org/wiki/Sanguinetto
017155,Prevalle,https://it.wikipedia.org/wiki/Prevalle
017157,Provaglio Val Sabbia,https://it.wikipedia.org/wiki/Provaglio_Val_Sabbia
058005,Anguillara Sabazia,https://it.wikipedia.org/wiki/Anguillara_Sabazia
058006,Anticoli Corrado,https://it.wikipedia.org/wiki/Anticoli_Corrado
069089,Taranta Peligna,https://it.wikipedia.org/wiki/Taranta_Peligna
069090,Tollo,https://it.wikipedia.org/wiki/Tollo
069087,Scerni,https://it.wikipedia.org/wiki/Scerni
069088,Schiavi di Abruzzo,https://it.wikipedia.org/wiki/Schiavi_di_Abruzzo
062052,Pietrelcina,https://it.wikipedia.org/wiki/Pietrelcina
017156,Provaglio d'Iseo,https://it.wikipedia.org/wiki/Provaglio_d%27Iseo
017158,Puegnago del Garda,https://it.wikipedia.org/wiki/Puegnago_del_Garda
058007,Anzio,https://it.wikipedia.org/wiki/Anzio
062053,Ponte,https://it.wikipedia.org/wiki/Ponte_(Italia)
062054,Pontelandolfo,https://it.wikipedia.org/wiki/Pontelandolfo
062055,Puglianello,https://it.wikipedia.org/wiki/Puglianello
062056,Reino,https://it.wikipedia.org/wiki/Reino
017159,Quinzano d'Oglio,https://it.wikipedia.org/wiki/Quinzano_d%27Oglio
017160,Remedello,https://it.wikipedia.org/wiki/Remedello
036006,Castelfranco Emilia,https://it.wikipedia.org/wiki/Castelfranco_Emilia
069091,Torino di Sangro,https://it.wikipedia.org/wiki/Torino_di_Sangro
058008,Arcinazzo Romano,https://it.wikipedia.org/wiki/Arcinazzo_Romano
058117,Ardea,https://it.wikipedia.org/wiki/Ardea
017161,Rezzato,https://it.wikipedia.org/wiki/Rezzato
017162,Roccafranca,https://it.wikipedia.org/wiki/Roccafranca
036007,Castelnuovo Rangone,https://it.wikipedia.org/wiki/Castelnuovo_Rangone
036008,Castelvetro di Modena,https://it.wikipedia.org/wiki/Castelvetro_di_Modena
062057,San Bartolomeo in Galdo,https://it.wikipedia.org/wiki/San_Bartolomeo_in_Galdo
062059,San Giorgio La Molara,https://it.wikipedia.org/wiki/San_Giorgio_La_Molara
058009,Ariccia,https://it.wikipedia.org/wiki/Ariccia
062058,San Giorgio del Sannio,https://it.wikipedia.org/wiki/San_Giorgio_del_Sannio
062060,San Leucio del Sannio,https://it.wikipedia.org/wiki/San_Leucio_del_Sannio
036009,Cavezzo,https://it.wikipedia.org/wiki/Cavezzo
036010,Concordia sulla Secchia,https://it.wikipedia.org/wiki/Concordia_sulla_Secchia
058010,Arsoli,https://it.wikipedia.org/wiki/Arsoli
058011,Artena,https://it.wikipedia.org/wiki/Artena
017163,Rodengo-Saiano,https://it.wikipedia.org/wiki/Rodengo-Saiano
017165,Roncadelle,https://it.wikipedia.org/wiki/Roncadelle
036011,Fanano,https://it.wikipedia.org/wiki/Fanano
036012,Finale Emilia,https://it.wikipedia.org/wiki/Finale_Emilia
017164,Roè Volciano,https://it.wikipedia.org/wiki/Ro%C3%A8_Volciano
017166,Rovato,https://it.wikipedia.org/wiki/Rovato
062061,San Lorenzello,https://it.wikipedia.org/wiki/San_Lorenzello
023095,Villa Bartolomea,https://it.wikipedia.org/wiki/Villa_Bartolomea
058012,Bellegra,https://it.wikipedia.org/wiki/Bellegra
058013,Bracciano,https://it.wikipedia.org/wiki/Bracciano
036013,Fiorano Modenese,https://it.wikipedia.org/wiki/Fiorano_Modenese
036014,Fiumalbo,https://it.wikipedia.org/wiki/Fiumalbo
036015,Formigine,https://it.wikipedia.org/wiki/Formigine
021051,Merano,https://it.wikipedia.org/wiki/Merano
059033,Ventotene,https://it.wikipedia.org/wiki/Ventotene_(comune)
058014,Camerata Nuova,https://it.wikipedia.org/wiki/Camerata_Nuova
022183,Storo,https://it.wikipedia.org/wiki/Storo
017167,Rudiano,https://it.wikipedia.org/wiki/Rudiano
017168,Sabbio Chiese,https://it.wikipedia.org/wiki/Sabbio_Chiese
017169,Sale Marasino,https://it.wikipedia.org/wiki/Sale_Marasino
017170,Salò,https://it.wikipedia.org/wiki/Sal%C3%B2
036016,Frassinoro,https://it.wikipedia.org/wiki/Frassinoro
036017,Guiglia,https://it.wikipedia.org/wiki/Guiglia
022006,Arco,https://it.wikipedia.org/wiki/Arco_(Italia)
056026,Farnese,https://it.wikipedia.org/wiki/Farnese_(Italia)
017171,San Felice del Benaco,https://it.wikipedia.org/wiki/San_Felice_del_Benaco
017172,San Gervasio Bresciano,https://it.wikipedia.org/wiki/San_Gervasio_Bresciano
058015,Campagnano di Roma,https://it.wikipedia.org/wiki/Campagnano_di_Roma
036018,Lama Mocogno,https://it.wikipedia.org/wiki/Lama_Mocogno
036019,Maranello,https://it.wikipedia.org/wiki/Maranello
083076,Rometta,https://it.wikipedia.org/wiki/Rometta
058016,Canale Monterano,https://it.wikipedia.org/wiki/Canale_Monterano
058017,Canterano,https://it.wikipedia.org/wiki/Canterano
017138,San Paolo,https://it.wikipedia.org/wiki/San_Paolo_(Italia)
017173,San Zeno Naviglio,https://it.wikipedia.org/wiki/San_Zeno_Naviglio
017174,Sarezzo,https://it.wikipedia.org/wiki/Sarezzo
017175,Saviore dell'Adamello,https://it.wikipedia.org/wiki/Saviore_dell%27Adamello
036020,Marano sul Panaro,https://it.wikipedia.org/wiki/Marano_sul_Panaro
036021,Medolla,https://it.wikipedia.org/wiki/Medolla
058018,Capena,https://it.wikipedia.org/wiki/Capena
058019,Capranica Prenestina,https://it.wikipedia.org/wiki/Capranica_Prenestina
087055,Zafferana Etnea,https://it.wikipedia.org/wiki/Zafferana_Etnea
058114,Zagarolo,https://it.wikipedia.org/wiki/Zagarolo
017176,Sellero,https://it.wikipedia.org/wiki/Sellero
017177,Seniga,https://it.wikipedia.org/wiki/Seniga
058020,Carpineto Romano,https://it.wikipedia.org/wiki/Carpineto_Romano
058021,Casape,https://it.wikipedia.org/wiki/Casape
036022,Mirandola,https://it.wikipedia.org/wiki/Mirandola
036024,Montecreto,https://it.wikipedia.org/wiki/Montecreto
049020,Suvereto,https://it.wikipedia.org/wiki/Suvereto
058061,Monteflavio,https://it.wikipedia.org/wiki/Monteflavio
099001,Bellaria-Igea Marina,https://it.wikipedia.org/wiki/Bellaria_Igea_Marina
099021,Casteldelci,https://it.wikipedia.org/wiki/Casteldelci
036025,Montefiorino,https://it.wikipedia.org/wiki/Montefiorino
036026,Montese,https://it.wikipedia.org/wiki/Montese
099002,Cattolica,https://it.wikipedia.org/wiki/Cattolica_(Italia)
099003,Coriano,https://it.wikipedia.org/wiki/Coriano
099004,Gemmano,https://it.wikipedia.org/wiki/Gemmano
099022,Maiolo,https://it.wikipedia.org/wiki/Maiolo
058031,Cineto Romano,https://it.wikipedia.org/wiki/Cineto_Romano
022137,Pellizzano,https://it.wikipedia.org/wiki/Pellizzano
099005,Misano Adriatico,https://it.wikipedia.org/wiki/Misano_Adriatico
099006,Mondaino,https://it.wikipedia.org/wiki/Mondaino
092068,Selargius,https://it.wikipedia.org/wiki/Selargius
012042,Castellanza,https://it.wikipedia.org/wiki/Castellanza
058022,Castel Gandolfo,https://it.wikipedia.org/wiki/Castel_Gandolfo
049001,Bibbona,https://it.wikipedia.org/wiki/Bibbona
058023,Castel Madama,https://it.wikipedia.org/wiki/Castel_Madama
058025,Castel San Pietro Romano,https://it.wikipedia.org/wiki/Castel_San_Pietro_Romano
036027,Nonantola,https://it.wikipedia.org/wiki/Nonantola
049002,Campiglia Marittima,https://it.wikipedia.org/wiki/Campiglia_Marittima
049003,Campo nell'Elba,https://it.wikipedia.org/wiki/Campo_nell%27Elba
036028,Novi di Modena,https://it.wikipedia.org/wiki/Novi_di_Modena
036029,Palagano,https://it.wikipedia.org/wiki/Palagano
099008,Montefiore Conca,https://it.wikipedia.org/wiki/Montefiore_Conca
099009,Montegridolfo,https://it.wikipedia.org/wiki/Montegridolfo
099011,Morciano di Romagna,https://it.wikipedia.org/wiki/Morciano_di_Romagna
099023,Novafeltria,https://it.wikipedia.org/wiki/Novafeltria
058024,Castelnuovo di Porto,https://it.wikipedia.org/wiki/Castelnuovo_di_Porto
058028,Cervara di Roma,https://it.wikipedia.org/wiki/Cervara_di_Roma
049004,Capoliveri,https://it.wikipedia.org/wiki/Capoliveri
049005,Capraia Isola,https://it.wikipedia.org/wiki/Capraia_Isola
036030,Pavullo nel Frignano,https://it.wikipedia.org/wiki/Pavullo_nel_Frignano
036031,Pievepelago,https://it.wikipedia.org/wiki/Pievepelago
099024,Pennabilli,https://it.wikipedia.org/wiki/Pennabilli
099013,Riccione,https://it.wikipedia.org/wiki/Riccione
049006,Castagneto Carducci,https://it.wikipedia.org/wiki/Castagneto_Carducci
049007,Cecina,https://it.wikipedia.org/wiki/Cecina_(comune)
058027,Cerreto Laziale,https://it.wikipedia.org/wiki/Cerreto_Laziale
058029,Cerveteri,https://it.wikipedia.org/wiki/Cerveteri
036032,Polinago,https://it.wikipedia.org/wiki/Polinago
036033,Prignano sulla Secchia,https://it.wikipedia.org/wiki/Prignano_sulla_Secchia
099015,Saludecio,https://it.wikipedia.org/wiki/Saludecio
099016,San Clemente,https://it.wikipedia.org/wiki/San_Clemente_(Italia)
036034,Ravarino,https://it.wikipedia.org/wiki/Ravarino
036035,Riolunato,https://it.wikipedia.org/wiki/Riolunato
058118,Ciampino,https://it.wikipedia.org/wiki/Ciampino
049008,Collesalvetti,https://it.wikipedia.org/wiki/Collesalvetti
049010,Marciana,https://it.wikipedia.org/wiki/Marciana_(Italia)
036036,San Cesario sul Panaro,https://it.wikipedia.org/wiki/San_Cesario_sul_Panaro
036037,San Felice sul Panaro,https://it.wikipedia.org/wiki/San_Felice_sul_Panaro
099017,San Giovanni in Marignano,https://it.wikipedia.org/wiki/San_Giovanni_in_Marignano
099025,San Leo,https://it.wikipedia.org/wiki/San_Leo_(Italia)
049011,Marciana Marina,https://it.wikipedia.org/wiki/Marciana_Marina
058030,Ciciliano,https://it.wikipedia.org/wiki/Ciciliano
058032,Civitavecchia,https://it.wikipedia.org/wiki/Civitavecchia
036041,Savignano sul Panaro,https://it.wikipedia.org/wiki/Savignano_sul_Panaro
036042,Serramazzoni,https://it.wikipedia.org/wiki/Serramazzoni
058033,Civitella San Paolo,https://it.wikipedia.org/wiki/Civitella_San_Paolo
036038,San Possidonio,https://it.wikipedia.org/wiki/San_Possidonio_(Italia)
036039,San Prospero,https://it.wikipedia.org/wiki/San_Prospero_(comune)
058034,Colleferro,https://it.wikipedia.org/wiki/Colleferro
058035,Colonna,https://it.wikipedia.org/wiki/Colonna_(Italia)
049014,Portoferraio,https://it.wikipedia.org/wiki/Portoferraio
049017,Rosignano Marittimo,https://it.wikipedia.org/wiki/Rosignano_Marittimo
049018,San Vincenzo,https://it.wikipedia.org/wiki/San_Vincenzo_(Italia)
049012,Piombino,https://it.wikipedia.org/wiki/Piombino
049013,Porto Azzurro,https://it.wikipedia.org/wiki/Porto_Azzurro
058036,Fiano Romano,https://it.wikipedia.org/wiki/Fiano_Romano
058037,Filacciano,https://it.wikipedia.org/wiki/Filacciano
036043,Sestola,https://it.wikipedia.org/wiki/Sestola
036044,Soliera,https://it.wikipedia.org/wiki/Soliera
099026,Sant'Agata Feltria,https://it.wikipedia.org/wiki/Sant%27Agata_Feltria
099018,Santarcangelo di Romagna,https://it.wikipedia.org/wiki/Santarcangelo_di_Romagna
099027,Talamello,https://it.wikipedia.org/wiki/Talamello
099020,Verucchio,https://it.wikipedia.org/wiki/Verucchio
049019,Sassetta,https://it.wikipedia.org/wiki/Sassetta_(Italia)
056001,Acquapendente,https://it.wikipedia.org/wiki/Acquapendente
036045,Spilamberto,https://it.wikipedia.org/wiki/Spilamberto
036046,Vignola,https://it.wikipedia.org/wiki/Vignola
058122,Fonte Nuova,https://it.wikipedia.org/wiki/Fonte_Nuova
058038,Formello,https://it.wikipedia.org/wiki/Formello
056002,Arlena di Castro,https://it.wikipedia.org/wiki/Arlena_di_Castro
056003,Bagnoregio,https://it.wikipedia.org/wiki/Bagnoregio
017178,Serle,https://it.wikipedia.org/wiki/Serle
058040,Gallicano nel Lazio,https://it.wikipedia.org/wiki/Gallicano_nel_Lazio
058041,Gavignano,https://it.wikipedia.org/wiki/Gavignano_(Italia)
016043,Calcinate,https://it.wikipedia.org/wiki/Calcinate
036047,Zocca,https://it.wikipedia.org/wiki/Zocca
058042,Genazzano,https://it.wikipedia.org/wiki/Genazzano
058043,Genzano di Roma,https://it.wikipedia.org/wiki/Genzano_di_Roma
016044,Calcio,https://it.wikipedia.org/wiki/Calcio_(Italia)
016046,Calusco d'Adda,https://it.wikipedia.org/wiki/Calusco_d%27Adda
017179,Sirmione,https://it.wikipedia.org/wiki/Sirmione
017180,Soiano del Lago,https://it.wikipedia.org/wiki/Soiano_del_Lago
058044,Gerano,https://it.wikipedia.org/wiki/Gerano
056004,Barbarano Romano,https://it.wikipedia.org/wiki/Barbarano_Romano
056005,Bassano Romano,https://it.wikipedia.org/wiki/Bassano_Romano
017181,Sonico,https://it.wikipedia.org/wiki/Sonico_(Italia)
017182,Sulzano,https://it.wikipedia.org/wiki/Sulzano
016047,Calvenzano,https://it.wikipedia.org/wiki/Calvenzano
016048,Camerata Cornello,https://it.wikipedia.org/wiki/Camerata_Cornello
056006,Bassano in Teverina,https://it.wikipedia.org/wiki/Bassano_in_Teverina
058045,Gorga,https://it.wikipedia.org/wiki/Gorga_(Italia)
058046,Grottaferrata,https://it.wikipedia.org/wiki/Grottaferrata
016049,Canonica d'Adda,https://it.wikipedia.org/wiki/Canonica_d%27Adda
016050,Capizzone,https://it.wikipedia.org/wiki/Capizzone
017183,Tavernole sul Mella,https://it.wikipedia.org/wiki/Tavernole_sul_Mella
017184,Temù,https://it.wikipedia.org/wiki/Tem%C3%B9
016051,Capriate San Gervasio,https://it.wikipedia.org/wiki/Capriate_San_Gervasio
016052,Caprino Bergamasco,https://it.wikipedia.org/wiki/Caprino_Bergamasco
058104,Tivoli,https://it.wikipedia.org/wiki/Tivoli
056007,Blera,https://it.wikipedia.org/wiki/Blera
017185,Tignale,https://it.wikipedia.org/wiki/Tignale
017186,Torbole Casaglia,https://it.wikipedia.org/wiki/Torbole_Casaglia
056008,Bolsena,https://it.wikipedia.org/wiki/Bolsena
058048,Jenne,https://it.wikipedia.org/wiki/Jenne
058049,Labico,https://it.wikipedia.org/wiki/Labico
016053,Caravaggio,https://it.wikipedia.org/wiki/Caravaggio_(Italia)
017187,Toscolano Maderno,https://it.wikipedia.org/wiki/Toscolano_Maderno
017188,Travagliato,https://it.wikipedia.org/wiki/Travagliato
056009,Bomarzo,https://it.wikipedia.org/wiki/Bomarzo
056010,Calcata,https://it.wikipedia.org/wiki/Calcata
016055,Carobbio degli Angeli,https://it.wikipedia.org/wiki/Carobbio_degli_Angeli
016056,Carona,https://it.wikipedia.org/wiki/Carona
056011,Canepina,https://it.wikipedia.org/wiki/Canepina
056012,Canino,https://it.wikipedia.org/wiki/Canino_(Italia)
058116,Ladispoli,https://it.wikipedia.org/wiki/Ladispoli
058050,Lanuvio,https://it.wikipedia.org/wiki/Lanuvio
016057,Carvico,https://it.wikipedia.org/wiki/Carvico
016058,Casazza,https://it.wikipedia.org/wiki/Casazza
017190,Trenzano,https://it.wikipedia.org/wiki/Trenzano
017191,Treviso Bresciano,https://it.wikipedia.org/wiki/Treviso_Bresciano
058115,Lariano,https://it.wikipedia.org/wiki/Lariano
058051,Licenza,https://it.wikipedia.org/wiki/Licenza_(Italia)
058052,Magliano Romano,https://it.wikipedia.org/wiki/Magliano_Romano
056013,Capodimonte,https://it.wikipedia.org/wiki/Capodimonte_(comune)
056014,Capranica,https://it.wikipedia.org/wiki/Capranica
017192,Urago d'Oglio,https://it.wikipedia.org/wiki/Urago_d%27Oglio
017193,Vallio Terme,https://it.wikipedia.org/wiki/Vallio_Terme
016059,Casirate d'Adda,https://it.wikipedia.org/wiki/Casirate_d%27Adda
016060,Casnigo,https://it.wikipedia.org/wiki/Casnigo
058053,Mandela,https://it.wikipedia.org/wiki/Mandela_(Italia)
058054,Manziana,https://it.wikipedia.org/wiki/Manziana
017194,Valvestino,https://it.wikipedia.org/wiki/Valvestino
017195,Verolanuova,https://it.wikipedia.org/wiki/Verolanuova
056015,Caprarola,https://it.wikipedia.org/wiki/Caprarola
056016,Carbognano,https://it.wikipedia.org/wiki/Carbognano
058055,Marano Equo,https://it.wikipedia.org/wiki/Marano_Equo
058056,Marcellina,https://it.wikipedia.org/wiki/Marcellina_(Italia)
056017,Castel Sant'Elia,https://it.wikipedia.org/wiki/Castel_Sant%27Elia
056018,Castiglione in Teverina,https://it.wikipedia.org/wiki/Castiglione_in_Teverina
016061,Cassiglio,https://it.wikipedia.org/wiki/Cassiglio
016063,Castel Rozzone,https://it.wikipedia.org/wiki/Castel_Rozzone
017196,Verolavecchia,https://it.wikipedia.org/wiki/Verolavecchia
017197,Vestone,https://it.wikipedia.org/wiki/Vestone
016062,Castelli Calepio,https://it.wikipedia.org/wiki/Castelli_Calepio
016064,Castione della Presolana,https://it.wikipedia.org/wiki/Castione_della_Presolana
011027,Sarzana,https://it.wikipedia.org/wiki/Sarzana
056019,Celleno,https://it.wikipedia.org/wiki/Celleno
058057,Marino,https://it.wikipedia.org/wiki/Marino_(Italia)
017199,Villa Carcina,https://it.wikipedia.org/wiki/Villa_Carcina
017200,Villachiara,https://it.wikipedia.org/wiki/Villachiara
017201,Villanuova sul Clisi,https://it.wikipedia.org/wiki/Villanuova_sul_Clisi
016065,Castro,https://it.wikipedia.org/wiki/Castro_(Lombardia)
016066,Cavernago,https://it.wikipedia.org/wiki/Cavernago
056020,Cellere,https://it.wikipedia.org/wiki/Cellere
058058,Mazzano Romano,https://it.wikipedia.org/wiki/Mazzano_Romano
058059,Mentana,https://it.wikipedia.org/wiki/Mentana
016067,Cazzano Sant'Andrea,https://it.wikipedia.org/wiki/Cazzano_Sant%27Andrea
016068,Cenate Sopra,https://it.wikipedia.org/wiki/Cenate_Sopra
017202,Vione,https://it.wikipedia.org/wiki/Vione
017203,Visano,https://it.wikipedia.org/wiki/Visano
056021,Civita Castellana,https://it.wikipedia.org/wiki/Civita_Castellana
056022,Civitella d'Agliano,https://it.wikipedia.org/wiki/Civitella_d%27Agliano
058060,Monte Compatri,https://it.wikipedia.org/wiki/Monte_Compatri
058064,Monte Porzio Catone,https://it.wikipedia.org/wiki/Monte_Porzio_Catone
016069,Cenate Sotto,https://it.wikipedia.org/wiki/Cenate_Sotto
016070,Cene,https://it.wikipedia.org/wiki/Cene
058062,Montelanico,https://it.wikipedia.org/wiki/Montelanico
058063,Montelibretti,https://it.wikipedia.org/wiki/Montelibretti
017204,Vobarno,https://it.wikipedia.org/wiki/Vobarno
017205,Zone,https://it.wikipedia.org/wiki/Zone
016071,Cerete,https://it.wikipedia.org/wiki/Cerete
016072,Chignolo d'Isola,https://it.wikipedia.org/wiki/Chignolo_d%27Isola
056023,Corchiano,https://it.wikipedia.org/wiki/Corchiano
056024,Fabrica di Roma,https://it.wikipedia.org/wiki/Fabrica_di_Roma
060001,Acquafondata,https://it.wikipedia.org/wiki/Acquafondata
058065,Monterotondo,https://it.wikipedia.org/wiki/Monterotondo
058066,Montorio Romano,https://it.wikipedia.org/wiki/Montorio_Romano
016073,Chiuduno,https://it.wikipedia.org/wiki/Chiuduno
016074,Cisano Bergamasco,https://it.wikipedia.org/wiki/Cisano_Bergamasco
056025,Faleria,https://it.wikipedia.org/wiki/Faleria
056027,Gallese,https://it.wikipedia.org/wiki/Gallese_(Italia)
060002,Acuto,https://it.wikipedia.org/wiki/Acuto_(Italia)
060004,Alvito,https://it.wikipedia.org/wiki/Alvito_(Italia)
058067,Moricone,https://it.wikipedia.org/wiki/Moricone
058068,Morlupo,https://it.wikipedia.org/wiki/Morlupo
056028,Gradoli,https://it.wikipedia.org/wiki/Gradoli
056029,Graffignano,https://it.wikipedia.org/wiki/Graffignano
016075,Ciserano,https://it.wikipedia.org/wiki/Ciserano
016076,Cividate al Piano,https://it.wikipedia.org/wiki/Cividate_al_Piano
058069,Nazzano,https://it.wikipedia.org/wiki/Nazzano
056030,Grotte di Castro,https://it.wikipedia.org/wiki/Grotte_di_Castro
019007,Bordolano,https://it.wikipedia.org/wiki/Bordolano
060005,Amaseno,https://it.wikipedia.org/wiki/Amaseno
060006,Anagni,https://it.wikipedia.org/wiki/Anagni
058070,Nemi,https://it.wikipedia.org/wiki/Nemi
058071,Nerola,https://it.wikipedia.org/wiki/Nerola
016077,Clusone,https://it.wikipedia.org/wiki/Clusone
016078,Colere,https://it.wikipedia.org/wiki/Colere
016079,Cologno al Serio,https://it.wikipedia.org/wiki/Cologno_al_Serio
016080,Colzate,https://it.wikipedia.org/wiki/Colzate
060007,Aquino,https://it.wikipedia.org/wiki/Aquino
060008,Arce,https://it.wikipedia.org/wiki/Arce_(Italia)
016081,Comun Nuovo,https://it.wikipedia.org/wiki/Comun_Nuovo
016082,Corna Imagna,https://it.wikipedia.org/wiki/Corna_Imagna
060009,Arnara,https://it.wikipedia.org/wiki/Arnara
016249,Cornalba,https://it.wikipedia.org/wiki/Cornalba
016083,Cortenuova,https://it.wikipedia.org/wiki/Cortenuova
016085,Costa Valle Imagna,https://it.wikipedia.org/wiki/Costa_Valle_Imagna
016086,Costa Volpino,https://it.wikipedia.org/wiki/Costa_Volpino
060010,Arpino,https://it.wikipedia.org/wiki/Arpino
060011,Atina,https://it.wikipedia.org/wiki/Atina
058072,Nettuno,https://it.wikipedia.org/wiki/Nettuno_(Italia)
058073,Olevano Romano,https://it.wikipedia.org/wiki/Olevano_Romano
112001,Alghero,https://it.wikipedia.org/wiki/Alghero
016084,Costa di Mezzate,https://it.wikipedia.org/wiki/Costa_di_Mezzate
016247,Costa Serina,https://it.wikipedia.org/wiki/Costa_Serina
060012,Ausonia,https://it.wikipedia.org/wiki/Ausonia_(Italia)
060013,Belmonte Castello,https://it.wikipedia.org/wiki/Belmonte_Castello
060016,Campoli Appennino,https://it.wikipedia.org/wiki/Campoli_Appennino
060017,Casalattico,https://it.wikipedia.org/wiki/Casalattico
060014,Boville Ernica,https://it.wikipedia.org/wiki/Boville_Ernica
060015,Broccostella,https://it.wikipedia.org/wiki/Broccostella
019066,Palazzo Pignano,https://it.wikipedia.org/wiki/Palazzo_Pignano
019099,Sospiro,https://it.wikipedia.org/wiki/Sospiro_(Italia)
058074,Palestrina,https://it.wikipedia.org/wiki/Palestrina
016087,Covo,https://it.wikipedia.org/wiki/Covo
016089,Curno,https://it.wikipedia.org/wiki/Curno
058075,Palombara Sabina,https://it.wikipedia.org/wiki/Palombara_Sabina
058076,Percile,https://it.wikipedia.org/wiki/Percile
097020,Cernusco Lombardone,https://it.wikipedia.org/wiki/Cernusco_Lombardone
097061,Osnago,https://it.wikipedia.org/wiki/Osnago
016090,Cusio,https://it.wikipedia.org/wiki/Cusio_(comune)
034001,Albareto,https://it.wikipedia.org/wiki/Albareto
009037,Massimino,https://it.wikipedia.org/wiki/Massimino_(Italia)
098011,Caselle Landi,https://it.wikipedia.org/wiki/Caselle_Landi
060018,Casalvieri,https://it.wikipedia.org/wiki/Casalvieri
060019,Cassino,https://it.wikipedia.org/wiki/Cassino
058077,Pisoniano,https://it.wikipedia.org/wiki/Pisoniano
058078,Poli,https://it.wikipedia.org/wiki/Poli_(Italia)
034002,Bardi,https://it.wikipedia.org/wiki/Bardi_(Italia)
034003,Bedonia,https://it.wikipedia.org/wiki/Bedonia
098033,Maccastorna,https://it.wikipedia.org/wiki/Maccastorna
060020,Castelliri,https://it.wikipedia.org/wiki/Castelliri
034004,Berceto,https://it.wikipedia.org/wiki/Berceto
034005,Bore,https://it.wikipedia.org/wiki/Bore
034006,Borgo Val di Taro,https://it.wikipedia.org/wiki/Borgo_Val_di_Taro
115001,Abbasanta,https://it.wikipedia.org/wiki/Abbasanta
022179,Spiazzo,https://it.wikipedia.org/wiki/Spiazzo
060021,Castelnuovo Parano,https://it.wikipedia.org/wiki/Castelnuovo_Parano
060023,Castro dei Volsci,https://it.wikipedia.org/wiki/Castro_dei_Volsci
034007,Busseto,https://it.wikipedia.org/wiki/Busseto
060022,Castrocielo,https://it.wikipedia.org/wiki/Castrocielo
060024,Ceccano,https://it.wikipedia.org/wiki/Ceccano
034008,Calestano,https://it.wikipedia.org/wiki/Calestano
034009,Collecchio,https://it.wikipedia.org/wiki/Collecchio
053005,Castell'Azzara,https://it.wikipedia.org/wiki/Castell%27Azzara
089006,Carlentini,https://it.wikipedia.org/wiki/Carlentini
034010,Colorno,https://it.wikipedia.org/wiki/Colorno
034011,Compiano,https://it.wikipedia.org/wiki/Compiano
022180,Spormaggiore,https://it.wikipedia.org/wiki/Spormaggiore
084003,Aragona,https://it.wikipedia.org/wiki/Aragona_(Italia)
060025,Ceprano,https://it.wikipedia.org/wiki/Ceprano
060026,Cervaro,https://it.wikipedia.org/wiki/Cervaro_(comune)
034012,Corniglio,https://it.wikipedia.org/wiki/Corniglio
034013,Felino,https://it.wikipedia.org/wiki/Felino_(Italia)
022181,Sporminore,https://it.wikipedia.org/wiki/Sporminore
022182,Stenico,https://it.wikipedia.org/wiki/Stenico
060027,Colfelice,https://it.wikipedia.org/wiki/Colfelice
060029,Colle San Magno,https://it.wikipedia.org/wiki/Colle_San_Magno
079002,Albi,https://it.wikipedia.org/wiki/Albi_(Italia)
078001,Acquaformosa,https://it.wikipedia.org/wiki/Acquaformosa
078002,Acquappesa,https://it.wikipedia.org/wiki/Acquappesa
078003,Acri,https://it.wikipedia.org/wiki/Acri_(Italia)
022184,Strembo,https://it.wikipedia.org/wiki/Strembo
022188,Telve,https://it.wikipedia.org/wiki/Telve
060028,Collepardo,https://it.wikipedia.org/wiki/Collepardo
060030,Coreno Ausonio,https://it.wikipedia.org/wiki/Coreno_Ausonio
085010,Milena,https://it.wikipedia.org/wiki/Milena_(Italia)
022127,Nogaredo,https://it.wikipedia.org/wiki/Nogaredo
060031,Esperia,https://it.wikipedia.org/wiki/Esperia_(Italia)
060032,Falvaterra,https://it.wikipedia.org/wiki/Falvaterra
060034,Filettino,https://it.wikipedia.org/wiki/Filettino
060035,Fiuggi,https://it.wikipedia.org/wiki/Fiuggi
078004,Aiello Calabro,https://it.wikipedia.org/wiki/Aiello_Calabro
078005,Aieta,https://it.wikipedia.org/wiki/Aieta
022189,Telve di Sopra,https://it.wikipedia.org/wiki/Telve_di_Sopra
022190,Tenna,https://it.wikipedia.org/wiki/Tenna_(comune)
078006,Albidona,https://it.wikipedia.org/wiki/Albidona
078007,Alessandria del Carretto,https://it.wikipedia.org/wiki/Alessandria_del_Carretto
056031,Ischia di Castro,https://it.wikipedia.org/wiki/Ischia_di_Castro
056033,Lubriano,https://it.wikipedia.org/wiki/Lubriano
056034,Marta,https://it.wikipedia.org/wiki/Marta_(Italia)
056035,Montalto di Castro,https://it.wikipedia.org/wiki/Montalto_di_Castro
078008,Altilia,https://it.wikipedia.org/wiki/Altilia
078009,Altomonte,https://it.wikipedia.org/wiki/Altomonte
060036,Fontana Liri,https://it.wikipedia.org/wiki/Fontana_Liri
060037,Fontechiari,https://it.wikipedia.org/wiki/Fontechiari
022191,Tenno,https://it.wikipedia.org/wiki/Tenno
022193,Terragnolo,https://it.wikipedia.org/wiki/Terragnolo
056037,Monte Romano,https://it.wikipedia.org/wiki/Monte_Romano
056036,Montefiascone,https://it.wikipedia.org/wiki/Montefiascone
060039,Fumone,https://it.wikipedia.org/wiki/Fumone
060040,Gallinaro,https://it.wikipedia.org/wiki/Gallinaro
060041,Giuliano di Roma,https://it.wikipedia.org/wiki/Giuliano_di_Roma
060042,Guarcino,https://it.wikipedia.org/wiki/Guarcino
078010,Amantea,https://it.wikipedia.org/wiki/Amantea
078011,Amendolara,https://it.wikipedia.org/wiki/Amendolara
056038,Monterosi,https://it.wikipedia.org/wiki/Monterosi
056039,Nepi,https://it.wikipedia.org/wiki/Nepi
078012,Aprigliano,https://it.wikipedia.org/wiki/Aprigliano
078013,Belmonte Calabro,https://it.wikipedia.org/wiki/Belmonte_Calabro
060043,Isola del Liri,https://it.wikipedia.org/wiki/Isola_del_Liri
022195,Terzolas,https://it.wikipedia.org/wiki/Terzolas
022196,Tesero,https://it.wikipedia.org/wiki/Tesero
056040,Onano,https://it.wikipedia.org/wiki/Onano
056041,Oriolo Romano,https://it.wikipedia.org/wiki/Oriolo_Romano
078014,Belsito,https://it.wikipedia.org/wiki/Belsito
078015,Belvedere Marittimo,https://it.wikipedia.org/wiki/Belvedere_Marittimo
022199,Tione di Trento,https://it.wikipedia.org/wiki/Tione_di_Trento
022200,Ton,https://it.wikipedia.org/wiki/Ton
060044,Monte San Giovanni Campano,https://it.wikipedia.org/wiki/Monte_San_Giovanni_Campano
060045,Morolo,https://it.wikipedia.org/wiki/Morolo
060046,Paliano,https://it.wikipedia.org/wiki/Paliano
060047,Pastena,https://it.wikipedia.org/wiki/Pastena
078016,Bianchi,https://it.wikipedia.org/wiki/Bianchi_(Italia)
078017,Bisignano,https://it.wikipedia.org/wiki/Bisignano
056042,Orte,https://it.wikipedia.org/wiki/Orte
060048,Patrica,https://it.wikipedia.org/wiki/Patrica
060049,Pescosolido,https://it.wikipedia.org/wiki/Pescosolido
078020,Buonvicino,https://it.wikipedia.org/wiki/Buonvicino
078021,Calopezzati,https://it.wikipedia.org/wiki/Calopezzati
078022,Caloveto,https://it.wikipedia.org/wiki/Caloveto
070033,Lucito,https://it.wikipedia.org/wiki/Lucito
070034,Lupara,https://it.wikipedia.org/wiki/Lupara_(Italia)
078018,Bocchigliero,https://it.wikipedia.org/wiki/Bocchigliero
078019,Bonifati,https://it.wikipedia.org/wiki/Bonifati
022202,Torcegno,https://it.wikipedia.org/wiki/Torcegno
022203,Trambileno,https://it.wikipedia.org/wiki/Trambileno
078023,Campana,https://it.wikipedia.org/wiki/Campana_(comune_italiano)
078024,Canna,https://it.wikipedia.org/wiki/Canna_(Italia)
022209,Valfloriana,https://it.wikipedia.org/wiki/Valfloriana
022210,Vallarsa,https://it.wikipedia.org/wiki/Vallarsa
060050,Picinisco,https://it.wikipedia.org/wiki/Picinisco
060051,Pico,https://it.wikipedia.org/wiki/Pico_(Italia)
092075,Settimo San Pietro,https://it.wikipedia.org/wiki/Settimo_San_Pietro
095043,Riola Sardo,https://it.wikipedia.org/wiki/Riola_Sardo
078025,Cariati,https://it.wikipedia.org/wiki/Cariati
078026,Carolei,https://it.wikipedia.org/wiki/Carolei
022213,Vermiglio,https://it.wikipedia.org/wiki/Vermiglio_(Italia)
022222,Villa Lagarina,https://it.wikipedia.org/wiki/Villa_Lagarina
060052,Piedimonte San Germano,https://it.wikipedia.org/wiki/Piedimonte_San_Germano
060053,Piglio,https://it.wikipedia.org/wiki/Piglio
022047,Castello-Molina di Fiemme,https://it.wikipedia.org/wiki/Castello-Molina_di_Fiemme
056043,Piansano,https://it.wikipedia.org/wiki/Piansano
078029,Cassano all'Ionio,https://it.wikipedia.org/wiki/Cassano_all%27Ionio
078030,Castiglione Cosentino,https://it.wikipedia.org/wiki/Castiglione_Cosentino
078031,Castrolibero,https://it.wikipedia.org/wiki/Castrolibero
078032,Castroregio,https://it.wikipedia.org/wiki/Castroregio
022224,Volano,https://it.wikipedia.org/wiki/Volano_(Italia)
084024,Montallegro,https://it.wikipedia.org/wiki/Montallegro
056044,Proceno,https://it.wikipedia.org/wiki/Proceno
056045,Ronciglione,https://it.wikipedia.org/wiki/Ronciglione
060054,Pignataro Interamna,https://it.wikipedia.org/wiki/Pignataro_Interamna
060055,Pofi,https://it.wikipedia.org/wiki/Pofi
084014,Cattolica Eraclea,https://it.wikipedia.org/wiki/Cattolica_Eraclea
113020,Palau,https://it.wikipedia.org/wiki/Palau_(Italia)
078033,Castrovillari,https://it.wikipedia.org/wiki/Castrovillari
078034,Celico,https://it.wikipedia.org/wiki/Celico
060056,Pontecorvo,https://it.wikipedia.org/wiki/Pontecorvo
060057,Posta Fibreno,https://it.wikipedia.org/wiki/Posta_Fibreno
021006,Badia,https://it.wikipedia.org/wiki/Badia_(Italia)
084013,Castrofilippo,https://it.wikipedia.org/wiki/Castrofilippo
060058,Ripi,https://it.wikipedia.org/wiki/Ripi
060059,Rocca d'Arce,https://it.wikipedia.org/wiki/Rocca_d%27Arce
058026,Cave,https://it.wikipedia.org/wiki/Cave_(Italia)
056047,San Lorenzo Nuovo,https://it.wikipedia.org/wiki/San_Lorenzo_Nuovo
078037,Cerisano,https://it.wikipedia.org/wiki/Cerisano
078038,Cervicati,https://it.wikipedia.org/wiki/Cervicati
078035,Cellara,https://it.wikipedia.org/wiki/Cellara
078036,Cerchiara di Calabria,https://it.wikipedia.org/wiki/Cerchiara_di_Calabria
056048,Soriano nel Cimino,https://it.wikipedia.org/wiki/Soriano_nel_Cimino
056049,Sutri,https://it.wikipedia.org/wiki/Sutri
078039,Cerzeto,https://it.wikipedia.org/wiki/Cerzeto
078040,Cetraro,https://it.wikipedia.org/wiki/Cetraro
083058,Motta Camastra,https://it.wikipedia.org/wiki/Motta_Camastra
091002,Arzana,https://it.wikipedia.org/wiki/Arzana
111018,Escalaplano,https://it.wikipedia.org/wiki/Escalaplano
060060,Roccasecca,https://it.wikipedia.org/wiki/Roccasecca
060061,San Biagio Saracinisco,https://it.wikipedia.org/wiki/San_Biagio_Saracinisco
091005,Bari Sardo,https://it.wikipedia.org/wiki/Bari_Sardo
091006,Baunei,https://it.wikipedia.org/wiki/Baunei
091103,Cardedu,https://it.wikipedia.org/wiki/Cardedu
060062,San Donato Val di Comino,https://it.wikipedia.org/wiki/San_Donato_Val_di_Comino
060063,San Giorgio a Liri,https://it.wikipedia.org/wiki/San_Giorgio_a_Liri
078041,Civita,https://it.wikipedia.org/wiki/Civita_(Italia)
078042,Cleto,https://it.wikipedia.org/wiki/Cleto_(Italia)
091019,Elini,https://it.wikipedia.org/wiki/Elini
091026,Gairo,https://it.wikipedia.org/wiki/Gairo
078043,Colosimi,https://it.wikipedia.org/wiki/Colosimi
078046,Cropalati,https://it.wikipedia.org/wiki/Cropalati
056050,Tarquinia,https://it.wikipedia.org/wiki/Tarquinia
056051,Tessennano,https://it.wikipedia.org/wiki/Tessennano
116007,Girasole,https://it.wikipedia.org/wiki/Girasole_(Italia)
056052,Tuscania,https://it.wikipedia.org/wiki/Tuscania
021096,Terento,https://it.wikipedia.org/wiki/Terento
060064,San Giovanni Incarico,https://it.wikipedia.org/wiki/San_Giovanni_Incarico
060070,San Vittore del Lazio,https://it.wikipedia.org/wiki/San_Vittore_del_Lazio
116008,Ilbono,https://it.wikipedia.org/wiki/Ilbono
116009,Jerzu,https://it.wikipedia.org/wiki/Jerzu
078047,Crosia,https://it.wikipedia.org/wiki/Crosia
078048,Diamante,https://it.wikipedia.org/wiki/Diamante_(Italia)
021091,Senales,https://it.wikipedia.org/wiki/Senales
078049,Dipignano,https://it.wikipedia.org/wiki/Dipignano
078050,Domanico,https://it.wikipedia.org/wiki/Domanico
060065,Sant'Ambrogio sul Garigliano,https://it.wikipedia.org/wiki/Sant%27Ambrogio_sul_Garigliano
091039,Loceri,https://it.wikipedia.org/wiki/Loceri
078051,Fagnano Castello,https://it.wikipedia.org/wiki/Fagnano_Castello
078052,Falconara Albanese,https://it.wikipedia.org/wiki/Falconara_Albanese
021105,Vadena,https://it.wikipedia.org/wiki/Vadena
021116,Velturno,https://it.wikipedia.org/wiki/Velturno
060066,Sant'Andrea del Garigliano,https://it.wikipedia.org/wiki/Sant%27Andrea_del_Garigliano
060067,Sant'Apollinare,https://it.wikipedia.org/wiki/Sant%27Apollinare_(Italia)
060068,Sant'Elia Fiumerapido,https://it.wikipedia.org/wiki/Sant%27Elia_Fiumerapido
078053,Figline Vegliaturo,https://it.wikipedia.org/wiki/Figline_Vegliaturo
078054,Firmo,https://it.wikipedia.org/wiki/Firmo_(Italia)
006187,Visone,https://it.wikipedia.org/wiki/Visone_(Italia)
082001,Alia,https://it.wikipedia.org/wiki/Alia_(Italia)
060069,Santopadre,https://it.wikipedia.org/wiki/Santopadre
091042,Lotzorai,https://it.wikipedia.org/wiki/Lotzorai
091069,Osini,https://it.wikipedia.org/wiki/Osini
078055,Fiumefreddo Bruzio,https://it.wikipedia.org/wiki/Fiumefreddo_Bruzio
078056,Francavilla Marittima,https://it.wikipedia.org/wiki/Francavilla_Marittima
082036,Gangi,https://it.wikipedia.org/wiki/Gangi
082039,Giuliana,https://it.wikipedia.org/wiki/Giuliana
060071,Serrone,https://it.wikipedia.org/wiki/Serrone
060072,Settefrati,https://it.wikipedia.org/wiki/Settefrati
078057,Frascineto,https://it.wikipedia.org/wiki/Frascineto
078058,Fuscaldo,https://it.wikipedia.org/wiki/Fuscaldo
091072,Perdasdefogu,https://it.wikipedia.org/wiki/Perdasdefogu
111081,Seui,https://it.wikipedia.org/wiki/Seui
078059,Grimaldi,https://it.wikipedia.org/wiki/Grimaldi_(Italia)
078060,Grisolia,https://it.wikipedia.org/wiki/Grisolia
082058,Polizzi Generosa,https://it.wikipedia.org/wiki/Polizzi_Generosa
089008,Ferla,https://it.wikipedia.org/wiki/Ferla
091088,Talana,https://it.wikipedia.org/wiki/Talana
060073,Sgurgola,https://it.wikipedia.org/wiki/Sgurgola
080030,Cosoleto,https://it.wikipedia.org/wiki/Cosoleto
078061,Guardia Piemontese,https://it.wikipedia.org/wiki/Guardia_Piemontese
078062,Lago,https://it.wikipedia.org/wiki/Lago_(Italia)
091089,Tertenia,https://it.wikipedia.org/wiki/Tertenia
091097,Triei,https://it.wikipedia.org/wiki/Triei
080031,Delianuova,https://it.wikipedia.org/wiki/Delianuova
080032,Feroleto della Chiesa,https://it.wikipedia.org/wiki/Feroleto_della_Chiesa
091098,Ulassai,https://it.wikipedia.org/wiki/Ulassai
080033,Ferruzzano,https://it.wikipedia.org/wiki/Ferruzzano
080034,Fiumara,https://it.wikipedia.org/wiki/Fiumara_(comune)
078063,Laino Borgo,https://it.wikipedia.org/wiki/Laino_Borgo
078064,Laino Castello,https://it.wikipedia.org/wiki/Laino_Castello
021080,San Leonardo in Passiria,https://it.wikipedia.org/wiki/San_Leonardo_in_Passiria
021081,San Lorenzo di Sebato,https://it.wikipedia.org/wiki/San_Lorenzo_di_Sebato
091099,Urzulei,https://it.wikipedia.org/wiki/Urzulei
091100,Ussassai,https://it.wikipedia.org/wiki/Ussassai
078065,Lappano,https://it.wikipedia.org/wiki/Lappano
078066,Lattarico,https://it.wikipedia.org/wiki/Lattarico
080035,Galatro,https://it.wikipedia.org/wiki/Galatro
080036,Gerace,https://it.wikipedia.org/wiki/Gerace
078067,Longobardi,https://it.wikipedia.org/wiki/Longobardi_(Italia)
078068,Longobucco,https://it.wikipedia.org/wiki/Longobucco
078069,Lungro,https://it.wikipedia.org/wiki/Lungro
021083,San Martino in Passiria,https://it.wikipedia.org/wiki/San_Martino_in_Passiria
021101,Tirolo,https://it.wikipedia.org/wiki/Tirolo_(comune)
113001,Aggius,https://it.wikipedia.org/wiki/Aggius
091101,Villagrande Strisaili,https://it.wikipedia.org/wiki/Villagrande_Strisaili
080037,Giffone,https://it.wikipedia.org/wiki/Giffone
080038,Gioia Tauro,https://it.wikipedia.org/wiki/Gioia_Tauro
078070,Luzzi,https://it.wikipedia.org/wiki/Luzzi
078071,Maierà,https://it.wikipedia.org/wiki/Maier%C3%A0
113002,Aglientu,https://it.wikipedia.org/wiki/Aglientu
080039,Gioiosa Ionica,https://it.wikipedia.org/wiki/Gioiosa_Ionica
080040,Grotteria,https://it.wikipedia.org/wiki/Grotteria
078072,Malito,https://it.wikipedia.org/wiki/Malito
078073,Malvito,https://it.wikipedia.org/wiki/Malvito
113003,Alà dei Sardi,https://it.wikipedia.org/wiki/Al%C3%A0_dei_Sardi
113005,Badesi,https://it.wikipedia.org/wiki/Badesi
021084,San Pancrazio,https://it.wikipedia.org/wiki/San_Pancrazio_(Italia)
021085,Santa Cristina Valgardena,https://it.wikipedia.org/wiki/Santa_Cristina_Valgardena
080041,Laganadi,https://it.wikipedia.org/wiki/Laganadi
080042,Laureana di Borrello,https://it.wikipedia.org/wiki/Laureana_di_Borrello
078074,Mandatoriccio,https://it.wikipedia.org/wiki/Mandatoriccio
078075,Mangone,https://it.wikipedia.org/wiki/Mangone
021087,Scena,https://it.wikipedia.org/wiki/Scena_(Italia)
021088,Selva dei Molini,https://it.wikipedia.org/wiki/Selva_dei_Molini
113006,Berchidda,https://it.wikipedia.org/wiki/Berchidda
080043,Locri,https://it.wikipedia.org/wiki/Locri
080044,Mammola,https://it.wikipedia.org/wiki/Mammola_(Italia)
078076,Marano Marchesato,https://it.wikipedia.org/wiki/Marano_Marchesato
078077,Marano Principato,https://it.wikipedia.org/wiki/Marano_Principato
113007,Bortigiadas,https://it.wikipedia.org/wiki/Bortigiadas
113008,Buddusò,https://it.wikipedia.org/wiki/Buddus%C3%B2
080045,Marina di Gioiosa Ionica,https://it.wikipedia.org/wiki/Marina_di_Gioiosa_Ionica
080046,Maropati,https://it.wikipedia.org/wiki/Maropati
078078,Marzi,https://it.wikipedia.org/wiki/Marzi
078079,Mendicino,https://it.wikipedia.org/wiki/Mendicino
021099,Tesimo,https://it.wikipedia.org/wiki/Tesimo
021100,Tires,https://it.wikipedia.org/wiki/Tires
113009,Budoni,https://it.wikipedia.org/wiki/Budoni
080047,Martone,https://it.wikipedia.org/wiki/Martone
080049,Melicucco,https://it.wikipedia.org/wiki/Melicucco
021102,Trodena nel parco naturale,https://it.wikipedia.org/wiki/Trodena_nel_parco_naturale
021103,Tubre,https://it.wikipedia.org/wiki/Tubre
113010,Calangianus,https://it.wikipedia.org/wiki/Calangianus
113011,Golfo Aranci,https://it.wikipedia.org/wiki/Golfo_Aranci
080048,Melicuccà,https://it.wikipedia.org/wiki/Melicucc%C3%A0
080050,Melito di Porto Salvo,https://it.wikipedia.org/wiki/Melito_di_Porto_Salvo
078080,Mongrassano,https://it.wikipedia.org/wiki/Mongrassano
078081,Montalto Uffugo,https://it.wikipedia.org/wiki/Montalto_Uffugo
078082,Montegiordano,https://it.wikipedia.org/wiki/Montegiordano
078083,Morano Calabro,https://it.wikipedia.org/wiki/Morano_Calabro
080051,Molochio,https://it.wikipedia.org/wiki/Molochio
080052,Monasterace,https://it.wikipedia.org/wiki/Monasterace
080053,Montebello Jonico,https://it.wikipedia.org/wiki/Montebello_Jonico
080054,Motta San Giovanni,https://it.wikipedia.org/wiki/Motta_San_Giovanni
113013,Loiri Porto San Paolo,https://it.wikipedia.org/wiki/Loiri_Porto_San_Paolo
113014,Luogosanto,https://it.wikipedia.org/wiki/Luogosanto
021111,Varna,https://it.wikipedia.org/wiki/Varna_(Italia)
021113,Villabassa,https://it.wikipedia.org/wiki/Villabassa
080055,Oppido Mamertina,https://it.wikipedia.org/wiki/Oppido_Mamertina
080056,Palizzi,https://it.wikipedia.org/wiki/Palizzi
113012,La Maddalena,https://it.wikipedia.org/wiki/La_Maddalena_(comune)
113016,Monti,https://it.wikipedia.org/wiki/Monti_(Italia)
113018,Oschiri,https://it.wikipedia.org/wiki/Oschiri
078084,Mormanno,https://it.wikipedia.org/wiki/Mormanno
078085,Mottafollone,https://it.wikipedia.org/wiki/Mottafollone
078086,Nocara,https://it.wikipedia.org/wiki/Nocara
113019,Padru,https://it.wikipedia.org/wiki/Padru
113023,Sant'Antonio di Gallura,https://it.wikipedia.org/wiki/Sant%27Antonio_di_Gallura
113022,Santa Teresa Gallura,https://it.wikipedia.org/wiki/Santa_Teresa_Gallura
078090,Panettieri,https://it.wikipedia.org/wiki/Panettieri_(Italia)
078091,Paola,https://it.wikipedia.org/wiki/Paola_(Italia)
113024,Telti,https://it.wikipedia.org/wiki/Telti
113026,Trinità d'Agultu e Vignola,https://it.wikipedia.org/wiki/Trinit%C3%A0_d%27Agultu_e_Vignola
078092,Papasidero,https://it.wikipedia.org/wiki/Papasidero
078093,Parenti,https://it.wikipedia.org/wiki/Parenti_(Italia)
078094,Paterno Calabro,https://it.wikipedia.org/wiki/Paterno_Calabro
078096,Pedivigliano,https://it.wikipedia.org/wiki/Pedivigliano
021107,Val di Vizze,https://it.wikipedia.org/wiki/Val_di_Vizze
021109,Valle di Casies,https://it.wikipedia.org/wiki/Valle_di_Casies
113015,Luras,https://it.wikipedia.org/wiki/Luras
078099,Pietrapaola,https://it.wikipedia.org/wiki/Pietrapaola
078100,Plataci,https://it.wikipedia.org/wiki/Plataci
080059,Placanica,https://it.wikipedia.org/wiki/Placanica
080060,Platì,https://it.wikipedia.org/wiki/Plat%C3%AC
021114,Villandro,https://it.wikipedia.org/wiki/Villandro
078027,Carpanzano,https://it.wikipedia.org/wiki/Carpanzano
078101,Praia a Mare,https://it.wikipedia.org/wiki/Praia_a_Mare
078102,Rende,https://it.wikipedia.org/wiki/Rende
078088,Orsomarso,https://it.wikipedia.org/wiki/Orsomarso
078089,Paludi,https://it.wikipedia.org/wiki/Paludi
087001,Aci Bonaccorsi,https://it.wikipedia.org/wiki/Aci_Bonaccorsi
080057,Palmi,https://it.wikipedia.org/wiki/Palmi
080058,Pazzano,https://it.wikipedia.org/wiki/Pazzano
078103,Rocca Imperiale,https://it.wikipedia.org/wiki/Rocca_Imperiale
078104,Roggiano Gravina,https://it.wikipedia.org/wiki/Roggiano_Gravina
078097,Piane Crati,https://it.wikipedia.org/wiki/Piane_Crati
078098,Pietrafitta,https://it.wikipedia.org/wiki/Pietrafitta
047013,Pieve a Nievole,https://it.wikipedia.org/wiki/Pieve_a_Nievole
033018,Cortemaggiore,https://it.wikipedia.org/wiki/Cortemaggiore
087002,Aci Castello,https://it.wikipedia.org/wiki/Aci_Castello
087003,Aci Catena,https://it.wikipedia.org/wiki/Aci_Catena
080061,Polistena,https://it.wikipedia.org/wiki/Polistena
080062,Portigliola,https://it.wikipedia.org/wiki/Portigliola
080064,Riace,https://it.wikipedia.org/wiki/Riace
080065,Rizziconi,https://it.wikipedia.org/wiki/Rizziconi
087005,Aci Sant'Antonio,https://it.wikipedia.org/wiki/Aci_Sant%27Antonio
085001,Acquaviva Platani,https://it.wikipedia.org/wiki/Acquaviva_Platani
033019,Farini,https://it.wikipedia.org/wiki/Farini
047017,Quarrata,https://it.wikipedia.org/wiki/Quarrata
080066,Roccaforte del Greco,https://it.wikipedia.org/wiki/Roccaforte_del_Greco
080067,Roccella Ionica,https://it.wikipedia.org/wiki/Roccella_Ionica
047018,Sambuca Pistoiese,https://it.wikipedia.org/wiki/Sambuca_Pistoiese
047012,Pescia,https://it.wikipedia.org/wiki/Pescia
078105,Rogliano,https://it.wikipedia.org/wiki/Rogliano_(Italia)
080068,Roghudi,https://it.wikipedia.org/wiki/Roghudi
080069,Rosarno,https://it.wikipedia.org/wiki/Rosarno
033020,Ferriere,https://it.wikipedia.org/wiki/Ferriere_(Italia)
033021,Fiorenzuola d'Arda,https://it.wikipedia.org/wiki/Fiorenzuola_d%27Arda
080070,Samo,https://it.wikipedia.org/wiki/Samo_(Italia)
080097,San Ferdinando,https://it.wikipedia.org/wiki/San_Ferdinando_(Italia)
033022,Gazzola,https://it.wikipedia.org/wiki/Gazzola
033023,Gossolengo,https://it.wikipedia.org/wiki/Gossolengo
033024,Gragnano Trebbiense,https://it.wikipedia.org/wiki/Gragnano_Trebbiense
047020,Serravalle Pistoiese,https://it.wikipedia.org/wiki/Serravalle_Pistoiese
080071,San Giorgio Morgeto,https://it.wikipedia.org/wiki/San_Giorgio_Morgeto
080072,San Giovanni di Gerace,https://it.wikipedia.org/wiki/San_Giovanni_di_Gerace
033025,Gropparello,https://it.wikipedia.org/wiki/Gropparello
047021,Uzzano,https://it.wikipedia.org/wiki/Uzzano
080073,San Lorenzo,https://it.wikipedia.org/wiki/San_Lorenzo_(Italia)
080074,San Luca,https://it.wikipedia.org/wiki/San_Luca_(Italia)
080075,San Pietro di Caridà,https://it.wikipedia.org/wiki/San_Pietro_di_Carid%C3%A0
033026,Lugagnano Val d'Arda,https://it.wikipedia.org/wiki/Lugagnano_Val_d%27Arda
033027,Monticelli d’Ongina,https://it.wikipedia.org/wiki/Monticelli_d%27Ongina
033028,Morfasso,https://it.wikipedia.org/wiki/Morfasso
033030,Ottone,https://it.wikipedia.org/wiki/Ottone_(Italia)
080076,San Procopio,https://it.wikipedia.org/wiki/San_Procopio_(Italia)
080077,San Roberto,https://it.wikipedia.org/wiki/San_Roberto_(Italia)
080079,Sant'Agata del Bianco,https://it.wikipedia.org/wiki/Sant%27Agata_del_Bianco
080080,Sant'Alessio in Aspromonte,https://it.wikipedia.org/wiki/Sant%27Alessio_in_Aspromonte
080081,Sant'Eufemia d'Aspromonte,https://it.wikipedia.org/wiki/Sant%27Eufemia_d%27Aspromonte
080082,Sant'Ilario dello Ionio,https://it.wikipedia.org/wiki/Sant%27Ilario_dello_Ionio
083107,Acquedolci,https://it.wikipedia.org/wiki/Acquedolci
087006,Adrano,https://it.wikipedia.org/wiki/Adrano
033033,Pianello Val Tidone,https://it.wikipedia.org/wiki/Pianello_Val_Tidone
033034,Piozzano,https://it.wikipedia.org/wiki/Piozzano
080078,Santa Cristina d'Aspromonte,https://it.wikipedia.org/wiki/Santa_Cristina_d%27Aspromonte
080083,Santo Stefano in Aspromonte,https://it.wikipedia.org/wiki/Santo_Stefano_in_Aspromonte
080084,Scido,https://it.wikipedia.org/wiki/Scido
033035,Podenzano,https://it.wikipedia.org/wiki/Podenzano
033036,Ponte dell'Olio,https://it.wikipedia.org/wiki/Ponte_dell%27Olio
084031,Ravanusa,https://it.wikipedia.org/wiki/Ravanusa
083072,Roccalumera,https://it.wikipedia.org/wiki/Roccalumera
001316,Mappano,https://it.wikipedia.org/wiki/Mappano
051041,Pratovecchio Stia,https://it.wikipedia.org/wiki/Pratovecchio_Stia
097091,Verderio,https://it.wikipedia.org/wiki/Verderio
080085,Scilla,https://it.wikipedia.org/wiki/Scilla_(Italia)
080086,Seminara,https://it.wikipedia.org/wiki/Seminara
080087,Serrata,https://it.wikipedia.org/wiki/Serrata
080088,Siderno,https://it.wikipedia.org/wiki/Siderno
080089,Sinopoli,https://it.wikipedia.org/wiki/Sinopoli
033037,Pontenure,https://it.wikipedia.org/wiki/Pontenure
033038,Rivergaro,https://it.wikipedia.org/wiki/Rivergaro
021001,Aldino,https://it.wikipedia.org/wiki/Aldino
021002,Andriano,https://it.wikipedia.org/wiki/Andriano
080090,Staiti,https://it.wikipedia.org/wiki/Staiti
080091,Stignano,https://it.wikipedia.org/wiki/Stignano
033039,Rottofreno,https://it.wikipedia.org/wiki/Rottofreno
033040,San Giorgio Piacentino,https://it.wikipedia.org/wiki/San_Giorgio_Piacentino
080092,Stilo,https://it.wikipedia.org/wiki/Stilo_(Italia)
080093,Taurianova,https://it.wikipedia.org/wiki/Taurianova
080094,Terranova Sappo Minulio,https://it.wikipedia.org/wiki/Terranova_Sappo_Minulio
080095,Varapodio,https://it.wikipedia.org/wiki/Varapodio
071039,Pietramontecorvino,https://it.wikipedia.org/wiki/Pietramontecorvino
010040,Ne,https://it.wikipedia.org/wiki/Ne_(Italia)
013252,Tremezzina,https://it.wikipedia.org/wiki/Tremezzina
033041,San Pietro in Cerro,https://it.wikipedia.org/wiki/San_Pietro_in_Cerro
033042,Sarmato,https://it.wikipedia.org/wiki/Sarmato
102001,Acquaro,https://it.wikipedia.org/wiki/Acquaro
080096,Villa San Giovanni,https://it.wikipedia.org/wiki/Villa_San_Giovanni
033043,Travo,https://it.wikipedia.org/wiki/Travo
033044,Vernasca,https://it.wikipedia.org/wiki/Vernasca
021003,Anterivo,https://it.wikipedia.org/wiki/Anterivo
021005,Avelengo,https://it.wikipedia.org/wiki/Avelengo
102002,Arena,https://it.wikipedia.org/wiki/Arena_(Italia)
102003,Briatico,https://it.wikipedia.org/wiki/Briatico
102004,Brognaturo,https://it.wikipedia.org/wiki/Brognaturo
102005,Capistrano,https://it.wikipedia.org/wiki/Capistrano_(Italia)
050001,Bientina,https://it.wikipedia.org/wiki/Bientina
050002,Buti,https://it.wikipedia.org/wiki/Buti
102006,Cessaniti,https://it.wikipedia.org/wiki/Cessaniti
102007,Dasà,https://it.wikipedia.org/wiki/Das%C3%A0
050003,Calci,https://it.wikipedia.org/wiki/Calci
033045,Vigolzone,https://it.wikipedia.org/wiki/Vigolzone
050004,Calcinaia,https://it.wikipedia.org/wiki/Calcinaia
033046,Villanova sull'Arda,https://it.wikipedia.org/wiki/Villanova_sull%27Arda
102008,Dinami,https://it.wikipedia.org/wiki/Dinami
102009,Drapia,https://it.wikipedia.org/wiki/Drapia
050005,Capannoli,https://it.wikipedia.org/wiki/Capannoli
033047,Zerba,https://it.wikipedia.org/wiki/Zerba
021112,Verano,https://it.wikipedia.org/wiki/Verano
021007,Barbiano,https://it.wikipedia.org/wiki/Barbiano_(comune)
102010,Fabrizia,https://it.wikipedia.org/wiki/Fabrizia
102011,Filadelfia,https://it.wikipedia.org/wiki/Filadelfia_(Italia)
102012,Filandari,https://it.wikipedia.org/wiki/Filandari
102013,Filogaso,https://it.wikipedia.org/wiki/Filogaso
030188,Rivignano Teor,https://it.wikipedia.org/wiki/Rivignano_Teor
042050,Trecastelli,https://it.wikipedia.org/wiki/Trecastelli
041068,Vallefoglia,https://it.wikipedia.org/wiki/Vallefoglia
051040,Castelfranco Piandiscò,https://it.wikipedia.org/wiki/Castelfranco_Piandisc%C3%B2
021009,Braies,https://it.wikipedia.org/wiki/Braies
102014,Francavilla Angitola,https://it.wikipedia.org/wiki/Francavilla_Angitola
102015,Francica,https://it.wikipedia.org/wiki/Francica
050006,Casale Marittimo,https://it.wikipedia.org/wiki/Casale_Marittimo
033048,Ziano Piacentino,https://it.wikipedia.org/wiki/Ziano_Piacentino
050009,Castelfranco di Sotto,https://it.wikipedia.org/wiki/Castelfranco_di_Sotto
050008,Cascina,https://it.wikipedia.org/wiki/Cascina_(comune)
102016,Gerocarne,https://it.wikipedia.org/wiki/Gerocarne
102017,Jonadi,https://it.wikipedia.org/wiki/Jonadi
050010,Castellina Marittima,https://it.wikipedia.org/wiki/Castellina_Marittima
050011,Castelnuovo di Val di Cecina,https://it.wikipedia.org/wiki/Castelnuovo_di_Val_di_Cecina
021010,Brennero,https://it.wikipedia.org/wiki/Brennero
112006,Bessude,https://it.wikipedia.org/wiki/Bessude
021012,Bronzolo,https://it.wikipedia.org/wiki/Bronzolo
021014,Caines,https://it.wikipedia.org/wiki/Caines
050012,Chianni,https://it.wikipedia.org/wiki/Chianni
050014,Fauglia,https://it.wikipedia.org/wiki/Fauglia
102020,Maierato,https://it.wikipedia.org/wiki/Maierato
102021,Mileto,https://it.wikipedia.org/wiki/Mileto_(Italia)
050015,Guardistallo,https://it.wikipedia.org/wiki/Guardistallo
050016,Lajatico,https://it.wikipedia.org/wiki/Lajatico
102022,Mongiana,https://it.wikipedia.org/wiki/Mongiana
102023,Monterosso Calabro,https://it.wikipedia.org/wiki/Monterosso_Calabro
102018,Joppolo,https://it.wikipedia.org/wiki/Joppolo
102019,Limbadi,https://it.wikipedia.org/wiki/Limbadi
021017,Campo Tures,https://it.wikipedia.org/wiki/Campo_Tures
021016,Campo di Trens,https://it.wikipedia.org/wiki/Campo_di_Trens
102024,Nardodipace,https://it.wikipedia.org/wiki/Nardodipace
102025,Nicotera,https://it.wikipedia.org/wiki/Nicotera
050019,Montecatini Val di Cecina,https://it.wikipedia.org/wiki/Montecatini_Val_di_Cecina
050020,Montescudaio,https://it.wikipedia.org/wiki/Montescudaio
102026,Parghelia,https://it.wikipedia.org/wiki/Parghelia
102027,Pizzo,https://it.wikipedia.org/wiki/Pizzo_(comune)
021018,Castelbello-Ciardes,https://it.wikipedia.org/wiki/Castelbello-Ciardes
021019,Castelrotto,https://it.wikipedia.org/wiki/Castelrotto
050021,Monteverdi Marittimo,https://it.wikipedia.org/wiki/Monteverdi_Marittimo
050022,Montopoli in Val d'Arno,https://it.wikipedia.org/wiki/Montopoli_in_Val_d%27Arno
102028,Pizzoni,https://it.wikipedia.org/wiki/Pizzoni
102029,Polia,https://it.wikipedia.org/wiki/Polia
050023,Orciano Pisano,https://it.wikipedia.org/wiki/Orciano_Pisano
050024,Palaia,https://it.wikipedia.org/wiki/Palaia
021020,Cermes,https://it.wikipedia.org/wiki/Cermes
021021,Chienes,https://it.wikipedia.org/wiki/Chienes
102030,Ricadi,https://it.wikipedia.org/wiki/Ricadi
102031,Rombiolo,https://it.wikipedia.org/wiki/Rombiolo
102032,San Calogero,https://it.wikipedia.org/wiki/San_Calogero_(Italia)
102033,San Costantino Calabro,https://it.wikipedia.org/wiki/San_Costantino_Calabro
046036,Fabbriche di Vergemoli,https://it.wikipedia.org/wiki/Fabbriche_di_Vergemoli
048052,Figline e Incisa Valdarno,https://it.wikipedia.org/wiki/Figline_e_Incisa_Valdarno
048053,Scarperia e San Piero,https://it.wikipedia.org/wiki/Scarperia_e_San_Piero
034049,Sissa Trecasali,https://it.wikipedia.org/wiki/Sissa_Trecasali
050025,Peccioli,https://it.wikipedia.org/wiki/Peccioli
021022,Chiusa,https://it.wikipedia.org/wiki/Chiusa_(Italia)
021023,Cornedo all’Isarco,https://it.wikipedia.org/wiki/Cornedo_all%27Isarco
050027,Pomarance,https://it.wikipedia.org/wiki/Pomarance
050028,Ponsacco,https://it.wikipedia.org/wiki/Ponsacco
013251,Colverde,https://it.wikipedia.org/wiki/Colverde
020071,Borgo Virgilio,https://it.wikipedia.org/wiki/Borgo_Virgilio
018191,Cornale e Bastida,https://it.wikipedia.org/wiki/Cornale_e_Bastida
012142,Maccagno con Pino e Veddasca,https://it.wikipedia.org/wiki/Maccagno_con_Pino_e_Veddasca
016253,Val Brembilla,https://it.wikipedia.org/wiki/Val_Brembilla_(comune)
021004,Appiano sulla Strada del Vino,https://it.wikipedia.org/wiki/Appiano_sulla_Strada_del_Vino
089014,Pachino,https://it.wikipedia.org/wiki/Pachino
078087,Oriolo,https://it.wikipedia.org/wiki/Oriolo
022230,Predaia,https://it.wikipedia.org/wiki/Predaia
046037,Sillano Giuncugnano,https://it.wikipedia.org/wiki/Sillano_Giuncugnano
050029,Pontedera,https://it.wikipedia.org/wiki/Pontedera
050030,Riparbella,https://it.wikipedia.org/wiki/Riparbella
011017,Levanto,https://it.wikipedia.org/wiki/Levanto
021061,Ortisei,https://it.wikipedia.org/wiki/Ortisei
021086,Sarentino,https://it.wikipedia.org/wiki/Sarentino
083062,Novara di Sicilia,https://it.wikipedia.org/wiki/Novara_di_Sicilia
021025,Cortina sulla Strada del Vino,https://it.wikipedia.org/wiki/Cortina_sulla_Strada_del_Vino
022231,San Lorenzo Dorsino,https://it.wikipedia.org/wiki/San_Lorenzo_Dorsino
022232,Valdaone,https://it.wikipedia.org/wiki/Valdaone
093053,Valvasone Arzene,https://it.wikipedia.org/wiki/Valvasone_Arzene
097092,La Valletta Brianza,https://it.wikipedia.org/wiki/La_Valletta_Brianza
022245,Primiero San Martino di Castrozza,https://it.wikipedia.org/wiki/Primiero_San_Martino_di_Castrozza
050031,San Giuliano Terme,https://it.wikipedia.org/wiki/San_Giuliano_Terme
050032,San Miniato,https://it.wikipedia.org/wiki/San_Miniato
050033,Santa Croce sull'Arno,https://it.wikipedia.org/wiki/Santa_Croce_sull%27Arno
021092,Sesto,https://it.wikipedia.org/wiki/Sesto_(comune)
021013,Brunico,https://it.wikipedia.org/wiki/Brunico
022246,Sella Giudicarie,https://it.wikipedia.org/wiki/Sella_Giudicarie
099029,Montescudo-Monte Colombo,https://it.wikipedia.org/wiki/Montescudo-Monte_Colombo
034050,Polesine Zibello,https://it.wikipedia.org/wiki/Polesine_Zibello
018192,Corteolona e Genzone,https://it.wikipedia.org/wiki/Corteolona_e_Genzone
022233,Dimaro Folgarida,https://it.wikipedia.org/wiki/Dimaro_Folgarida
022029,Caderzone Terme,https://it.wikipedia.org/wiki/Caderzone_Terme
022032,Calceranica al Lago,https://it.wikipedia.org/wiki/Calceranica_al_Lago
050034,Santa Luce,https://it.wikipedia.org/wiki/Santa_Luce
050035,Santa Maria a Monte,https://it.wikipedia.org/wiki/Santa_Maria_a_Monte
021026,Corvara in Badia,https://it.wikipedia.org/wiki/Corvara_in_Badia
022236,Altopiano della Vigolana,https://it.wikipedia.org/wiki/Altopiano_della_Vigolana
022237,Amblar-Don,https://it.wikipedia.org/wiki/Amblar-Don
022238,Borgo Chiese,https://it.wikipedia.org/wiki/Borgo_Chiese
103078,Borgomezzavalle,https://it.wikipedia.org/wiki/Borgomezzavalle
022240,Castel Ivano,https://it.wikipedia.org/wiki/Castel_Ivano_(comune)
022033,Caldes,https://it.wikipedia.org/wiki/Caldes
022034,Caldonazzo,https://it.wikipedia.org/wiki/Caldonazzo
021027,Curon Venosta,https://it.wikipedia.org/wiki/Curon_Venosta
021028,Dobbiaco,https://it.wikipedia.org/wiki/Dobbiaco
050036,Terricciola,https://it.wikipedia.org/wiki/Terricciola
050037,Vecchiano,https://it.wikipedia.org/wiki/Vecchiano
050038,Vicopisano,https://it.wikipedia.org/wiki/Vicopisano
050039,Volterra,https://it.wikipedia.org/wiki/Volterra
021029,Egna,https://it.wikipedia.org/wiki/Egna
021030,Falzes,https://it.wikipedia.org/wiki/Falzes
022243,Madruzzo,https://it.wikipedia.org/wiki/Madruzzo_(Italia)
022244,Porte di Rendena,https://it.wikipedia.org/wiki/Porte_di_Rendena
022247,Tre Ville,https://it.wikipedia.org/wiki/Tre_Ville
022248,Vallelaghi,https://it.wikipedia.org/wiki/Vallelaghi
022249,Ville d'Anaunia,https://it.wikipedia.org/wiki/Ville_d%27Anaunia
022035,Calliano,https://it.wikipedia.org/wiki/Calliano_(Trentino-Alto_Adige)
022036,Campitello di Fassa,https://it.wikipedia.org/wiki/Campitello_di_Fassa
021031,Fiè allo Sciliar,https://it.wikipedia.org/wiki/Fi%C3%A8_allo_Sciliar
021032,Fortezza,https://it.wikipedia.org/wiki/Fortezza_(Italia)
022235,Altavalle,https://it.wikipedia.org/wiki/Altavalle
022239,Borgo Lares,https://it.wikipedia.org/wiki/Borgo_Lares
022241,Cembra Lisignago,https://it.wikipedia.org/wiki/Cembra_Lisignago
022242,Contà,https://it.wikipedia.org/wiki/Cont%C3%A0
022234,Pieve di Bono-Prezzo,https://it.wikipedia.org/wiki/Pieve_di_Bono-Prezzo
017001,Acquafredda,https://it.wikipedia.org/wiki/Acquafredda
022037,Campodenno,https://it.wikipedia.org/wiki/Campodenno
022038,Canal San Bovo,https://it.wikipedia.org/wiki/Canal_San_Bovo
017002,Adro,https://it.wikipedia.org/wiki/Adro
017003,Agnosine,https://it.wikipedia.org/wiki/Agnosine
115002,Aidomaggiore,https://it.wikipedia.org/wiki/Aidomaggiore
090061,Romana,https://it.wikipedia.org/wiki/Romana_(Italia)
047024,San Marcello Piteglio,https://it.wikipedia.org/wiki/San_Marcello_Piteglio
025072,Alpago,https://it.wikipedia.org/wiki/Alpago_(comune)
025073,Val di Zoldo,https://it.wikipedia.org/wiki/Val_di_Zoldo_(comune)
008068,Montalto Carpasio,https://it.wikipedia.org/wiki/Montalto_Carpasio
047023,Abetone Cutigliano,https://it.wikipedia.org/wiki/Abetone_Cutigliano
022039,Canazei,https://it.wikipedia.org/wiki/Canazei
022040,Capriana,https://it.wikipedia.org/wiki/Capriana
115003,Albagiara,https://it.wikipedia.org/wiki/Albagiara
115004,Ales,https://it.wikipedia.org/wiki/Ales
095005,Allai,https://it.wikipedia.org/wiki/Allai
017004,Alfianello,https://it.wikipedia.org/wiki/Alfianello
017005,Anfo,https://it.wikipedia.org/wiki/Anfo
095006,Arborea,https://it.wikipedia.org/wiki/Arborea_(Italia)
017006,Angolo Terme,https://it.wikipedia.org/wiki/Angolo_Terme
017007,Artogne,https://it.wikipedia.org/wiki/Artogne
095007,Ardauli,https://it.wikipedia.org/wiki/Ardauli
095008,Assolo,https://it.wikipedia.org/wiki/Assolo_(Italia)
038028,Terre del Reno,https://it.wikipedia.org/wiki/Terre_del_Reno
013253,Alta Valle Intelvi,https://it.wikipedia.org/wiki/Alta_Valle_Intelvi
043058,Valfornace,https://it.wikipedia.org/wiki/Valfornace
024123,Val Liona,https://it.wikipedia.org/wiki/Val_Liona
020061,Sermide e Felonica,https://it.wikipedia.org/wiki/Sermide_e_Felonica
017008,Azzano Mella,https://it.wikipedia.org/wiki/Azzano_Mella
017009,Bagnolo Mella,https://it.wikipedia.org/wiki/Bagnolo_Mella
021076,Salorno sulla Strada del Vino,https://it.wikipedia.org/wiki/Salorno_sulla_Strada_del_Vino
082038,Giardinello,https://it.wikipedia.org/wiki/Giardinello
021057,Naz-Sciaves,https://it.wikipedia.org/wiki/Naz-Sciaves
008014,Castellaro,https://it.wikipedia.org/wiki/Castellaro_(Italia)
095009,Asuni,https://it.wikipedia.org/wiki/Asuni
095010,Baradili,https://it.wikipedia.org/wiki/Baradili
095011,Baratili San Pietro,https://it.wikipedia.org/wiki/Baratili_San_Pietro
078156,Casali del Manco,https://it.wikipedia.org/wiki/Casali_del_Manco
098062,Castelgerundo,https://it.wikipedia.org/wiki/Castelgerundo
006192,Alluvioni Piovera,https://it.wikipedia.org/wiki/Alluvioni_Piovera
049021,Rio,https://it.wikipedia.org/wiki/Rio_(Italia)
022250,San Giovanni di Fassa,https://it.wikipedia.org/wiki/San_Giovanni_di_Fassa
097093,Valvarrone,https://it.wikipedia.org/wiki/Valvarrone_(Italia)
095012,Baressa,https://it.wikipedia.org/wiki/Baressa
095013,Bauladu,https://it.wikipedia.org/wiki/Bauladu
022042,Carisolo,https://it.wikipedia.org/wiki/Carisolo
021033,Funes,https://it.wikipedia.org/wiki/Funes_(Italia)
021115,Vipiteno,https://it.wikipedia.org/wiki/Vipiteno
020072,Borgo Mantovano,https://it.wikipedia.org/wiki/Borgo_Mantovano
033049,Alta Val Tidone,https://it.wikipedia.org/wiki/Alta_Val_Tidone
002170,Alto Sermenza,https://it.wikipedia.org/wiki/Alto_Sermenza
013254,Centro Valle Intelvi,https://it.wikipedia.org/wiki/Centro_Valle_Intelvi
051042,Laterina Pergine Valdarno,https://it.wikipedia.org/wiki/Laterina_Pergine_Valdarno
017010,Bagolino,https://it.wikipedia.org/wiki/Bagolino
017011,Barbariga,https://it.wikipedia.org/wiki/Barbariga
095015,Bonarcado,https://it.wikipedia.org/wiki/Bonarcado
094017,Colli a Volturno,https://it.wikipedia.org/wiki/Colli_a_Volturno
021056,Naturno,https://it.wikipedia.org/wiki/Naturno
017012,Barghe,https://it.wikipedia.org/wiki/Barghe
017013,Bassano Bresciano,https://it.wikipedia.org/wiki/Bassano_Bresciano
095016,Boroneddu,https://it.wikipedia.org/wiki/Boroneddu
095079,Bosa,https://it.wikipedia.org/wiki/Bosa
017014,Bedizzole,https://it.wikipedia.org/wiki/Bedizzole
017015,Berlingo,https://it.wikipedia.org/wiki/Berlingo
008001,Airole,https://it.wikipedia.org/wiki/Airole
021024,Cortaccia sulla Strada del Vino,https://it.wikipedia.org/wiki/Cortaccia_sulla_Strada_del_Vino
095017,Busachi,https://it.wikipedia.org/wiki/Busachi
017016,Berzo Demo,https://it.wikipedia.org/wiki/Berzo_Demo
017017,Berzo Inferiore,https://it.wikipedia.org/wiki/Berzo_Inferiore
095018,Cabras,https://it.wikipedia.org/wiki/Cabras
095019,Cuglieri,https://it.wikipedia.org/wiki/Cuglieri
002171,Cellio con Breia,https://it.wikipedia.org/wiki/Cellio_con_Breia
030190,Fiumicello Villa Vicentina,https://it.wikipedia.org/wiki/Fiumicello_Villa_Vicentina
030191,Treppo Ligosullo,https://it.wikipedia.org/wiki/Treppo_Ligosullo
078157,Corigliano-Rossano,https://it.wikipedia.org/wiki/Corigliano-Rossano
022043,Carzano,https://it.wikipedia.org/wiki/Carzano
022045,Castel Condino,https://it.wikipedia.org/wiki/Castel_Condino
070050,Palata,https://it.wikipedia.org/wiki/Palata
070051,Petacciato,https://it.wikipedia.org/wiki/Petacciato
095077,Curcuris,https://it.wikipedia.org/wiki/Curcuris
022048,Castello Tesino,https://it.wikipedia.org/wiki/Castello_Tesino
083026,Frazzanò,https://it.wikipedia.org/wiki/Frazzan%C3%B2
017018,Bienno,https://it.wikipedia.org/wiki/Bienno
017019,Bione,https://it.wikipedia.org/wiki/Bione_(Italia)
017020,Borgo San Giacomo,https://it.wikipedia.org/wiki/Borgo_San_Giacomo
017021,Borgosatollo,https://it.wikipedia.org/wiki/Borgosatollo
022049,Castelnuovo,https://it.wikipedia.org/wiki/Castelnuovo_(Trentino-Alto_Adige)
082060,Prizzi,https://it.wikipedia.org/wiki/Prizzi
017022,Borno,https://it.wikipedia.org/wiki/Borno
022051,Cavareno,https://it.wikipedia.org/wiki/Cavareno
022052,Cavedago,https://it.wikipedia.org/wiki/Cavedago
095080,Flussio,https://it.wikipedia.org/wiki/Flussio
095020,Fordongianus,https://it.wikipedia.org/wiki/Fordongianus
017023,Botticino,https://it.wikipedia.org/wiki/Botticino
017024,Bovegno,https://it.wikipedia.org/wiki/Bovegno
070055,Portocannone,https://it.wikipedia.org/wiki/Portocannone
070056,Provvidenti,https://it.wikipedia.org/wiki/Provvidenti
070057,Riccia,https://it.wikipedia.org/wiki/Riccia
070059,Ripalimosani,https://it.wikipedia.org/wiki/Ripalimosani
010001,Arenzano,https://it.wikipedia.org/wiki/Arenzano
022050,Cavalese,https://it.wikipedia.org/wiki/Cavalese
017025,Bovezzo,https://it.wikipedia.org/wiki/Bovezzo
017026,Brandico,https://it.wikipedia.org/wiki/Brandico
010017,Cogoleto,https://it.wikipedia.org/wiki/Cogoleto
010033,Mele,https://it.wikipedia.org/wiki/Mele_(Italia)
111023,Genoni,https://it.wikipedia.org/wiki/Genoni
070060,Roccavivara,https://it.wikipedia.org/wiki/Roccavivara
070061,Rotello,https://it.wikipedia.org/wiki/Rotello
017027,Braone,https://it.wikipedia.org/wiki/Braone
017028,Breno,https://it.wikipedia.org/wiki/Breno_(Italia)
095021,Ghilarza,https://it.wikipedia.org/wiki/Ghilarza
095022,Gonnoscodina,https://it.wikipedia.org/wiki/Gonnoscodina
070062,Salcito,https://it.wikipedia.org/wiki/Salcito
070063,San Biase,https://it.wikipedia.org/wiki/San_Biase
010008,Campo Ligure,https://it.wikipedia.org/wiki/Campo_Ligure
010032,Masone,https://it.wikipedia.org/wiki/Masone
070052,Petrella Tifernina,https://it.wikipedia.org/wiki/Petrella_Tifernina
070054,Pietracupa,https://it.wikipedia.org/wiki/Pietracupa
017030,Brione,https://it.wikipedia.org/wiki/Brione_(comune)
017031,Caino,https://it.wikipedia.org/wiki/Caino_(Italia)
070064,San Felice del Molise,https://it.wikipedia.org/wiki/San_Felice_del_Molise
070065,San Giacomo degli Schiavoni,https://it.wikipedia.org/wiki/San_Giacomo_degli_Schiavoni
095082,Laconi,https://it.wikipedia.org/wiki/Laconi
070067,San Giuliano del Sannio,https://it.wikipedia.org/wiki/San_Giuliano_del_Sannio
070068,San Giuliano di Puglia,https://it.wikipedia.org/wiki/San_Giuliano_di_Puglia
034014,Fidenza,https://it.wikipedia.org/wiki/Fidenza
034015,Fontanellato,https://it.wikipedia.org/wiki/Fontanellato
034016,Fontevivo,https://it.wikipedia.org/wiki/Fontevivo
034017,Fornovo di Taro,https://it.wikipedia.org/wiki/Fornovo_di_Taro
095083,Magomadas,https://it.wikipedia.org/wiki/Magomadas
095025,Marrubiu,https://it.wikipedia.org/wiki/Marrubiu
010014,Ceranesi,https://it.wikipedia.org/wiki/Ceranesi
010035,Mignanego,https://it.wikipedia.org/wiki/Mignanego
095026,Masullas,https://it.wikipedia.org/wiki/Masullas
070069,San Martino in Pensilis,https://it.wikipedia.org/wiki/San_Martino_in_Pensilis
070070,San Massimo,https://it.wikipedia.org/wiki/San_Massimo_(Italia)
010006,Busalla,https://it.wikipedia.org/wiki/Busalla
010058,Serra Riccò,https://it.wikipedia.org/wiki/Serra_Ricc%C3%B2
070071,San Polo Matese,https://it.wikipedia.org/wiki/San_Polo_Matese
070073,Sant'Angelo Limosano,https://it.wikipedia.org/wiki/Sant%27Angelo_Limosano
010051,Rossiglione,https://it.wikipedia.org/wiki/Rossiglione_(Italia)
010009,Campomorone,https://it.wikipedia.org/wiki/Campomorone
034020,Medesano,https://it.wikipedia.org/wiki/Medesano
034022,Monchio delle Corti,https://it.wikipedia.org/wiki/Monchio_delle_Corti
095023,Gonnosnò,https://it.wikipedia.org/wiki/Gonnosn%C3%B2
095024,Gonnostramatza,https://it.wikipedia.org/wiki/Gonnostramatza
017032,Calcinato,https://it.wikipedia.org/wiki/Calcinato
017033,Calvagese della Riviera,https://it.wikipedia.org/wiki/Calvagese_della_Riviera
095027,Milis,https://it.wikipedia.org/wiki/Milis
095084,Modolo,https://it.wikipedia.org/wiki/Modolo
010027,Isola del Cantone,https://it.wikipedia.org/wiki/Isola_del_Cantone
010039,Montoggio,https://it.wikipedia.org/wiki/Montoggio
034023,Montechiarugolo,https://it.wikipedia.org/wiki/Montechiarugolo
034024,Neviano degli Arduini,https://it.wikipedia.org/wiki/Neviano_degli_Arduini
034018,Langhirano,https://it.wikipedia.org/wiki/Langhirano
034019,Lesignano de' Bagni,https://it.wikipedia.org/wiki/Lesignano_de%27_Bagni
082037,Geraci Siculo,https://it.wikipedia.org/wiki/Geraci_Siculo
095028,Mogorella,https://it.wikipedia.org/wiki/Mogorella
070076,Spinete,https://it.wikipedia.org/wiki/Spinete
070077,Tavenna,https://it.wikipedia.org/wiki/Tavenna
070072,Santa Croce di Magliano,https://it.wikipedia.org/wiki/Santa_Croce_di_Magliano
070075,Sepino,https://it.wikipedia.org/wiki/Sepino
034025,Noceto,https://it.wikipedia.org/wiki/Noceto
034026,Palanzano,https://it.wikipedia.org/wiki/Palanzano
010012,Casella,https://it.wikipedia.org/wiki/Casella_(Italia)
010020,Crocefieschi,https://it.wikipedia.org/wiki/Crocefieschi
095029,Mogoro,https://it.wikipedia.org/wiki/Mogoro
010049,Ronco Scrivia,https://it.wikipedia.org/wiki/Ronco_Scrivia
095085,Montresta,https://it.wikipedia.org/wiki/Montresta
095030,Morgongiori,https://it.wikipedia.org/wiki/Morgongiori
070079,Torella del Sannio,https://it.wikipedia.org/wiki/Torella_del_Sannio
070084,Vinchiaturo,https://it.wikipedia.org/wiki/Vinchiaturo
034028,Pellegrino Parmense,https://it.wikipedia.org/wiki/Pellegrino_Parmense
034030,Roccabianca,https://it.wikipedia.org/wiki/Roccabianca
022053,Cavedine,https://it.wikipedia.org/wiki/Cavedine
010057,Savignone,https://it.wikipedia.org/wiki/Savignone
070080,Toro,https://it.wikipedia.org/wiki/Toro_(Italia)
070081,Trivento,https://it.wikipedia.org/wiki/Trivento
095031,Narbolia,https://it.wikipedia.org/wiki/Narbolia
034031,Sala Baganza,https://it.wikipedia.org/wiki/Sala_Baganza
034032,Salsomaggiore Terme,https://it.wikipedia.org/wiki/Salsomaggiore_Terme
034033,San Secondo Parmense,https://it.wikipedia.org/wiki/San_Secondo_Parmense
034035,Solignano,https://it.wikipedia.org/wiki/Solignano
010065,Valbrevenna,https://it.wikipedia.org/wiki/Valbrevenna
010066,Vobbia,https://it.wikipedia.org/wiki/Vobbia
095032,Neoneli,https://it.wikipedia.org/wiki/Neoneli
095033,Norbello,https://it.wikipedia.org/wiki/Norbello
034036,Soragna,https://it.wikipedia.org/wiki/Soragna
034038,Terenzo,https://it.wikipedia.org/wiki/Terenzo
070082,Tufara,https://it.wikipedia.org/wiki/Tufara
070083,Ururi,https://it.wikipedia.org/wiki/Ururi
010061,Tiglieto,https://it.wikipedia.org/wiki/Tiglieto
010003,Bargagli,https://it.wikipedia.org/wiki/Bargagli
034039,Tizzano Val Parma,https://it.wikipedia.org/wiki/Tizzano_Val_Parma
034040,Tornolo,https://it.wikipedia.org/wiki/Tornolo
095034,Nughedu Santa Vittoria,https://it.wikipedia.org/wiki/Nughedu_Santa_Vittoria
095035,Nurachi,https://it.wikipedia.org/wiki/Nurachi
010021,Davagna,https://it.wikipedia.org/wiki/Davagna
010022,Fascia,https://it.wikipedia.org/wiki/Fascia_(Italia)
034041,Torrile,https://it.wikipedia.org/wiki/Torrile
034042,Traversetolo,https://it.wikipedia.org/wiki/Traversetolo
117022,Tuili,https://it.wikipedia.org/wiki/Tuili
094001,Acquaviva d'Isernia,https://it.wikipedia.org/wiki/Acquaviva_d%27Isernia
034044,Valmozzola,https://it.wikipedia.org/wiki/Valmozzola
034045,Varano de' Melegari,https://it.wikipedia.org/wiki/Varano_de%27_Melegari
010024,Fontanigorda,https://it.wikipedia.org/wiki/Fontanigorda
010026,Gorreto,https://it.wikipedia.org/wiki/Gorreto
095036,Nureci,https://it.wikipedia.org/wiki/Nureci
010038,Montebruno,https://it.wikipedia.org/wiki/Montebruno
010045,Propata,https://it.wikipedia.org/wiki/Propata
094003,Bagnoli del Trigno,https://it.wikipedia.org/wiki/Bagnoli_del_Trigno
094004,Belmonte del Sannio,https://it.wikipedia.org/wiki/Belmonte_del_Sannio
094005,Cantalupo nel Sannio,https://it.wikipedia.org/wiki/Cantalupo_nel_Sannio
094006,Capracotta,https://it.wikipedia.org/wiki/Capracotta
034046,Varsi,https://it.wikipedia.org/wiki/Varsi
016091,Dalmine,https://it.wikipedia.org/wiki/Dalmine
095037,Ollastra,https://it.wikipedia.org/wiki/Ollastra
095039,Palmas Arborea,https://it.wikipedia.org/wiki/Palmas_Arborea
094007,Carovilli,https://it.wikipedia.org/wiki/Carovilli
094008,Carpinone,https://it.wikipedia.org/wiki/Carpinone
016092,Dossena,https://it.wikipedia.org/wiki/Dossena_(Italia)
016093,Endine Gaiano,https://it.wikipedia.org/wiki/Endine_Gaiano
095040,Pau,https://it.wikipedia.org/wiki/Pau_(Italia)
021015,Caldaro sulla Strada del Vino,https://it.wikipedia.org/wiki/Caldaro_sulla_Strada_del_Vino
094012,Castel San Vincenzo,https://it.wikipedia.org/wiki/Castel_San_Vincenzo
022054,Cavizzana,https://it.wikipedia.org/wiki/Cavizzana
010050,Rondanina,https://it.wikipedia.org/wiki/Rondanina
016094,Entratico,https://it.wikipedia.org/wiki/Entratico
016096,Fara Gera d'Adda,https://it.wikipedia.org/wiki/Fara_Gera_d%27Adda
094009,Castel del Giudice,https://it.wikipedia.org/wiki/Castel_del_Giudice
094010,Castelpetroso,https://it.wikipedia.org/wiki/Castelpetroso
016097,Fara Olivana con Sola,https://it.wikipedia.org/wiki/Fara_Olivana_con_Sola
016098,Filago,https://it.wikipedia.org/wiki/Filago_(Italia)
095041,Paulilatino,https://it.wikipedia.org/wiki/Paulilatino
095042,Pompu,https://it.wikipedia.org/wiki/Pompu
010052,Rovegno,https://it.wikipedia.org/wiki/Rovegno
010062,Torriglia,https://it.wikipedia.org/wiki/Torriglia
016099,Fino del Monte,https://it.wikipedia.org/wiki/Fino_del_Monte
016100,Fiorano al Serio,https://it.wikipedia.org/wiki/Fiorano_al_Serio
010002,Avegno,https://it.wikipedia.org/wiki/Avegno
010004,Bogliasco,https://it.wikipedia.org/wiki/Bogliasco
083044,Malvagna,https://it.wikipedia.org/wiki/Malvagna
115051,Ruinas,https://it.wikipedia.org/wiki/Ruinas
016101,Fontanella,https://it.wikipedia.org/wiki/Fontanella_(Italia)
016102,Fonteno,https://it.wikipedia.org/wiki/Fonteno
010007,Camogli,https://it.wikipedia.org/wiki/Camogli
010043,Pieve Ligure,https://it.wikipedia.org/wiki/Pieve_Ligure
115053,Samugheo,https://it.wikipedia.org/wiki/Samugheo
016103,Foppolo,https://it.wikipedia.org/wiki/Foppolo
016105,Fornovo San Giovanni,https://it.wikipedia.org/wiki/Fornovo_San_Giovanni
010047,Recco,https://it.wikipedia.org/wiki/Recco
010060,Sori,https://it.wikipedia.org/wiki/Sori
095046,San Nicolò d'Arcidano,https://it.wikipedia.org/wiki/San_Nicol%C3SPARQL-QUERY: queryStr=SELECT ?codice ?comuneLabel ?art WHERE { ?comune wdt:P31 wd:Q747074; wdt:P635 ?codice. ?art schema:about ?comune; schema:isPartOf <https://it.wikipedia.org/>. SERVICE wikibase:label { bd:serviceParam wikibase:language "it". } }
java.util.concurrent.TimeoutException
	at java.util.concurrent.FutureTask.get(FutureTask.java:205)
	at com.bigdata.rdf.sail.webapp.BigdataServlet.submitApiTask(BigdataServlet.java:292)
	at com.bigdata.rdf.sail.webapp.QueryServlet.doSparqlQuery(QueryServlet.java:678)
	at com.bigdata.rdf.sail.webapp.QueryServlet.doGet(QueryServlet.java:290)
	at com.bigdata.rdf.sail.webapp.RESTServlet.doGet(RESTServlet.java:240)
	at com.bigdata.rdf.sail.webapp.MultiTenancyServlet.doGet(MultiTenancyServlet.java:273)
	at javax.servlet.http.HttpServlet.service(HttpServlet.java:687)
	at javax.servlet.http.HttpServlet.service(HttpServlet.java:790)
	at org.eclipse.jetty.servlet.ServletHolder.handle(ServletHolder.java:865)
	at org.eclipse.jetty.servlet.ServletHandler$CachedChain.doFilter(ServletHandler.java:1655)
	at org.wikidata.query.rdf.blazegraph.throttling.ThrottlingFilter.doFilter(ThrottlingFilter.java:339)
	at org.eclipse.jetty.servlet.ServletHandler$CachedChain.doFilter(ServletHandler.java:1642)
	at org.wikidata.query.rdf.blazegraph.throttling.SystemOverloadFilter.doFilter(SystemOverloadFilter.java:84)
	at org.eclipse.jetty.servlet.ServletHandler$CachedChain.doFilter(ServletHandler.java:1642)
	at ch.qos.logback.classic.helpers.MDCInsertingServletFilter.doFilter(MDCInsertingServletFilter.java:50)
	at org.eclipse.jetty.servlet.ServletHandler$CachedChain.doFilter(ServletHandler.java:1642)
	at org.wikidata.query.rdf.blazegraph.filters.QueryEventSenderFilter.doFilter(QueryEventSenderFilter.java:126)
	at org.eclipse.jetty.servlet.ServletHandler$CachedChain.doFilter(ServletHandler.java:1642)
	at org.wikidata.query.rdf.blazegraph.filters.ClientIPFilter.doFilter(ClientIPFilter.java:43)
	at org.eclipse.jetty.servlet.ServletHandler$CachedChain.doFilter(ServletHandler.java:1642)
	at org.wikidata.query.rdf.blazegraph.filters.JWTIdentityFilter.doFilter(JWTIdentityFilter.java:66)
	at org.eclipse.jetty.servlet.ServletHandler$CachedChain.doFilter(ServletHandler.java:1642)
	at org.wikidata.query.rdf.blazegraph.filters.RealAgentFilter.doFilter(RealAgentFilter.java:33)
	at org.eclipse.jetty.servlet.ServletHandler$CachedChain.doFilter(ServletHandler.java:1642)
	at org.wikidata.query.rdf.blazegraph.filters.RequestConcurrencyFilter.doFilter(RequestConcurrencyFilter.java:50)
	at org.eclipse.jetty.servlet.ServletHandler$CachedChain.doFilter(ServletHandler.java:1634)
	at org.eclipse.jetty.servlet.ServletHandler.doHandle(ServletHandler.java:533)
	at org.eclipse.jetty.server.handler.ScopedHandler.handle(ScopedHandler.java:146)
	at org.eclipse.jetty.security.SecurityHandler.handle(SecurityHandler.java:548)
	at org.eclipse.jetty.server.handler.HandlerWrapper.handle(HandlerWrapper.java:132)
	at org.eclipse.jetty.server.handler.ScopedHandler.nextHandle(ScopedHandler.java:257)
	at org.eclipse.jetty.server.session.SessionHandler.doHandle(SessionHandler.java:1595)
	at org.eclipse.jetty.server.handler.ScopedHandler.nextHandle(ScopedHandler.java:255)
	at org.eclipse.jetty.server.handler.ContextHandler.doHandle(ContextHandler.java:1340)
	at org.eclipse.jetty.server.handler.ScopedHandler.nextScope(ScopedHandler.java:203)
	at org.eclipse.jetty.servlet.ServletHandler.doScope(ServletHandler.java:473)
	at org.eclipse.jetty.server.session.SessionHandler.doScope(SessionHandler.java:1564)
	at org.eclipse.jetty.server.handler.ScopedHandler.nextScope(ScopedHandler.java:201)
	at org.eclipse.jetty.server.handler.ContextHandler.doScope(ContextHandler.java:1242)
	at org.eclipse.jetty.server.handler.ScopedHandler.handle(ScopedHandler.java:144)
	at org.eclipse.jetty.server.handler.ContextHandlerCollection.handle(ContextHandlerCollection.java:220)
	at org.eclipse.jetty.server.handler.HandlerCollection.handle(HandlerCollection.java:126)
	at org.eclipse.jetty.server.handler.HandlerWrapper.handle(HandlerWrapper.java:132)
	at org.eclipse.jetty.server.Server.handle(Server.java:503)
	at org.eclipse.jetty.server.HttpChannel.handle(HttpChannel.java:364)
	at org.eclipse.jetty.server.HttpConnection.onFillable(HttpConnection.java:260)
	at org.eclipse.jetty.io.AbstractConnection$ReadCallback.succeeded(AbstractConnection.java:305)
	at org.eclipse.jetty.io.FillInterest.fillable(FillInterest.java:103)
	at org.eclipse.jetty.io.ChannelEndPoint$2.run(ChannelEndPoint.java:118)
	at org.eclipse.jetty.util.thread.strategy.EatWhatYouKill.runTask(EatWhatYouKill.java:333)
	at org.eclipse.jetty.util.thread.strategy.EatWhatYouKill.doProduce(EatWhatYouKill.java:310)
	at org.eclipse.jetty.util.thread.strategy.EatWhatYouKill.tryProduce(EatWhatYouKill.java:168)
	at org.eclipse.jetty.util.thread.strategy.EatWhatYouKill.run(EatWhatYouKill.java:126)
	at org.eclipse.jetty.util.thread.ReservedThreadExecutor$ReservedThread.run(ReservedThreadExecutor.java:366)
	at org.eclipse.jetty.util.thread.QueuedThreadPool.runJob(QueuedThreadPool.java:765)
	at org.eclipse.jetty.util.thread.QueuedThreadPool$2.run(QueuedThreadPool.java:683)
	at java.lang.Thread.run(Thread.java:750)
